-- Fixed UTF-8 SQL mock dataset for USTP-like system (emails nullable for students)
-- Generated: 2025-10-12 12:00:00
SET FOREIGN_KEY_CHECKS=0;
DROP TABLE IF EXISTS appointment_log;
DROP TABLE IF EXISTS messages;
DROP TABLE IF EXISTS conversations;
DROP TABLE IF EXISTS alert;
DROP TABLE IF EXISTS user_activities;
DROP TABLE IF EXISTS resource_log;
DROP TABLE IF EXISTS notification;
DROP TABLE IF EXISTS checkin_sentiment;
DROP TABLE IF EXISTS emotional_checkin;
DROP TABLE IF EXISTS journal_sentiment;
DROP TABLE IF EXISTS journal;
DROP TABLE IF EXISTS counselor_profile;
DROP TABLE IF EXISTS user;

-- CREATE TABLES (email nullable to allow students with NULL emails)
-- USER
CREATE TABLE user (
    user_id INT PRIMARY KEY AUTO_INCREMENT,
    email VARCHAR(100) UNIQUE DEFAULT NULL,
    name VARCHAR(100),
    role ENUM('student', 'counselor') NOT NULL,
    nickname VARCHAR(50),
    last_login DATETIME,
    is_active BOOLEAN DEFAULT TRUE,
    created_at DATETIME DEFAULT CURRENT_TIMESTAMP
);
-- COUNSELOR PROFILE
CREATE TABLE counselor_profile (
    user_id INT PRIMARY KEY,
    password VARCHAR(100),
    department VARCHAR(100),
    contact_number VARCHAR(20),
    availability VARCHAR(100),
    year_experience INT,
    created_at DATETIME DEFAULT CURRENT_TIMESTAMP,
    FOREIGN KEY (user_id) REFERENCES user(user_id)
);
-- JOURNAL
CREATE TABLE journal (
    journal_id INT PRIMARY KEY AUTO_INCREMENT,
    user_id INT,
    content TEXT,
    deleted_at DATETIME NULL,
    created_at DATETIME DEFAULT CURRENT_TIMESTAMP,
    FOREIGN KEY (user_id) REFERENCES user(user_id)
);
-- JOURNAL SENTIMENT
CREATE TABLE journal_sentiment (
    journal_sentiment_id INT PRIMARY KEY AUTO_INCREMENT,
    journal_id INT,
    sentiment VARCHAR(50),
    emotions VARCHAR(255),
    confidence FLOAT,
    model_version VARCHAR(50),
    analyzed_at DATETIME,
    FOREIGN KEY (journal_id) REFERENCES journal(journal_id)
);
-- EMOTIONAL CHECKIN
CREATE TABLE emotional_checkin (
    checkin_id INT PRIMARY KEY AUTO_INCREMENT,
    user_id INT,
    mood_level ENUM('Very Sad', 'Sad', 'Neutral', 'Good', 'Happy', 'Very Happy', 'Excellent'),
    energy_level ENUM('Very Low', 'Low', 'Moderate', 'High', 'Very High'),
    stress_level ENUM('Now Stress', 'Low Stress', 'Moderate', 'High Stress', 'Very High Stress'),
    comment TEXT,
    created_at DATETIME DEFAULT CURRENT_TIMESTAMP,
    FOREIGN KEY (user_id) REFERENCES user(user_id)
);
-- CHECKIN SENTIMENT
CREATE TABLE checkin_sentiment (
    checkin_sentiment_id INT PRIMARY KEY AUTO_INCREMENT,
    checkin_id INT,
    sentiment VARCHAR(50),
    emotions VARCHAR(255),
    confidence FLOAT,
    model_version VARCHAR(50),
    analyzed_at DATETIME,
    FOREIGN KEY (checkin_id) REFERENCES emotional_checkin(checkin_id)
);
-- NOTIFICATION
CREATE TABLE notification (
    notification_id INT PRIMARY KEY AUTO_INCREMENT,
    user_id INT,
    message TEXT,
    type VARCHAR(50),
    is_read BOOLEAN DEFAULT FALSE,
    created_at DATETIME DEFAULT CURRENT_TIMESTAMP,
    FOREIGN KEY (user_id) REFERENCES user(user_id)
);
-- RESOURCE LOG
CREATE TABLE resource_log (
    resource_id INT PRIMARY KEY AUTO_INCREMENT,
    title VARCHAR(100),
    content TEXT,
    category VARCHAR(50),
    created_at DATETIME DEFAULT CURRENT_TIMESTAMP
);
-- USER ACTIVITIES
CREATE TABLE user_activities (
    activity_id INT PRIMARY KEY AUTO_INCREMENT,
    user_id INT,
    action VARCHAR(50),
    target_type VARCHAR(50),
    target_id INT,
    started_at DATETIME,
    ended_at DATETIME,
    duration_seconds INT,
    created_at DATETIME DEFAULT CURRENT_TIMESTAMP,
    FOREIGN KEY (user_id) REFERENCES user(user_id)
);
-- ALERT
CREATE TABLE alert (
    alert_id INT PRIMARY KEY AUTO_INCREMENT,
    user_id INT,
    reason VARCHAR(255),
    severity ENUM('low', 'medium', 'high', 'critical'),
    assigned_to INT,
    status ENUM('open', 'in_progress', 'resolved') DEFAULT 'open',
    resolved_at DATETIME,
    created_at DATETIME DEFAULT CURRENT_TIMESTAMP,
    FOREIGN KEY (user_id) REFERENCES user(user_id),
    FOREIGN KEY (assigned_to) REFERENCES user(user_id)
);
-- CONVERSATIONS
CREATE TABLE conversations (
    conversation_id INT PRIMARY KEY AUTO_INCREMENT,
    initiator_user_id INT NOT NULL,
    initiator_role ENUM('student') NOT NULL,
    subject VARCHAR(100),
    status ENUM('open', 'ended') DEFAULT 'open',
    created_at DATETIME DEFAULT CURRENT_TIMESTAMP,
    last_activity_at DATETIME,
    FOREIGN KEY (initiator_user_id) REFERENCES user(user_id)
);
-- MESSAGE
CREATE TABLE messages (
    message_id INT PRIMARY KEY AUTO_INCREMENT,
    conversation_id INT NOT NULL,
    sender_id INT NOT NULL,
    content TEXT NOT NULL,
    is_read BOOLEAN DEFAULT FALSE,
    timestamp DATETIME DEFAULT CURRENT_TIMESTAMP,
    FOREIGN KEY (conversation_id) REFERENCES conversations(conversation_id),
    FOREIGN KEY (sender_id) REFERENCES user(user_id)
);
-- APPOINTMENT LOG
CREATE TABLE appointment_log (
    log_id INT PRIMARY KEY AUTO_INCREMENT,
    user_id INT,
    form_type VARCHAR(100),
    downloaded_at DATETIME,
    remarks TEXT,
    FOREIGN KEY (user_id) REFERENCES user(user_id)
);
SET FOREIGN_KEY_CHECKS=1;

-- INSERT USERS (7 counselors + 143 students = 150 users). Students have email=NULL, name=NULL as requested.
INSERT INTO user (user_id, email, name, role, nickname, last_login, is_active, created_at) VALUES
(1, 'maria.santos@ustp.edu.ph', 'Dr. Maria L. Santos', 'counselor', NULL, '2025-10-11 02:15:12', 1, '2025-10-07 21:36:18'),
(2, 'jose.cruz@ustp.edu.ph', 'Engr. Jose Rizal Cruz', 'counselor', NULL, '2025-09-20 08:30:22', 1, '2025-09-26 16:58:28'),
(3, 'analiza.villanueva@ustp.edu.ph', 'Ms. Analiza Villanueva', 'counselor', NULL, '2025-09-28 17:36:21', 1, '2025-09-14 18:03:12'),
(4, 'ramon.delacruz@ustp.edu.ph', 'Dr. Ramon De la Cruz', 'counselor', NULL, '2025-09-28 23:48:57', 1, '2025-09-15 08:07:53'),
(5, 'leila.navarro@ustp.edu.ph', 'Ms. Leila M. Navarro', 'counselor', NULL, '2025-09-30 07:53:50', 1, '2025-09-25 20:51:11'),
(6, 'carlo.reyes@ustp.edu.ph', 'Mr. Carlo P. Reyes', 'counselor', NULL, '2025-09-29 16:27:43', 1, '2025-09-24 06:35:56'),
(7, 'sheila.gomez@ustp.edu.ph', 'Dr. Sheila M. Gomez', 'counselor', NULL, '2025-10-10 17:56:49', 1, '2025-10-11 06:41:43'),
(8, NULL, NULL, 'student', 'Jun', '2025-09-25 16:53:06', 1, '2025-09-15 17:18:01'),
(9, NULL, NULL, 'student', 'Tin', '2025-09-14 16:30:10', 1, '2025-09-21 12:38:39'),
(10, NULL, NULL, 'student', 'Bogs', '2025-10-07 07:05:55', 1, '2025-09-18 01:56:04'),
(11, NULL, NULL, 'student', 'Kaye', '2025-10-06 14:21:56', 1, '2025-09-24 14:52:41'),
(12, NULL, NULL, 'student', 'Jaypee', '2025-09-30 13:32:58', 1, '2025-09-26 22:21:11'),
(13, NULL, NULL, 'student', 'Inday', '2025-10-09 14:13:51', 1, '2025-09-24 02:53:16'),
(14, NULL, NULL, 'student', 'Makoy', '2025-10-11 07:59:54', 1, '2025-09-17 08:51:13'),
(15, NULL, NULL, 'student', 'Migs', '2025-09-16 01:52:15', 1, '2025-09-24 20:43:01'),
(16, NULL, NULL, 'student', 'Cha', '2025-10-01 23:54:15', 1, '2025-10-11 09:14:47'),
(17, NULL, NULL, 'student', 'Ysay', '2025-10-05 14:00:24', 1, '2025-09-30 03:21:23'),
(18, NULL, NULL, 'student', 'Bong', '2025-09-30 00:56:49', 1, '2025-09-25 06:09:08'),
(19, NULL, NULL, 'student', 'Ning', '2025-10-10 14:45:41', 1, '2025-10-05 00:47:11'),
(20, NULL, NULL, 'student', 'Deng', '2025-09-30 04:56:31', 1, '2025-09-26 10:53:59'),
(21, NULL, NULL, 'student', 'Abe', '2025-09-14 19:03:02', 1, '2025-09-25 19:52:23'),
(22, NULL, NULL, 'student', 'Tess', '2025-09-27 23:50:45', 1, '2025-10-12 08:15:46'),
(23, NULL, NULL, 'student', 'Pinky', '2025-10-05 23:32:54', 1, '2025-10-12 06:35:53'),
(24, NULL, NULL, 'student', 'Gelo', '2025-10-07 18:23:51', 1, '2025-09-20 04:47:45'),
(25, NULL, NULL, 'student', 'Toto', '2025-09-20 03:06:19', 1, '2025-09-17 09:29:15'),
(26, NULL, NULL, 'student', 'Pao', '2025-10-11 12:46:30', 1, '2025-09-22 07:41:24'),
(27, NULL, NULL, 'student', 'Yeng', '2025-09-26 21:40:02', 1, '2025-09-17 12:24:29'),
(28, NULL, NULL, 'student', 'Eve', '2025-09-18 22:26:08', 0, '2025-09-24 09:46:21'),
(29, NULL, NULL, 'student', 'Aldo', '2025-09-16 07:21:13', 0, '2025-10-11 15:53:09'),
(30, NULL, NULL, 'student', 'Faye', '2025-09-17 15:45:48', 1, '2025-10-05 16:09:14'),
(31, NULL, NULL, 'student', 'Rex', '2025-10-06 20:30:34', 1, '2025-10-03 09:38:31'),
(32, NULL, NULL, 'student', 'Mari', '2025-10-08 08:08:40', 1, '2025-10-01 01:36:54'),
(33, NULL, NULL, 'student', 'Lou', '2025-09-28 01:40:07', 1, '2025-09-17 05:44:10'),
(34, NULL, NULL, 'student', 'Peter', '2025-09-29 04:06:23', 0, '2025-10-02 19:19:57'),
(35, NULL, NULL, 'student', 'Bela', '2025-10-08 07:46:52', 1, '2025-10-06 13:18:23'),
(36, NULL, NULL, 'student', 'Nico', '2025-10-06 03:02:29', 1, '2025-09-29 19:48:44'),
(37, NULL, NULL, 'student', 'Joanne', '2025-09-18 19:36:52', 1, '2025-10-08 22:40:28'),
(38, NULL, NULL, 'student', 'Kiko', '2025-10-07 17:15:27', 1, '2025-09-30 10:35:24'),
(39, NULL, NULL, 'student', 'Raissa', '2025-09-26 18:18:54', 1, '2025-10-11 14:14:29'),
(40, NULL, NULL, 'student', 'Jolo', '2025-10-08 14:13:47', 1, '2025-09-27 13:54:17'),
(41, NULL, NULL, 'student', 'Bea', '2025-10-08 06:38:00', 1, '2025-10-10 03:38:02'),
(42, NULL, NULL, 'student', 'Toni', '2025-09-16 01:48:59', 1, '2025-09-22 00:46:40'),
(43, NULL, NULL, 'student', 'Rhea', '2025-10-11 11:19:16', 0, '2025-10-10 04:02:54'),
(44, NULL, NULL, 'student', 'Nadz', '2025-10-05 10:10:35', 1, '2025-10-11 08:53:41'),
(45, NULL, NULL, 'student', 'Miko', '2025-09-25 14:05:09', 1, '2025-09-16 14:16:46'),
(46, NULL, NULL, 'student', 'Sora', '2025-10-07 06:19:15', 1, '2025-10-01 20:08:24'),
(47, NULL, NULL, 'student', 'Nonoy', '2025-09-14 22:17:39', 1, '2025-09-28 00:22:13'),
(48, NULL, NULL, 'student', 'Dutz', '2025-09-15 20:07:59', 0, '2025-09-26 07:31:58'),
(49, NULL, NULL, 'student', 'Cai', '2025-09-15 08:55:32', 1, '2025-10-09 21:53:53'),
(50, NULL, NULL, 'student', 'Luz', '2025-09-19 15:27:08', 1, '2025-09-25 23:45:29'),
(51, NULL, NULL, 'student', 'Boyet', '2025-10-02 00:53:35', 1, '2025-10-10 07:59:02'),
(52, NULL, NULL, 'student', 'Ivy', '2025-10-08 22:57:17', 1, '2025-10-10 05:12:18'),
(53, NULL, NULL, 'student', 'Didi', '2025-09-28 19:58:38', 1, '2025-09-19 17:39:37'),
(54, NULL, NULL, 'student', 'Zaldy', '2025-10-11 21:13:14', 1, '2025-10-10 11:21:00'),
(55, NULL, NULL, 'student', 'Mahal', '2025-10-03 18:40:59', 1, '2025-09-30 21:40:58'),
(56, NULL, NULL, 'student', 'Dinna', '2025-10-03 03:11:40', 1, '2025-10-10 00:57:10'),
(57, NULL, NULL, 'student', 'Jaz', '2025-09-29 01:36:24', 1, '2025-09-28 02:00:53'),
(58, NULL, NULL, 'student', 'Kikoy', '2025-10-07 08:31:33', 1, '2025-09-28 20:48:46'),
(59, NULL, NULL, 'student', 'Lani', '2025-10-03 20:19:34', 1, '2025-10-09 01:39:42'),
(60, NULL, NULL, 'student', 'Minda', '2025-09-25 19:14:32', 1, '2025-09-17 18:02:30'),
(61, NULL, NULL, 'student', 'Odie', '2025-09-20 23:10:35', 1, '2025-09-15 10:58:20'),
(62, NULL, NULL, 'student', 'Petch', '2025-10-05 12:37:06', 1, '2025-09-22 15:39:51'),
(63, NULL, NULL, 'student', 'Quin', '2025-09-28 17:59:43', 1, '2025-09-22 04:24:40'),
(64, NULL, NULL, 'student', 'Rico', '2025-10-11 17:27:05', 0, '2025-10-07 10:40:15'),
(65, NULL, NULL, 'student', 'Sam', '2025-10-08 21:12:39', 1, '2025-10-04 07:18:46'),
(66, NULL, NULL, 'student', 'Tetch', '2025-10-04 03:48:24', 0, '2025-09-27 19:04:58'),
(67, NULL, NULL, 'student', 'Ube', '2025-10-02 18:14:16', 1, '2025-09-23 07:26:08'),
(68, NULL, NULL, 'student', 'Vina', '2025-10-10 00:20:32', 1, '2025-09-21 00:07:55'),
(69, NULL, NULL, 'student', 'Weng', '2025-10-10 08:50:52', 1, '2025-09-26 22:41:38'),
(70, NULL, NULL, 'student', 'Xylo', '2025-09-21 21:21:16', 0, '2025-09-19 17:01:09'),
(71, NULL, NULL, 'student', 'Ynez', '2025-10-01 01:06:01', 1, '2025-09-19 17:58:51'),
(72, NULL, NULL, 'student', 'Zara', '2025-09-22 01:54:14', 1, '2025-09-24 21:14:20'),
(73, NULL, NULL, 'student', 'Jun2', '2025-10-02 19:49:45', 1, '2025-10-05 22:24:23'),
(74, NULL, NULL, 'student', 'Tin2', '2025-10-04 15:44:40', 1, '2025-10-04 20:03:55'),
(75, NULL, NULL, 'student', 'Bogs2', '2025-09-26 13:39:53', 0, '2025-09-30 10:58:42'),
(76, NULL, NULL, 'student', 'Kaye2', '2025-10-11 23:22:06', 0, '2025-10-10 12:23:40'),
(77, NULL, NULL, 'student', 'Jaypee2', '2025-09-26 23:06:53', 0, '2025-10-04 14:51:57'),
(78, NULL, NULL, 'student', 'Inday2', '2025-09-23 22:08:38', 1, '2025-10-09 19:44:53'),
(79, NULL, NULL, 'student', 'Makoy2', '2025-09-28 08:09:46', 1, '2025-10-01 13:02:10'),
(80, NULL, NULL, 'student', 'Migs2', '2025-09-15 18:16:19', 0, '2025-09-15 00:17:37'),
(81, NULL, NULL, 'student', 'Cha2', '2025-10-03 04:08:02', 1, '2025-09-30 16:33:30'),
(82, NULL, NULL, 'student', 'Ysay2', '2025-09-15 15:20:03', 1, '2025-10-11 05:53:36'),
(83, NULL, NULL, 'student', 'Bong2', '2025-09-17 06:12:07', 1, '2025-09-18 16:27:12'),
(84, NULL, NULL, 'student', 'Ning2', '2025-09-19 06:58:31', 1, '2025-10-04 15:58:25'),
(85, NULL, NULL, 'student', 'Deng2', '2025-09-26 22:48:31', 1, '2025-09-25 10:52:31'),
(86, NULL, NULL, 'student', 'Abe2', '2025-09-29 11:03:15', 1, '2025-09-21 02:24:12'),
(87, NULL, NULL, 'student', 'Tess2', '2025-10-08 01:45:44', 0, '2025-09-14 23:13:25'),
(88, NULL, NULL, 'student', 'Pinky2', '2025-09-18 19:05:22', 1, '2025-09-30 08:38:04'),
(89, NULL, NULL, 'student', 'Gelo2', '2025-09-22 07:36:26', 1, '2025-09-17 21:31:28'),
(90, NULL, NULL, 'student', 'Toto2', '2025-09-24 06:16:59', 1, '2025-09-24 22:59:59'),
(91, NULL, NULL, 'student', 'Pao2', '2025-09-21 06:26:58', 1, '2025-09-30 05:34:31'),
(92, NULL, NULL, 'student', 'Yeng2', '2025-09-22 21:26:47', 1, '2025-10-10 06:44:25'),
(93, NULL, NULL, 'student', 'Eve2', '2025-10-10 06:07:02', 1, '2025-10-03 03:17:01'),
(94, NULL, NULL, 'student', 'Aldo2', '2025-09-28 00:57:38', 1, '2025-10-10 08:59:08'),
(95, NULL, NULL, 'student', 'Faye2', '2025-09-19 17:45:44', 1, '2025-09-24 11:17:05'),
(96, NULL, NULL, 'student', 'Rex2', '2025-09-17 05:02:59', 1, '2025-10-09 05:38:08'),
(97, NULL, NULL, 'student', 'Mari2', '2025-10-05 19:43:08', 1, '2025-10-02 10:42:55'),
(98, NULL, NULL, 'student', 'Lou2', '2025-09-17 01:20:47', 1, '2025-10-03 23:07:36'),
(99, NULL, NULL, 'student', 'Peter2', '2025-10-11 02:31:44', 1, '2025-09-29 08:18:22'),
(100, NULL, NULL, 'student', 'Bela2', '2025-10-02 05:00:08', 1, '2025-10-05 23:32:07'),
(101, NULL, NULL, 'student', 'Nico2', '2025-09-17 14:17:10', 1, '2025-09-23 12:22:09'),
(102, NULL, NULL, 'student', 'Joanne2', '2025-10-12 04:55:08', 1, '2025-10-08 23:11:13'),
(103, NULL, NULL, 'student', 'Kiko2', '2025-09-18 12:09:02', 1, '2025-09-30 14:50:13'),
(104, NULL, NULL, 'student', 'Raissa2', '2025-09-30 10:57:41', 1, '2025-09-30 00:45:15'),
(105, NULL, NULL, 'student', 'Jolo2', '2025-09-22 03:18:45', 1, '2025-09-17 21:58:00'),
(106, NULL, NULL, 'student', 'Bea2', '2025-10-02 05:22:18', 1, '2025-10-05 21:39:25'),
(107, NULL, NULL, 'student', 'Toni2', '2025-10-11 19:41:15', 1, '2025-09-26 08:27:36'),
(108, NULL, NULL, 'student', 'Rhea2', '2025-10-09 12:40:08', 1, '2025-10-08 04:03:38'),
(109, NULL, NULL, 'student', 'Nadz2', '2025-10-08 16:58:14', 1, '2025-09-28 11:16:52'),
(110, NULL, NULL, 'student', 'Miko2', '2025-09-19 00:11:06', 1, '2025-09-29 22:19:34'),
(111, NULL, NULL, 'student', 'Sora2', '2025-09-15 15:13:14', 1, '2025-10-11 17:13:34'),
(112, NULL, NULL, 'student', 'Nonoy2', '2025-10-11 08:59:49', 1, '2025-10-02 20:02:38'),
(113, NULL, NULL, 'student', 'Dutz2', '2025-10-09 19:03:12', 1, '2025-10-01 01:03:55'),
(114, NULL, NULL, 'student', 'Cai2', '2025-09-20 11:02:50', 1, '2025-09-27 00:34:50'),
(115, NULL, NULL, 'student', 'Luz2', '2025-10-06 12:16:08', 1, '2025-10-02 11:57:00'),
(116, NULL, NULL, 'student', 'Boyet2', '2025-09-23 19:54:12', 1, '2025-10-10 03:21:47'),
(117, NULL, NULL, 'student', 'Ivy2', '2025-10-06 15:06:16', 1, '2025-10-09 11:04:23'),
(118, NULL, NULL, 'student', 'Didi2', '2025-09-16 02:56:39', 1, '2025-09-21 03:27:56'),
(119, NULL, NULL, 'student', 'Zaldy2', '2025-10-12 11:23:04', 1, '2025-09-17 08:31:50'),
(120, NULL, NULL, 'student', 'Mahal2', '2025-10-10 21:04:55', 1, '2025-09-23 04:08:10'),
(121, NULL, NULL, 'student', 'Dinna2', '2025-09-24 20:49:57', 1, '2025-10-02 15:48:41'),
(122, NULL, NULL, 'student', 'Jaz2', '2025-10-09 22:08:45', 1, '2025-09-14 18:42:04'),
(123, NULL, NULL, 'student', 'Kikoy2', '2025-09-21 14:25:45', 1, '2025-09-29 23:53:07'),
(124, NULL, NULL, 'student', 'Lani2', '2025-09-24 04:34:43', 0, '2025-09-21 23:15:35'),
(125, NULL, NULL, 'student', 'Minda2', '2025-10-09 07:07:30', 1, '2025-10-01 10:52:31'),
(126, NULL, NULL, 'student', 'Odie2', '2025-10-10 21:22:07', 1, '2025-10-10 18:25:32'),
(127, NULL, NULL, 'student', 'Petch2', '2025-09-15 01:47:09', 1, '2025-09-29 06:26:42'),
(128, NULL, NULL, 'student', 'Quin2', '2025-09-25 10:39:38', 0, '2025-09-21 02:22:59'),
(129, NULL, NULL, 'student', 'Rico2', '2025-10-11 17:01:07', 1, '2025-09-29 01:28:08'),
(130, NULL, NULL, 'student', 'Sam2', '2025-10-06 11:06:53', 1, '2025-09-23 11:56:11'),
(131, NULL, NULL, 'student', 'Tetch2', '2025-09-28 11:29:34', 1, '2025-10-06 11:42:23'),
(132, NULL, NULL, 'student', 'Ube2', '2025-09-18 09:16:47', 1, '2025-10-10 21:42:27'),
(133, NULL, NULL, 'student', 'Vina2', '2025-10-03 09:32:07', 1, '2025-09-15 02:39:38'),
(134, NULL, NULL, 'student', 'Weng2', '2025-09-26 21:22:44', 1, '2025-10-01 21:54:06'),
(135, NULL, NULL, 'student', 'Xylo2', '2025-10-08 01:13:14', 1, '2025-10-04 02:57:33'),
(136, NULL, NULL, 'student', 'Ynez2', '2025-09-20 18:50:12', 0, '2025-10-06 23:06:29'),
(137, NULL, NULL, 'student', 'Zara2', '2025-10-08 22:56:53', 1, '2025-10-09 02:17:16'),
(138, NULL, NULL, 'student', 'Jun3', '2025-10-08 12:12:32', 1, '2025-09-29 11:43:14'),
(139, NULL, NULL, 'student', 'Tin3', '2025-09-27 22:15:52', 1, '2025-10-01 04:17:47'),
(140, NULL, NULL, 'student', 'Bogs3', '2025-09-24 16:26:27', 1, '2025-09-25 20:33:21'),
(141, NULL, NULL, 'student', 'Kaye3', '2025-10-03 19:16:26', 1, '2025-09-27 11:03:00'),
(142, NULL, NULL, 'student', 'Jaypee3', '2025-10-09 04:53:26', 1, '2025-09-28 08:03:43'),
(143, NULL, NULL, 'student', 'Inday3', '2025-09-19 08:16:45', 1, '2025-09-19 05:02:31'),
(144, NULL, NULL, 'student', 'Makoy3', '2025-09-18 21:12:30', 1, '2025-09-16 10:54:29'),
(145, NULL, NULL, 'student', 'Migs3', '2025-09-21 13:21:34', 1, '2025-10-03 00:45:42'),
(146, NULL, NULL, 'student', 'Cha3', '2025-10-10 09:50:26', 0, '2025-10-11 21:02:18'),
(147, NULL, NULL, 'student', 'Ysay3', '2025-09-15 16:17:55', 0, '2025-09-27 09:15:44'),
(148, NULL, NULL, 'student', 'Bong3', '2025-10-04 07:40:42', 1, '2025-09-15 00:11:46'),
(149, NULL, NULL, 'student', 'Ning3', '2025-09-21 13:26:48', 0, '2025-10-07 14:24:48'),
(150, NULL, NULL, 'student', 'Deng3', '2025-10-06 14:39:13', 1, '2025-09-29 01:09:57');

-- counselor_profile entries -- passwords are placeholders (HASHED_PASSWORD_N)
INSERT INTO counselor_profile (user_id, password, department, contact_number, availability, year_experience, created_at) VALUES
(1, 'HASHED_PASSWORD_1', 'Student Affairs', '+63-968-433-4259', 'Mon/Wed 09:00-12:00; Tue 14:00-17:00', 5, '2025-09-20 04:01:33'),
(2, 'HASHED_PASSWORD_2', 'Guidance and Counseling', '+63-949-971-6746', 'Mon/Wed 09:00-12:00; Tue 14:00-17:00', 18, '2025-09-24 21:16:21'),
(3, 'HASHED_PASSWORD_3', 'Guidance and Counseling', '+63-970-699-9283', 'Mon/Wed 09:00-12:00; Tue 14:00-17:00', 3, '2025-09-15 21:00:29'),
(4, 'HASHED_PASSWORD_4', 'Clinical Psychology', '0963-644-6217', 'Tue/Thu 10:00-12:00; Fri 13:00-16:00', 14, '2025-09-29 11:13:19'),
(5, 'HASHED_PASSWORD_5', 'Student Affairs', '+63-968-143-7201', 'Mon/Wed 09:00-12:00; Tue 14:00-17:00', 14, '2025-10-04 03:08:00'),
(6, 'HASHED_PASSWORD_6', 'Clinical Psychology', '0956-843-3966', 'Mon/Wed 09:00-12:00; Tue 14:00-17:00', 10, '2025-10-02 12:23:07'),
(7, 'HASHED_PASSWORD_7', 'Wellness Center', '+63-991-864-3711', 'Tue/Thu 10:00-12:00; Fri 13:00-16:00', 15, '2025-09-23 23:10:36');

-- journals and journal_sentiment (recent weeks)
INSERT INTO journal (user_id, content, deleted_at, created_at) VALUES
(8, 'Sobrang dami ng tasks, hindi ko alam paano simulan. Procrastinate ako lagi.', NULL, '2025-10-09 06:12:27'),
(8, 'Natatakot ako mag-apply ng trabaho, insecure pa.', NULL, '2025-10-01 19:42:35'),
(9, 'Sobrang dami ng tasks, hindi ko alam paano simulan. Procrastinate ako lagi.', NULL, '2025-10-01 18:21:24'),
(10, 'Nai-stress ako sa exam schedule, kailangan ng study plan.', NULL, '2025-09-25 17:36:55'),
(11, 'Natatakot ako mag-apply ng trabaho, insecure pa.', NULL, '2025-09-26 00:25:42'),
(12, 'Nagpapasalamat ako sa maliit na achievement ko sa project.', NULL, '2025-10-01 15:36:24'),
(12, 'May nag-away sa bahay, hindi kami nagkakaintindihan ng kuya ko.', NULL, '2025-09-21 02:02:12'),
(13, 'Natatakot ako mag-apply ng trabaho, insecure pa.', NULL, '2025-09-24 05:47:13'),
(14, 'Sobrang dami ng tasks, hindi ko alam paano simulan. Procrastinate ako lagi.', NULL, '2025-10-07 13:17:57'),
(15, 'Nagpapasalamat ako sa maliit na achievement ko sa project.', NULL, '2025-10-11 23:05:09'),
(16, 'Medyo okay ngayon, naglakad-lakad sa park at nakatulong sa mood.', NULL, '2025-10-07 07:56:21'),
(17, 'Nagpapasalamat ako sa maliit na achievement ko sa project.', NULL, '2025-09-20 15:42:18'),
(18, 'Nagpapasalamat ako sa maliit na achievement ko sa project.', NULL, '2025-09-24 23:02:50'),
(18, 'May nag-away sa bahay, hindi kami nagkakaintindihan ng kuya ko.', NULL, '2025-10-09 04:09:49'),
(19, 'Nai-stress ako sa exam schedule, kailangan ng study plan.', NULL, '2025-10-01 08:24:22'),
(20, 'May nag-away sa bahay, hindi kami nagkakaintindihan ng kuya ko.', NULL, '2025-09-21 04:19:35'),
(21, 'Natatakot ako mag-apply ng trabaho, insecure pa.', NULL, '2025-10-11 13:22:26'),
(22, 'Natatakot ako mag-apply ng trabaho, insecure pa.', NULL, '2025-09-23 04:35:17'),
(23, 'Medyo okay ngayon, naglakad-lakad sa park at nakatulong sa mood.', NULL, '2025-09-27 01:55:02'),
(24, 'Nai-stress ako sa exam schedule, kailangan ng study plan.', NULL, '2025-09-23 18:24:31'),
(25, 'Natatakot ako mag-apply ng trabaho, insecure pa.', NULL, '2025-10-01 16:47:41'),
(26, 'Nai-stress ako sa exam schedule, kailangan ng study plan.', NULL, '2025-09-27 06:35:23'),
(27, 'Medyo okay ngayon, naglakad-lakad sa park at nakatulong sa mood.', NULL, '2025-09-15 08:41:58'),
(28, 'May nag-away sa bahay, hindi kami nagkakaintindihan ng kuya ko.', NULL, '2025-10-03 23:31:55'),
(29, 'May nag-away sa bahay, hindi kami nagkakaintindihan ng kuya ko.', NULL, '2025-10-02 18:16:16'),
(30, 'Natatakot ako mag-apply ng trabaho, insecure pa.', NULL, '2025-09-23 23:24:30'),
(31, 'May nag-away sa bahay, hindi kami nagkakaintindihan ng kuya ko.', NULL, '2025-09-30 04:19:43'),
(32, 'Nai-stress ako sa exam schedule, kailangan ng study plan.', NULL, '2025-10-07 16:39:28'),
(33, 'Natatakot ako mag-apply ng trabaho, insecure pa.', NULL, '2025-10-01 05:01:12'),
(34, 'May nag-away sa bahay, hindi kami nagkakaintindihan ng kuya ko.', NULL, '2025-09-24 03:47:09'),
(35, 'Sobrang dami ng tasks, hindi ko alam paano simulan. Procrastinate ako lagi.', NULL, '2025-09-28 04:26:53'),
(36, 'Sobrang dami ng tasks, hindi ko alam paano simulan. Procrastinate ako lagi.', NULL, '2025-10-10 06:54:12'),
(37, 'Sobrang dami ng tasks, hindi ko alam paano simulan. Procrastinate ako lagi.', NULL, '2025-09-14 19:19:07'),
(38, 'Medyo okay ngayon, naglakad-lakad sa park at nakatulong sa mood.', NULL, '2025-10-03 20:11:40'),
(38, 'Natatakot ako mag-apply ng trabaho, insecure pa.', NULL, '2025-09-27 06:46:31'),
(39, 'Medyo okay ngayon, naglakad-lakad sa park at nakatulong sa mood.', NULL, '2025-09-28 11:16:04'),
(40, 'Nagpapasalamat ako sa maliit na achievement ko sa project.', NULL, '2025-09-25 02:06:36'),
(41, 'May nag-away sa bahay, hindi kami nagkakaintindihan ng kuya ko.', NULL, '2025-10-09 21:41:11'),
(42, 'Nagpapasalamat ako sa maliit na achievement ko sa project.', NULL, '2025-09-18 10:07:00'),
(43, 'Natatakot ako mag-apply ng trabaho, insecure pa.', NULL, '2025-09-22 19:57:09'),
(44, 'May nag-away sa bahay, hindi kami nagkakaintindihan ng kuya ko.', NULL, '2025-09-28 11:19:08'),
(45, 'May nag-away sa bahay, hindi kami nagkakaintindihan ng kuya ko.', NULL, '2025-10-04 00:10:21'),
(46, 'Nagpapasalamat ako sa maliit na achievement ko sa project.', NULL, '2025-10-01 23:19:59'),
(47, 'May nag-away sa bahay, hindi kami nagkakaintindihan ng kuya ko.', NULL, '2025-09-17 12:46:12'),
(48, 'May nag-away sa bahay, hindi kami nagkakaintindihan ng kuya ko.', NULL, '2025-10-06 14:27:03'),
(49, 'Natatakot ako mag-apply ng trabaho, insecure pa.', NULL, '2025-09-26 21:24:46'),
(50, 'Medyo okay ngayon, naglakad-lakad sa park at nakatulong sa mood.', NULL, '2025-09-28 21:06:27'),
(51, 'May nag-away sa bahay, hindi kami nagkakaintindihan ng kuya ko.', NULL, '2025-10-01 18:35:59'),
(52, 'Natatakot ako mag-apply ng trabaho, insecure pa.', NULL, '2025-10-07 11:44:34'),
(53, 'Sobrang dami ng tasks, hindi ko alam paano simulan. Procrastinate ako lagi.', NULL, '2025-09-18 08:10:39'),
(54, 'Nagpapasalamat ako sa maliit na achievement ko sa project.', NULL, '2025-10-07 03:00:48'),
(55, 'May nag-away sa bahay, hindi kami nagkakaintindihan ng kuya ko.', NULL, '2025-09-29 06:46:37'),
(56, 'Sobrang dami ng tasks, hindi ko alam paano simulan. Procrastinate ako lagi.', NULL, '2025-09-16 21:55:21'),
(57, 'May nag-away sa bahay, hindi kami nagkakaintindihan ng kuya ko.', NULL, '2025-09-23 22:12:56'),
(58, 'Nai-stress ako sa exam schedule, kailangan ng study plan.', NULL, '2025-10-01 06:22:01'),
(59, 'May nag-away sa bahay, hindi kami nagkakaintindihan ng kuya ko.', NULL, '2025-09-27 01:07:15'),
(60, 'Nai-stress ako sa exam schedule, kailangan ng study plan.', NULL, '2025-09-16 14:26:03'),
(61, 'Nai-stress ako sa exam schedule, kailangan ng study plan.', NULL, '2025-09-23 09:21:46'),
(62, 'Nai-stress ako sa exam schedule, kailangan ng study plan.', NULL, '2025-09-21 17:57:22'),
(63, 'Medyo okay ngayon, naglakad-lakad sa park at nakatulong sa mood.', NULL, '2025-10-10 03:53:50'),
(64, 'Sobrang dami ng tasks, hindi ko alam paano simulan. Procrastinate ako lagi.', NULL, '2025-10-04 01:56:03'),
(65, 'Medyo okay ngayon, naglakad-lakad sa park at nakatulong sa mood.', NULL, '2025-09-26 18:20:47'),
(65, 'Natatakot ako mag-apply ng trabaho, insecure pa.', NULL, '2025-10-09 02:18:38'),
(66, 'Nagpapasalamat ako sa maliit na achievement ko sa project.', NULL, '2025-09-21 15:06:15'),
(67, 'Medyo okay ngayon, naglakad-lakad sa park at nakatulong sa mood.', '2025-10-11 21:25:38', '2025-10-06 21:25:38'),
(67, 'Nai-stress ako sa exam schedule, kailangan ng study plan.', NULL, '2025-10-02 10:00:12'),
(68, 'Natatakot ako mag-apply ng trabaho, insecure pa.', NULL, '2025-10-11 17:15:40'),
(69, 'Sobrang dami ng tasks, hindi ko alam paano simulan. Procrastinate ako lagi.', NULL, '2025-09-25 22:34:56'),
(70, 'Sobrang dami ng tasks, hindi ko alam paano simulan. Procrastinate ako lagi.', NULL, '2025-09-23 17:32:42'),
(71, 'Nai-stress ako sa exam schedule, kailangan ng study plan.', NULL, '2025-09-20 13:39:37'),
(72, 'Sobrang dami ng tasks, hindi ko alam paano simulan. Procrastinate ako lagi.', NULL, '2025-10-02 14:31:24'),
(72, 'Sobrang dami ng tasks, hindi ko alam paano simulan. Procrastinate ako lagi.', NULL, '2025-10-05 17:52:22'),
(73, 'May nag-away sa bahay, hindi kami nagkakaintindihan ng kuya ko.', NULL, '2025-09-23 14:38:58'),
(74, 'Nai-stress ako sa exam schedule, kailangan ng study plan.', NULL, '2025-10-03 13:23:22'),
(75, 'Nai-stress ako sa exam schedule, kailangan ng study plan.', NULL, '2025-09-15 06:48:37'),
(76, 'Sobrang dami ng tasks, hindi ko alam paano simulan. Procrastinate ako lagi.', NULL, '2025-09-14 13:47:02'),
(77, 'Nai-stress ako sa exam schedule, kailangan ng study plan.', NULL, '2025-09-29 08:57:01'),
(78, 'Nai-stress ako sa exam schedule, kailangan ng study plan.', NULL, '2025-10-03 01:32:23'),
(79, 'Medyo okay ngayon, naglakad-lakad sa park at nakatulong sa mood.', NULL, '2025-09-27 18:25:53'),
(80, 'Medyo okay ngayon, naglakad-lakad sa park at nakatulong sa mood.', NULL, '2025-10-09 02:00:31'),
(81, 'Nai-stress ako sa exam schedule, kailangan ng study plan.', NULL, '2025-10-07 04:43:15'),
(82, 'Sobrang dami ng tasks, hindi ko alam paano simulan. Procrastinate ako lagi.', NULL, '2025-09-18 21:39:35'),
(83, 'Medyo okay ngayon, naglakad-lakad sa park at nakatulong sa mood.', NULL, '2025-10-03 01:00:34'),
(84, 'May nag-away sa bahay, hindi kami nagkakaintindihan ng kuya ko.', NULL, '2025-09-16 15:26:42'),
(85, 'Nai-stress ako sa exam schedule, kailangan ng study plan.', NULL, '2025-10-01 07:26:18'),
(86, 'Sobrang dami ng tasks, hindi ko alam paano simulan. Procrastinate ako lagi.', NULL, '2025-09-26 04:39:36'),
(87, 'Nagpapasalamat ako sa maliit na achievement ko sa project.', NULL, '2025-10-07 09:48:49'),
(88, 'Nagpapasalamat ako sa maliit na achievement ko sa project.', NULL, '2025-10-08 03:59:19'),
(89, 'Medyo okay ngayon, naglakad-lakad sa park at nakatulong sa mood.', NULL, '2025-09-29 03:43:27'),
(89, 'Medyo okay ngayon, naglakad-lakad sa park at nakatulong sa mood.', NULL, '2025-09-17 23:08:42'),
(90, 'Medyo okay ngayon, naglakad-lakad sa park at nakatulong sa mood.', NULL, '2025-10-08 19:37:26'),
(91, 'Sobrang dami ng tasks, hindi ko alam paano simulan. Procrastinate ako lagi.', NULL, '2025-10-10 23:05:48'),
(92, 'Sobrang dami ng tasks, hindi ko alam paano simulan. Procrastinate ako lagi.', NULL, '2025-10-02 10:35:34'),
(93, 'Medyo okay ngayon, naglakad-lakad sa park at nakatulong sa mood.', NULL, '2025-09-19 06:30:51'),
(94, 'Nai-stress ako sa exam schedule, kailangan ng study plan.', NULL, '2025-10-07 16:00:00'),
(95, 'Sobrang dami ng tasks, hindi ko alam paano simulan. Procrastinate ako lagi.', NULL, '2025-09-19 17:51:01'),
(96, 'Natatakot ako mag-apply ng trabaho, insecure pa.', NULL, '2025-09-15 18:51:37'),
(97, 'May nag-away sa bahay, hindi kami nagkakaintindihan ng kuya ko.', NULL, '2025-09-30 14:01:57'),
(98, 'Medyo okay ngayon, naglakad-lakad sa park at nakatulong sa mood.', NULL, '2025-09-27 16:00:40'),
(99, 'Medyo okay ngayon, naglakad-lakad sa park at nakatulong sa mood.', NULL, '2025-09-27 05:04:02'),
(100, 'May nag-away sa bahay, hindi kami nagkakaintindihan ng kuya ko.', NULL, '2025-09-19 22:53:36'),
(101, 'May nag-away sa bahay, hindi kami nagkakaintindihan ng kuya ko.', NULL, '2025-09-28 09:00:39'),
(102, 'Nai-stress ako sa exam schedule, kailangan ng study plan.', NULL, '2025-09-30 08:23:40'),
(103, 'Nai-stress ako sa exam schedule, kailangan ng study plan.', NULL, '2025-10-10 03:04:34'),
(103, 'Nai-stress ako sa exam schedule, kailangan ng study plan.', NULL, '2025-09-27 17:26:08'),
(104, 'Nai-stress ako sa exam schedule, kailangan ng study plan.', NULL, '2025-09-26 17:53:03'),
(105, 'Nai-stress ako sa exam schedule, kailangan ng study plan.', NULL, '2025-10-03 15:27:32'),
(106, 'Sobrang dami ng tasks, hindi ko alam paano simulan. Procrastinate ako lagi.', NULL, '2025-09-18 00:39:22'),
(107, 'Nagpapasalamat ako sa maliit na achievement ko sa project.', NULL, '2025-10-04 16:14:59'),
(108, 'Natatakot ako mag-apply ng trabaho, insecure pa.', NULL, '2025-10-05 07:13:47'),
(109, 'Nai-stress ako sa exam schedule, kailangan ng study plan.', NULL, '2025-09-19 15:19:12'),
(110, 'Nai-stress ako sa exam schedule, kailangan ng study plan.', NULL, '2025-09-26 07:48:32'),
(111, 'Nagpapasalamat ako sa maliit na achievement ko sa project.', NULL, '2025-10-05 10:20:08'),
(112, 'Medyo okay ngayon, naglakad-lakad sa park at nakatulong sa mood.', NULL, '2025-09-15 20:21:11'),
(112, 'Sobrang dami ng tasks, hindi ko alam paano simulan. Procrastinate ako lagi.', NULL, '2025-09-26 00:19:44'),
(113, 'Medyo okay ngayon, naglakad-lakad sa park at nakatulong sa mood.', NULL, '2025-10-06 23:33:32'),
(114, 'Natatakot ako mag-apply ng trabaho, insecure pa.', NULL, '2025-09-30 16:37:26'),
(115, 'Sobrang dami ng tasks, hindi ko alam paano simulan. Procrastinate ako lagi.', NULL, '2025-09-26 13:59:41'),
(116, 'Nai-stress ako sa exam schedule, kailangan ng study plan.', NULL, '2025-09-14 23:04:43'),
(117, 'Nagpapasalamat ako sa maliit na achievement ko sa project.', NULL, '2025-09-16 23:42:34'),
(118, 'Sobrang dami ng tasks, hindi ko alam paano simulan. Procrastinate ako lagi.', NULL, '2025-09-20 23:47:28'),
(119, 'May nag-away sa bahay, hindi kami nagkakaintindihan ng kuya ko.', NULL, '2025-09-26 03:22:54'),
(120, 'Sobrang dami ng tasks, hindi ko alam paano simulan. Procrastinate ako lagi.', NULL, '2025-10-04 06:06:37'),
(121, 'Sobrang dami ng tasks, hindi ko alam paano simulan. Procrastinate ako lagi.', NULL, '2025-09-14 22:37:05'),
(122, 'May nag-away sa bahay, hindi kami nagkakaintindihan ng kuya ko.', NULL, '2025-10-05 13:13:15'),
(122, 'Nai-stress ako sa exam schedule, kailangan ng study plan.', NULL, '2025-09-16 22:08:43'),
(123, 'Nai-stress ako sa exam schedule, kailangan ng study plan.', NULL, '2025-09-27 05:50:13'),
(124, 'Medyo okay ngayon, naglakad-lakad sa park at nakatulong sa mood.', NULL, '2025-09-26 01:41:46'),
(125, 'Natatakot ako mag-apply ng trabaho, insecure pa.', NULL, '2025-10-09 12:09:51'),
(126, 'Nai-stress ako sa exam schedule, kailangan ng study plan.', NULL, '2025-09-24 13:45:14'),
(127, 'Sobrang dami ng tasks, hindi ko alam paano simulan. Procrastinate ako lagi.', NULL, '2025-10-12 07:24:21'),
(128, 'Natatakot ako mag-apply ng trabaho, insecure pa.', NULL, '2025-10-05 01:38:44'),
(129, 'Medyo okay ngayon, naglakad-lakad sa park at nakatulong sa mood.', NULL, '2025-09-29 00:22:21'),
(130, 'Nai-stress ako sa exam schedule, kailangan ng study plan.', NULL, '2025-09-23 17:21:33'),
(131, 'Nagpapasalamat ako sa maliit na achievement ko sa project.', '2025-10-04 08:41:35', '2025-10-02 08:41:35'),
(132, 'May nag-away sa bahay, hindi kami nagkakaintindihan ng kuya ko.', '2025-10-03 12:56:20', '2025-10-02 12:56:20'),
(133, 'Medyo okay ngayon, naglakad-lakad sa park at nakatulong sa mood.', NULL, '2025-10-04 10:05:07'),
(134, 'Nagpapasalamat ako sa maliit na achievement ko sa project.', NULL, '2025-09-16 15:47:43'),
(135, 'May nag-away sa bahay, hindi kami nagkakaintindihan ng kuya ko.', NULL, '2025-10-09 16:58:30'),
(136, 'Sobrang dami ng tasks, hindi ko alam paano simulan. Procrastinate ako lagi.', NULL, '2025-10-04 07:07:22'),
(137, 'May nag-away sa bahay, hindi kami nagkakaintindihan ng kuya ko.', NULL, '2025-10-12 02:13:37'),
(138, 'May nag-away sa bahay, hindi kami nagkakaintindihan ng kuya ko.', NULL, '2025-09-15 05:17:24'),
(139, 'Sobrang dami ng tasks, hindi ko alam paano simulan. Procrastinate ako lagi.', NULL, '2025-10-06 06:30:25'),
(140, 'Nagpapasalamat ako sa maliit na achievement ko sa project.', NULL, '2025-09-23 06:00:28'),
(141, 'Medyo okay ngayon, naglakad-lakad sa park at nakatulong sa mood.', NULL, '2025-10-06 07:28:28'),
(142, 'Nagpapasalamat ako sa maliit na achievement ko sa project.', NULL, '2025-10-09 13:05:40'),
(143, 'Sobrang dami ng tasks, hindi ko alam paano simulan. Procrastinate ako lagi.', NULL, '2025-09-28 02:09:05'),
(144, 'Nai-stress ako sa exam schedule, kailangan ng study plan.', NULL, '2025-09-23 09:33:24'),
(145, 'Nagpapasalamat ako sa maliit na achievement ko sa project.', NULL, '2025-09-22 01:28:11'),
(145, 'Medyo okay ngayon, naglakad-lakad sa park at nakatulong sa mood.', NULL, '2025-10-12 02:41:54'),
(146, 'Medyo okay ngayon, naglakad-lakad sa park at nakatulong sa mood.', NULL, '2025-09-27 08:56:41'),
(146, 'Sobrang dami ng tasks, hindi ko alam paano simulan. Procrastinate ako lagi.', NULL, '2025-09-24 03:38:54'),
(147, 'Nagpapasalamat ako sa maliit na achievement ko sa project.', NULL, '2025-09-30 23:36:09'),
(148, 'Nai-stress ako sa exam schedule, kailangan ng study plan.', NULL, '2025-09-27 00:07:06'),
(149, 'Nai-stress ako sa exam schedule, kailangan ng study plan.', NULL, '2025-10-03 17:15:38'),
(150, 'May nag-away sa bahay, hindi kami nagkakaintindihan ng kuya ko.', NULL, '2025-09-21 11:25:00');

INSERT INTO journal_sentiment (journal_id, sentiment, emotions, confidence, model_version, analyzed_at) VALUES
(1, 'neutral', 'sadness, anxiety', 0.85, 'v1.2.0', '2025-10-09 07:39:27'),
(2, 'mixed', 'joy, relief', 0.79, 'v1.2.0', '2025-10-01 22:05:35'),
(3, 'negative', 'hope, anxiety', 0.86, 'v1.2.0', '2025-10-01 19:42:24'),
(4, 'positive', 'hope, anxiety', 0.7, 'v1.2.0', '2025-09-25 18:29:55'),
(5, 'negative', 'hope, anxiety', 0.68, 'v1.2.0', '2025-09-26 02:17:42'),
(6, 'neutral', 'joy, relief', 0.72, 'v1.2.0', '2025-10-01 17:34:24'),
(7, 'neutral', 'neutral, calm', 0.61, 'v1.2.0', '2025-09-21 04:46:12'),
(8, 'positive', 'hope, anxiety', 0.89, 'v1.2.0', '2025-09-24 06:35:13'),
(9, 'neutral', 'sadness, anxiety', 0.86, 'v1.2.0', '2025-10-07 14:59:57'),
(10, 'negative', 'hope, anxiety', 0.79, 'v1.2.0', '2025-10-11 23:43:09'),
(11, 'neutral', 'sadness, anxiety', 0.78, 'v1.2.0', '2025-10-07 09:46:21'),
(12, 'negative', 'joy, relief', 0.64, 'v1.2.0', '2025-09-20 18:21:18'),
(13, 'neutral', 'sadness, anxiety', 0.67, 'v1.2.0', '2025-09-24 23:07:50'),
(14, 'negative', 'stress, frustration', 0.75, 'v1.2.0', '2025-10-09 06:17:49'),
(15, 'positive', 'hope, anxiety', 0.68, 'v1.2.0', '2025-10-01 10:20:22'),
(16, 'neutral', 'stress, frustration', 0.93, 'v1.2.0', '2025-09-21 05:45:35'),
(17, 'positive', 'joy, relief', 0.85, 'v1.2.0', '2025-10-11 15:09:26'),
(18, 'neutral', 'joy, relief', 0.88, 'v1.2.0', '2025-09-23 06:45:17'),
(19, 'negative', 'sadness, anxiety', 0.92, 'v1.2.0', '2025-09-27 04:25:02'),
(20, 'negative', 'neutral, calm', 0.65, 'v1.2.0', '2025-09-23 19:30:31'),
(21, 'negative', 'sadness, anxiety', 0.66, 'v1.2.0', '2025-10-01 19:29:41'),
(22, 'negative', 'joy, relief', 0.93, 'v1.2.0', '2025-09-27 08:10:23'),
(23, 'mixed', 'neutral, calm', 0.82, 'v1.2.0', '2025-09-15 10:29:58'),
(24, 'neutral', 'stress, frustration', 0.91, 'v1.2.0', '2025-10-04 00:24:55'),
(25, 'negative', 'hope, anxiety', 0.97, 'v1.2.0', '2025-10-02 19:47:16'),
(26, 'neutral', 'neutral, calm', 0.76, 'v1.2.0', '2025-09-24 01:25:30'),
(27, 'negative', 'neutral, calm', 0.86, 'v1.2.0', '2025-09-30 05:58:43'),
(28, 'mixed', 'hope, anxiety', 0.74, 'v1.2.0', '2025-10-07 17:09:28'),
(29, 'negative', 'sadness, anxiety', 0.94, 'v1.2.0', '2025-10-01 05:33:12'),
(30, 'negative', 'sadness, anxiety', 0.93, 'v1.2.0', '2025-09-24 05:50:09'),
(31, 'negative', 'stress, frustration', 0.67, 'v1.2.0', '2025-09-28 05:42:53'),
(32, 'neutral', 'stress, frustration', 0.7, 'v1.2.0', '2025-10-10 08:49:12'),
(33, 'negative', 'hope, anxiety', 0.99, 'v1.2.0', '2025-09-14 20:44:07'),
(34, 'negative', 'joy, relief', 0.99, 'v1.2.0', '2025-10-03 22:43:40'),
(35, 'negative', 'hope, anxiety', 0.98, 'v1.2.0', '2025-09-27 08:03:31'),
(36, 'negative', 'sadness, anxiety', 0.66, 'v1.2.0', '2025-09-28 13:32:04'),
(37, 'neutral', 'hope, anxiety', 0.88, 'v1.2.0', '2025-09-25 03:26:36'),
(38, 'negative', 'stress, frustration', 0.77, 'v1.2.0', '2025-10-09 22:41:11'),
(39, 'negative', 'hope, anxiety', 0.93, 'v1.2.0', '2025-09-18 12:39:00'),
(40, 'neutral', 'stress, frustration', 0.82, 'v1.2.0', '2025-09-22 20:18:09'),
(41, 'negative', 'joy, relief', 0.88, 'v1.2.0', '2025-09-28 13:02:08'),
(42, 'neutral', 'neutral, calm', 0.66, 'v1.2.0', '2025-10-04 00:51:21'),
(43, 'positive', 'joy, relief', 0.85, 'v1.2.0', '2025-10-01 23:26:59'),
(44, 'neutral', 'joy, relief', 0.74, 'v1.2.0', '2025-09-17 13:26:12'),
(45, 'neutral', 'sadness, anxiety', 0.95, 'v1.2.0', '2025-10-06 15:10:03'),
(46, 'neutral', 'hope, anxiety', 0.81, 'v1.2.0', '2025-09-26 22:49:46'),
(47, 'negative', 'stress, frustration', 0.82, 'v1.2.0', '2025-09-28 23:31:27'),
(48, 'negative', 'joy, relief', 0.65, 'v1.2.0', '2025-10-01 19:38:59'),
(49, 'negative', 'stress, frustration', 0.87, 'v1.2.0', '2025-10-07 12:34:34'),
(50, 'negative', 'stress, frustration', 0.62, 'v1.2.0', '2025-09-18 10:10:39'),
(51, 'neutral', 'sadness, anxiety', 0.86, 'v1.2.0', '2025-10-07 04:16:48'),
(52, 'negative', 'hope, anxiety', 0.76, 'v1.2.0', '2025-09-29 06:49:37'),
(53, 'negative', 'hope, anxiety', 0.69, 'v1.2.0', '2025-09-16 22:38:21'),
(54, 'positive', 'hope, anxiety', 0.67, 'v1.2.0', '2025-09-24 00:19:56'),
(55, 'neutral', 'joy, relief', 0.75, 'v1.2.0', '2025-10-01 07:08:01'),
(56, 'positive', 'sadness, anxiety', 0.82, 'v1.2.0', '2025-09-27 04:02:15'),
(57, 'negative', 'joy, relief', 0.82, 'v1.2.0', '2025-09-16 16:57:03'),
(58, 'negative', 'joy, relief', 0.86, 'v1.2.0', '2025-09-23 10:42:46'),
(59, 'positive', 'hope, anxiety', 0.7, 'v1.2.0', '2025-09-21 18:16:22'),
(60, 'negative', 'hope, anxiety', 0.78, 'v1.2.0', '2025-10-10 04:16:50'),
(61, 'mixed', 'hope, anxiety', 0.85, 'v1.2.0', '2025-10-04 04:43:03'),
(62, 'negative', 'hope, anxiety', 0.69, 'v1.2.0', '2025-09-26 19:04:47'),
(63, 'mixed', 'hope, anxiety', 0.76, 'v1.2.0', '2025-10-09 03:25:38'),
(64, 'mixed', 'hope, anxiety', 0.89, 'v1.2.0', '2025-09-21 17:00:15'),
(65, 'neutral', 'sadness, anxiety', 0.65, 'v1.2.0', '2025-10-06 22:05:38'),
(66, 'neutral', 'hope, anxiety', 0.95, 'v1.2.0', '2025-10-02 10:01:12'),
(67, 'negative', 'sadness, anxiety', 0.66, 'v1.2.0', '2025-10-11 19:16:40'),
(68, 'positive', 'joy, relief', 0.79, 'v1.2.0', '2025-09-26 00:02:56'),
(69, 'negative', 'hope, anxiety', 0.66, 'v1.2.0', '2025-09-23 19:42:42'),
(70, 'negative', 'sadness, anxiety', 0.95, 'v1.2.0', '2025-09-20 14:57:37'),
(71, 'positive', 'sadness, anxiety', 0.88, 'v1.2.0', '2025-10-02 14:59:24'),
(72, 'negative', 'sadness, anxiety', 0.66, 'v1.2.0', '2025-10-05 19:57:22'),
(73, 'negative', 'neutral, calm', 0.79, 'v1.2.0', '2025-09-23 14:52:58'),
(74, 'negative', 'neutral, calm', 0.74, 'v1.2.0', '2025-10-03 14:50:22'),
(75, 'negative', 'joy, relief', 0.79, 'v1.2.0', '2025-09-15 09:33:37'),
(76, 'neutral', 'joy, relief', 0.83, 'v1.2.0', '2025-09-14 15:51:02'),
(77, 'mixed', 'stress, frustration', 0.74, 'v1.2.0', '2025-09-29 10:58:01'),
(78, 'positive', 'stress, frustration', 0.85, 'v1.2.0', '2025-10-03 02:42:23'),
(79, 'neutral', 'hope, anxiety', 0.68, 'v1.2.0', '2025-09-27 21:15:53'),
(80, 'negative', 'sadness, anxiety', 0.72, 'v1.2.0', '2025-10-09 04:56:31'),
(81, 'negative', 'neutral, calm', 0.7, 'v1.2.0', '2025-10-07 06:55:15'),
(82, 'negative', 'hope, anxiety', 0.95, 'v1.2.0', '2025-09-18 21:53:35'),
(83, 'negative', 'sadness, anxiety', 0.64, 'v1.2.0', '2025-10-03 02:26:34'),
(84, 'neutral', 'hope, anxiety', 0.91, 'v1.2.0', '2025-09-16 15:54:42'),
(85, 'mixed', 'sadness, anxiety', 0.77, 'v1.2.0', '2025-10-01 08:26:18'),
(86, 'mixed', 'joy, relief', 0.96, 'v1.2.0', '2025-09-26 07:10:36'),
(87, 'neutral', 'sadness, anxiety', 0.8, 'v1.2.0', '2025-10-07 12:10:49'),
(88, 'negative', 'hope, anxiety', 0.77, 'v1.2.0', '2025-10-08 05:59:19'),
(89, 'negative', 'joy, relief', 0.72, 'v1.2.0', '2025-09-29 06:31:27'),
(90, 'positive', 'sadness, anxiety', 0.7, 'v1.2.0', '2025-09-18 02:08:42'),
(91, 'negative', 'sadness, anxiety', 0.62, 'v1.2.0', '2025-10-08 21:10:26'),
(92, 'negative', 'sadness, anxiety', 0.66, 'v1.2.0', '2025-10-11 00:19:48'),
(93, 'negative', 'neutral, calm', 0.7, 'v1.2.0', '2025-10-02 13:09:34'),
(94, 'negative', 'neutral, calm', 0.73, 'v1.2.0', '2025-09-19 07:48:51'),
(95, 'positive', 'neutral, calm', 0.77, 'v1.2.0', '2025-10-07 16:51:00'),
(96, 'negative', 'joy, relief', 0.65, 'v1.2.0', '2025-09-19 20:47:01'),
(97, 'neutral', 'neutral, calm', 0.82, 'v1.2.0', '2025-09-15 19:56:37'),
(98, 'negative', 'hope, anxiety', 0.88, 'v1.2.0', '2025-09-30 14:54:57'),
(99, 'positive', 'hope, anxiety', 0.73, 'v1.2.0', '2025-09-27 17:40:40'),
(100, 'neutral', 'stress, frustration', 0.66, 'v1.2.0', '2025-09-27 05:50:02'),
(101, 'negative', 'neutral, calm', 0.66, 'v1.2.0', '2025-09-19 23:38:36'),
(102, 'negative', 'hope, anxiety', 0.85, 'v1.2.0', '2025-09-28 09:43:39'),
(103, 'negative', 'joy, relief', 0.93, 'v1.2.0', '2025-09-30 10:52:40'),
(104, 'negative', 'joy, relief', 0.63, 'v1.2.0', '2025-10-10 05:31:34'),
(105, 'negative', 'neutral, calm', 0.88, 'v1.2.0', '2025-09-27 17:30:08'),
(106, 'mixed', 'hope, anxiety', 0.72, 'v1.2.0', '2025-09-26 18:56:03'),
(107, 'neutral', 'hope, anxiety', 0.83, 'v1.2.0', '2025-10-03 15:54:32'),
(108, 'positive', 'neutral, calm', 0.88, 'v1.2.0', '2025-09-18 02:50:22'),
(109, 'neutral', 'sadness, anxiety', 0.82, 'v1.2.0', '2025-10-04 17:36:59'),
(110, 'negative', 'neutral, calm', 0.77, 'v1.2.0', '2025-10-05 07:56:47'),
(111, 'negative', 'hope, anxiety', 0.84, 'v1.2.0', '2025-09-19 17:30:12'),
(112, 'mixed', 'neutral, calm', 0.86, 'v1.2.0', '2025-09-26 08:03:32'),
(113, 'mixed', 'joy, relief', 0.87, 'v1.2.0', '2025-10-05 10:23:08'),
(114, 'negative', 'hope, anxiety', 0.76, 'v1.2.0', '2025-09-15 21:11:11'),
(115, 'positive', 'stress, frustration', 0.9, 'v1.2.0', '2025-09-26 01:05:44'),
(116, 'negative', 'neutral, calm', 0.81, 'v1.2.0', '2025-10-07 02:05:32'),
(117, 'negative', 'hope, anxiety', 0.86, 'v1.2.0', '2025-09-30 18:36:26'),
(118, 'neutral', 'joy, relief', 0.75, 'v1.2.0', '2025-09-26 15:32:41'),
(119, 'negative', 'stress, frustration', 0.71, 'v1.2.0', '2025-09-15 02:02:43'),
(120, 'negative', 'joy, relief', 0.9, 'v1.2.0', '2025-09-17 02:29:34'),
(121, 'mixed', 'sadness, anxiety', 0.85, 'v1.2.0', '2025-09-21 00:02:28'),
(122, 'negative', 'stress, frustration', 0.85, 'v1.2.0', '2025-09-26 04:17:54'),
(123, 'neutral', 'hope, anxiety', 0.84, 'v1.2.0', '2025-10-04 08:16:37'),
(124, 'mixed', 'stress, frustration', 0.92, 'v1.2.0', '2025-09-15 00:49:05'),
(125, 'negative', 'sadness, anxiety', 0.65, 'v1.2.0', '2025-10-05 14:49:15'),
(126, 'neutral', 'stress, frustration', 0.92, 'v1.2.0', '2025-09-17 00:26:43'),
(127, 'negative', 'sadness, anxiety', 0.98, 'v1.2.0', '2025-09-27 06:30:13'),
(128, 'neutral', 'sadness, anxiety', 0.96, 'v1.2.0', '2025-09-26 02:28:46'),
(129, 'positive', 'sadness, anxiety', 0.7, 'v1.2.0', '2025-10-09 14:21:51'),
(130, 'neutral', 'stress, frustration', 0.83, 'v1.2.0', '2025-09-24 15:03:14'),
(131, 'negative', 'joy, relief', 0.91, 'v1.2.0', '2025-10-12 07:33:21'),
(132, 'mixed', 'stress, frustration', 0.79, 'v1.2.0', '2025-10-05 02:35:44'),
(133, 'negative', 'neutral, calm', 0.67, 'v1.2.0', '2025-09-29 00:47:21'),
(134, 'neutral', 'hope, anxiety', 0.62, 'v1.2.0', '2025-09-23 18:36:33'),
(135, 'neutral', 'sadness, anxiety', 0.63, 'v1.2.0', '2025-10-02 09:35:35'),
(136, 'positive', 'joy, relief', 0.85, 'v1.2.0', '2025-10-02 13:33:20'),
(137, 'negative', 'joy, relief', 0.85, 'v1.2.0', '2025-10-04 12:15:07'),
(138, 'negative', 'neutral, calm', 0.87, 'v1.2.0', '2025-09-16 18:08:43'),
(139, 'negative', 'stress, frustration', 0.75, 'v1.2.0', '2025-10-09 18:53:30'),
(140, 'negative', 'neutral, calm', 0.76, 'v1.2.0', '2025-10-04 09:36:22'),
(141, 'negative', 'hope, anxiety', 0.81, 'v1.2.0', '2025-10-12 04:18:37'),
(142, 'negative', 'joy, relief', 0.97, 'v1.2.0', '2025-09-15 06:09:24'),
(143, 'negative', 'joy, relief', 0.86, 'v1.2.0', '2025-10-06 06:56:25'),
(144, 'negative', 'hope, anxiety', 0.83, 'v1.2.0', '2025-09-23 07:36:28'),
(145, 'positive', 'stress, frustration', 0.72, 'v1.2.0', '2025-10-06 08:20:28'),
(146, 'positive', 'sadness, anxiety', 0.66, 'v1.2.0', '2025-10-09 13:39:40'),
(147, 'negative', 'sadness, anxiety', 0.68, 'v1.2.0', '2025-09-28 04:40:05'),
(148, 'positive', 'sadness, anxiety', 0.91, 'v1.2.0', '2025-09-23 11:41:24'),
(149, 'negative', 'hope, anxiety', 0.85, 'v1.2.0', '2025-09-22 02:12:11'),
(150, 'neutral', 'joy, relief', 0.92, 'v1.2.0', '2025-10-12 04:43:54'),
(151, 'positive', 'sadness, anxiety', 0.74, 'v1.2.0', '2025-09-27 11:51:41'),
(152, 'negative', 'hope, anxiety', 0.6, 'v1.2.0', '2025-09-24 06:33:54'),
(153, 'mixed', 'hope, anxiety', 0.63, 'v1.2.0', '2025-10-01 00:19:09'),
(154, 'neutral', 'sadness, anxiety', 0.75, 'v1.2.0', '2025-09-27 02:46:06'),
(155, 'mixed', 'stress, frustration', 0.8, 'v1.2.0', '2025-10-03 18:32:38'),
(156, 'negative', 'stress, frustration', 0.87, 'v1.2.0', '2025-09-21 14:14:00');

-- emotional_checkin and checkin_sentiment (recent weeks)
INSERT INTO emotional_checkin (user_id, mood_level, comment, created_at) VALUES
(8, 10, 'Tired pero nagpupush pa rin.', '2025-09-27 04:01:33'),
(8, 7, 'Tired pero nagpupush pa rin.', '2025-10-04 02:05:28'),
(9, 5, 'Tired pero nagpupush pa rin.', '2025-10-04 12:16:29'),
(10, 5, 'Okay naman, nag-break lang ako kanina.', '2025-09-17 10:02:27'),
(10, 2, 'Gigil sa deadlines, kelangan ng plano.', '2025-09-30 10:00:34'),
(11, 2, 'Gigil sa deadlines, kelangan ng plano.', '2025-09-18 08:27:32'),
(12, 9, 'Masaya ako ngayon, may good news.', '2025-09-29 07:41:30'),
(12, 10, 'Gigil sa deadlines, kelangan ng plano.', '2025-10-05 13:47:10'),
(13, 1, 'Medyo stressed sa school projects.', '2025-10-08 22:23:41'),
(13, 7, 'Gigil sa deadlines, kelangan ng plano.', '2025-09-18 20:51:21'),
(14, 8, 'Tired pero nagpupush pa rin.', '2025-10-07 19:53:24'),
(14, 5, 'Medyo stressed sa school projects.', '2025-10-10 06:26:27'),
(15, 7, 'Medyo stressed sa school projects.', '2025-10-08 18:20:03'),
(15, 1, 'Okay naman, nag-break lang ako kanina.', '2025-09-23 02:37:39'),
(16, 3, 'Gigil sa deadlines, kelangan ng plano.', '2025-09-25 16:23:32'),
(17, 10, 'Medyo stressed sa school projects.', '2025-09-15 21:22:01'),
(17, 1, 'Tired pero nagpupush pa rin.', '2025-09-28 14:18:12'),
(18, 10, 'Masaya ako ngayon, may good news.', '2025-09-25 18:25:36'),
(18, 9, 'Okay naman, nag-break lang ako kanina.', '2025-10-04 06:18:17'),
(19, 2, 'Gigil sa deadlines, kelangan ng plano.', '2025-09-24 03:18:51'),
(19, 6, 'Okay naman, nag-break lang ako kanina.', '2025-10-12 02:20:57'),
(20, 9, 'Masaya ako ngayon, may good news.', '2025-10-02 01:53:36'),
(21, 6, 'Gigil sa deadlines, kelangan ng plano.', '2025-10-10 12:55:35'),
(22, 2, 'Gigil sa deadlines, kelangan ng plano.', '2025-09-30 13:30:42'),
(23, 7, 'Tired pero nagpupush pa rin.', '2025-10-02 06:54:32'),
(24, 9, 'Gigil sa deadlines, kelangan ng plano.', '2025-09-27 20:36:25'),
(24, 7, 'Tired pero nagpupush pa rin.', '2025-10-10 14:13:54'),
(25, 8, 'Medyo stressed sa school projects.', '2025-09-25 01:30:55'),
(26, 7, 'Okay naman, nag-break lang ako kanina.', '2025-09-28 19:21:23'),
(27, 10, 'Okay naman, nag-break lang ako kanina.', '2025-10-03 12:16:16'),
(27, 8, 'Okay naman, nag-break lang ako kanina.', '2025-09-15 11:26:23'),
(28, 5, 'Okay naman, nag-break lang ako kanina.', '2025-10-04 15:25:32'),
(29, 8, 'Gigil sa deadlines, kelangan ng plano.', '2025-09-28 22:04:11'),
(30, 1, 'Masaya ako ngayon, may good news.', '2025-09-17 22:26:29'),
(31, 1, 'Tired pero nagpupush pa rin.', '2025-09-20 22:34:46'),
(32, 1, 'Okay naman, nag-break lang ako kanina.', '2025-09-21 04:44:31'),
(32, 9, 'Masaya ako ngayon, may good news.', '2025-09-30 04:10:11'),
(33, 1, 'Tired pero nagpupush pa rin.', '2025-10-08 18:13:01'),
(33, 9, 'Okay naman, nag-break lang ako kanina.', '2025-09-30 08:36:00'),
(34, 10, 'Masaya ako ngayon, may good news.', '2025-09-29 05:19:41'),
(35, 4, 'Gigil sa deadlines, kelangan ng plano.', '2025-10-09 03:57:56'),
(36, 3, 'Gigil sa deadlines, kelangan ng plano.', '2025-09-16 21:54:09'),
(37, 2, 'Okay naman, nag-break lang ako kanina.', '2025-10-10 15:45:17'),
(38, 10, 'Tired pero nagpupush pa rin.', '2025-09-16 05:47:35'),
(39, 10, 'Tired pero nagpupush pa rin.', '2025-09-28 15:31:03'),
(40, 1, 'Tired pero nagpupush pa rin.', '2025-10-07 13:15:16'),
(41, 4, 'Masaya ako ngayon, may good news.', '2025-09-28 14:50:47'),
(42, 4, 'Gigil sa deadlines, kelangan ng plano.', '2025-10-03 03:49:32'),
(43, 1, 'Tired pero nagpupush pa rin.', '2025-09-22 19:47:37'),
(43, 3, 'Masaya ako ngayon, may good news.', '2025-09-16 14:42:04'),
(44, 10, 'Tired pero nagpupush pa rin.', '2025-10-01 17:54:27'),
(45, 2, 'Gigil sa deadlines, kelangan ng plano.', '2025-09-17 01:54:13'),
(46, 4, 'Masaya ako ngayon, may good news.', '2025-09-27 03:44:41'),
(47, 5, 'Okay naman, nag-break lang ako kanina.', '2025-10-01 03:53:16'),
(48, 3, 'Okay naman, nag-break lang ako kanina.', '2025-09-19 02:54:26'),
(49, 10, 'Medyo stressed sa school projects.', '2025-09-30 16:43:41'),
(50, 10, 'Tired pero nagpupush pa rin.', '2025-10-02 17:32:24'),
(51, 9, 'Medyo stressed sa school projects.', '2025-09-30 13:06:14'),
(52, 1, 'Masaya ako ngayon, may good news.', '2025-09-30 13:23:58'),
(53, 1, 'Tired pero nagpupush pa rin.', '2025-10-07 21:51:04'),
(53, 9, 'Okay naman, nag-break lang ako kanina.', '2025-10-09 22:21:33'),
(54, 9, 'Gigil sa deadlines, kelangan ng plano.', '2025-10-12 10:29:17'),
(55, 9, 'Medyo stressed sa school projects.', '2025-10-03 10:00:37'),
(56, 2, 'Okay naman, nag-break lang ako kanina.', '2025-10-02 11:23:14'),
(57, 4, 'Tired pero nagpupush pa rin.', '2025-09-29 08:08:19'),
(57, 4, 'Gigil sa deadlines, kelangan ng plano.', '2025-09-30 14:52:49'),
(58, 4, 'Masaya ako ngayon, may good news.', '2025-09-24 15:16:25'),
(59, 3, 'Gigil sa deadlines, kelangan ng plano.', '2025-09-20 19:12:30'),
(60, 2, 'Okay naman, nag-break lang ako kanina.', '2025-09-22 21:22:55'),
(61, 3, 'Okay naman, nag-break lang ako kanina.', '2025-09-18 14:14:10'),
(62, 5, 'Medyo stressed sa school projects.', '2025-10-04 23:39:33'),
(63, 9, 'Medyo stressed sa school projects.', '2025-09-17 10:20:56'),
(64, 4, 'Tired pero nagpupush pa rin.', '2025-10-05 01:05:30'),
(64, 10, 'Tired pero nagpupush pa rin.', '2025-10-05 00:05:45'),
(65, 4, 'Tired pero nagpupush pa rin.', '2025-10-11 23:29:43'),
(66, 2, 'Masaya ako ngayon, may good news.', '2025-09-24 04:49:21'),
(67, 1, 'Masaya ako ngayon, may good news.', '2025-09-15 12:31:07'),
(67, 8, 'Gigil sa deadlines, kelangan ng plano.', '2025-10-09 09:13:42'),
(68, 9, 'Gigil sa deadlines, kelangan ng plano.', '2025-09-26 18:44:19'),
(69, 7, 'Masaya ako ngayon, may good news.', '2025-10-12 10:33:09'),
(70, 9, 'Masaya ako ngayon, may good news.', '2025-10-07 16:26:47'),
(71, 7, 'Medyo stressed sa school projects.', '2025-09-30 09:31:27'),
(71, 6, 'Gigil sa deadlines, kelangan ng plano.', '2025-09-23 01:57:39'),
(72, 5, 'Okay naman, nag-break lang ako kanina.', '2025-09-15 05:27:36'),
(73, 9, 'Masaya ako ngayon, may good news.', '2025-10-09 20:17:33'),
(73, 4, 'Medyo stressed sa school projects.', '2025-09-14 19:18:11'),
(74, 4, 'Medyo stressed sa school projects.', '2025-09-27 19:19:04'),
(74, 6, 'Gigil sa deadlines, kelangan ng plano.', '2025-09-22 16:41:00'),
(75, 10, 'Gigil sa deadlines, kelangan ng plano.', '2025-10-06 08:45:46'),
(76, 5, 'Medyo stressed sa school projects.', '2025-10-07 18:38:08'),
(77, 7, 'Medyo stressed sa school projects.', '2025-09-16 15:43:04'),
(78, 6, 'Masaya ako ngayon, may good news.', '2025-10-03 22:04:47'),
(79, 6, 'Okay naman, nag-break lang ako kanina.', '2025-10-11 18:52:37'),
(80, 8, 'Tired pero nagpupush pa rin.', '2025-10-08 08:06:08'),
(81, 10, 'Okay naman, nag-break lang ako kanina.', '2025-09-22 06:36:29'),
(82, 1, 'Tired pero nagpupush pa rin.', '2025-09-20 13:27:58'),
(83, 8, 'Tired pero nagpupush pa rin.', '2025-10-08 22:52:14'),
(84, 9, 'Okay naman, nag-break lang ako kanina.', '2025-10-10 11:19:03'),
(85, 9, 'Gigil sa deadlines, kelangan ng plano.', '2025-09-24 12:43:39'),
(86, 10, 'Okay naman, nag-break lang ako kanina.', '2025-09-30 17:07:00'),
(86, 6, 'Tired pero nagpupush pa rin.', '2025-10-04 00:47:37'),
(87, 9, 'Okay naman, nag-break lang ako kanina.', '2025-09-25 17:37:48'),
(88, 1, 'Masaya ako ngayon, may good news.', '2025-09-19 02:02:43'),
(89, 5, 'Masaya ako ngayon, may good news.', '2025-09-16 17:49:11'),
(90, 9, 'Gigil sa deadlines, kelangan ng plano.', '2025-09-18 19:05:41'),
(91, 1, 'Medyo stressed sa school projects.', '2025-09-27 17:00:23'),
(92, 8, 'Gigil sa deadlines, kelangan ng plano.', '2025-09-15 08:15:52'),
(92, 1, 'Okay naman, nag-break lang ako kanina.', '2025-09-19 01:25:18'),
(93, 8, 'Masaya ako ngayon, may good news.', '2025-09-18 03:06:12'),
(94, 6, 'Gigil sa deadlines, kelangan ng plano.', '2025-10-01 23:35:28'),
(95, 7, 'Masaya ako ngayon, may good news.', '2025-09-20 16:14:30'),
(96, 3, 'Masaya ako ngayon, may good news.', '2025-09-27 05:01:31'),
(96, 6, 'Tired pero nagpupush pa rin.', '2025-09-24 06:16:19'),
(97, 8, 'Tired pero nagpupush pa rin.', '2025-09-29 12:37:38'),
(98, 7, 'Tired pero nagpupush pa rin.', '2025-10-07 00:18:50'),
(99, 5, 'Okay naman, nag-break lang ako kanina.', '2025-09-30 14:31:06'),
(99, 7, 'Gigil sa deadlines, kelangan ng plano.', '2025-09-14 18:26:06'),
(100, 4, 'Gigil sa deadlines, kelangan ng plano.', '2025-09-17 03:54:04'),
(101, 6, 'Gigil sa deadlines, kelangan ng plano.', '2025-09-15 08:21:08'),
(102, 9, 'Okay naman, nag-break lang ako kanina.', '2025-09-23 01:31:08'),
(102, 9, 'Okay naman, nag-break lang ako kanina.', '2025-10-12 06:31:25'),
(103, 2, 'Tired pero nagpupush pa rin.', '2025-09-18 21:05:24'),
(104, 3, 'Medyo stressed sa school projects.', '2025-09-23 10:40:12'),
(105, 6, 'Gigil sa deadlines, kelangan ng plano.', '2025-09-21 23:23:29'),
(106, 5, 'Gigil sa deadlines, kelangan ng plano.', '2025-10-09 08:42:22'),
(107, 5, 'Tired pero nagpupush pa rin.', '2025-10-11 12:48:19'),
(108, 7, 'Medyo stressed sa school projects.', '2025-09-20 08:51:49'),
(109, 8, 'Masaya ako ngayon, may good news.', '2025-09-23 23:28:32'),
(109, 7, 'Masaya ako ngayon, may good news.', '2025-09-21 15:50:45'),
(110, 6, 'Gigil sa deadlines, kelangan ng plano.', '2025-10-10 08:24:43'),
(110, 6, 'Gigil sa deadlines, kelangan ng plano.', '2025-10-03 02:07:54'),
(111, 7, 'Tired pero nagpupush pa rin.', '2025-09-30 12:31:29'),
(112, 9, 'Tired pero nagpupush pa rin.', '2025-09-22 16:17:59'),
(113, 9, 'Tired pero nagpupush pa rin.', '2025-09-28 18:28:32'),
(113, 3, 'Tired pero nagpupush pa rin.', '2025-09-20 12:54:23'),
(114, 1, 'Masaya ako ngayon, may good news.', '2025-09-30 23:22:19'),
(115, 7, 'Tired pero nagpupush pa rin.', '2025-10-08 16:09:20'),
(116, 3, 'Masaya ako ngayon, may good news.', '2025-09-27 13:49:15'),
(116, 9, 'Tired pero nagpupush pa rin.', '2025-09-27 11:58:05'),
(117, 7, 'Okay naman, nag-break lang ako kanina.', '2025-09-25 21:52:52'),
(118, 7, 'Medyo stressed sa school projects.', '2025-10-05 23:41:12'),
(119, 10, 'Medyo stressed sa school projects.', '2025-10-02 20:31:40'),
(120, 6, 'Tired pero nagpupush pa rin.', '2025-09-26 14:41:55'),
(120, 1, 'Masaya ako ngayon, may good news.', '2025-09-25 10:06:38'),
(121, 10, 'Masaya ako ngayon, may good news.', '2025-10-10 08:55:36'),
(121, 7, 'Medyo stressed sa school projects.', '2025-09-28 19:45:10'),
(122, 6, 'Masaya ako ngayon, may good news.', '2025-10-06 20:45:42'),
(123, 8, 'Medyo stressed sa school projects.', '2025-10-10 23:14:16'),
(123, 9, 'Gigil sa deadlines, kelangan ng plano.', '2025-09-25 11:38:58'),
(124, 6, 'Masaya ako ngayon, may good news.', '2025-09-20 11:18:06'),
(125, 10, 'Medyo stressed sa school projects.', '2025-09-23 11:25:43'),
(126, 6, 'Okay naman, nag-break lang ako kanina.', '2025-10-11 08:02:24'),
(127, 4, 'Masaya ako ngayon, may good news.', '2025-10-06 07:23:44'),
(127, 5, 'Medyo stressed sa school projects.', '2025-09-29 10:33:23'),
(128, 5, 'Okay naman, nag-break lang ako kanina.', '2025-10-08 03:20:44'),
(129, 8, 'Tired pero nagpupush pa rin.', '2025-10-11 04:40:10'),
(129, 1, 'Masaya ako ngayon, may good news.', '2025-10-04 08:35:24'),
(130, 6, 'Medyo stressed sa school projects.', '2025-09-14 17:13:11'),
(131, 3, 'Tired pero nagpupush pa rin.', '2025-09-24 12:19:27'),
(132, 4, 'Medyo stressed sa school projects.', '2025-10-05 03:29:39'),
(133, 7, 'Gigil sa deadlines, kelangan ng plano.', '2025-09-21 16:11:51'),
(134, 2, 'Gigil sa deadlines, kelangan ng plano.', '2025-10-08 17:24:57'),
(135, 4, 'Tired pero nagpupush pa rin.', '2025-09-16 15:33:11'),
(136, 5, 'Okay naman, nag-break lang ako kanina.', '2025-09-17 10:04:53'),
(137, 1, 'Gigil sa deadlines, kelangan ng plano.', '2025-10-06 12:40:28'),
(138, 9, 'Gigil sa deadlines, kelangan ng plano.', '2025-09-26 01:31:11'),
(139, 10, 'Medyo stressed sa school projects.', '2025-09-16 20:34:52'),
(140, 7, 'Tired pero nagpupush pa rin.', '2025-09-27 20:33:27'),
(141, 7, 'Medyo stressed sa school projects.', '2025-10-10 01:36:36'),
(141, 5, 'Tired pero nagpupush pa rin.', '2025-09-20 21:05:21'),
(142, 8, 'Medyo stressed sa school projects.', '2025-10-07 20:29:10'),
(143, 6, 'Tired pero nagpupush pa rin.', '2025-09-20 04:47:45'),
(144, 6, 'Medyo stressed sa school projects.', '2025-10-04 14:33:03'),
(145, 9, 'Gigil sa deadlines, kelangan ng plano.', '2025-09-25 16:48:06'),
(146, 10, 'Gigil sa deadlines, kelangan ng plano.', '2025-10-09 10:04:44'),
(147, 3, 'Masaya ako ngayon, may good news.', '2025-09-26 00:11:13'),
(148, 8, 'Gigil sa deadlines, kelangan ng plano.', '2025-09-18 20:45:22'),
(149, 4, 'Masaya ako ngayon, may good news.', '2025-10-08 01:41:11'),
(150, 5, 'Tired pero nagpupush pa rin.', '2025-09-16 04:44:25'),
(150, 1, 'Gigil sa deadlines, kelangan ng plano.', '2025-09-21 12:55:19');

INSERT INTO checkin_sentiment (checkin_id, sentiment, emotions, confidence, model_version, analyzed_at) VALUES
(1, 'negative', 'anxiety, stress', 0.68, 'v1.2.0', '2025-09-27 05:59:33'),
(2, 'neutral', 'sadness, worry', 0.62, 'v1.2.0', '2025-10-04 03:32:28'),
(3, 'positive', 'neutral, thoughtful', 0.63, 'v1.2.0', '2025-10-04 14:02:29'),
(4, 'positive', 'anxiety, stress', 0.88, 'v1.2.0', '2025-09-17 11:28:27'),
(5, 'negative', 'neutral, thoughtful', 0.63, 'v1.2.0', '2025-09-30 11:14:34'),
(6, 'neutral', 'calm, relief', 0.8, 'v1.2.0', '2025-09-18 09:18:32'),
(7, 'neutral', 'sadness, worry', 0.82, 'v1.2.0', '2025-09-29 07:53:30'),
(8, 'negative', 'neutral, thoughtful', 0.85, 'v1.2.0', '2025-10-05 14:21:10'),
(9, 'negative', 'sadness, worry', 0.68, 'v1.2.0', '2025-10-08 22:29:41'),
(10, 'negative', 'neutral, thoughtful', 0.72, 'v1.2.0', '2025-09-18 21:43:21'),
(11, 'mixed', 'sadness, worry', 0.88, 'v1.2.0', '2025-10-07 20:25:24'),
(12, 'positive', 'neutral, thoughtful', 0.9, 'v1.2.0', '2025-10-10 07:41:27'),
(13, 'mixed', 'neutral, thoughtful', 0.87, 'v1.2.0', '2025-10-08 18:22:03'),
(14, 'negative', 'neutral, thoughtful', 0.87, 'v1.2.0', '2025-09-23 02:39:39'),
(15, 'neutral', 'calm, relief', 0.7, 'v1.2.0', '2025-09-25 17:43:32'),
(16, 'neutral', 'sadness, worry', 0.8, 'v1.2.0', '2025-09-15 22:54:01'),
(17, 'positive', 'neutral, thoughtful', 0.82, 'v1.2.0', '2025-09-28 14:31:12'),
(18, 'mixed', 'calm, relief', 0.65, 'v1.2.0', '2025-09-25 18:37:36'),
(19, 'neutral', 'calm, relief', 0.87, 'v1.2.0', '2025-10-04 08:15:17'),
(20, 'positive', 'neutral, thoughtful', 0.65, 'v1.2.0', '2025-09-24 03:53:51'),
(21, 'negative', 'anxiety, stress', 0.65, 'v1.2.0', '2025-10-12 04:20:57'),
(22, 'negative', 'sadness, worry', 0.94, 'v1.2.0', '2025-10-02 03:25:36'),
(23, 'negative', 'neutral, thoughtful', 0.95, 'v1.2.0', '2025-10-10 13:06:35'),
(24, 'negative', 'calm, relief', 0.74, 'v1.2.0', '2025-09-30 13:39:42'),
(25, 'neutral', 'anxiety, stress', 0.76, 'v1.2.0', '2025-10-02 08:46:32'),
(26, 'neutral', 'neutral, thoughtful', 0.88, 'v1.2.0', '2025-09-27 21:31:25'),
(27, 'positive', 'neutral, thoughtful', 0.84, 'v1.2.0', '2025-10-10 15:43:54'),
(28, 'negative', 'neutral, thoughtful', 0.65, 'v1.2.0', '2025-09-25 01:48:55'),
(29, 'positive', 'calm, relief', 0.91, 'v1.2.0', '2025-09-28 19:46:23'),
(30, 'negative', 'sadness, worry', 0.71, 'v1.2.0', '2025-10-03 12:43:16'),
(31, 'neutral', 'neutral, thoughtful', 0.82, 'v1.2.0', '2025-09-15 12:53:23'),
(32, 'positive', 'neutral, thoughtful', 0.92, 'v1.2.0', '2025-10-04 16:54:32'),
(33, 'negative', 'neutral, thoughtful', 0.89, 'v1.2.0', '2025-09-28 22:37:11'),
(34, 'negative', 'calm, relief', 0.69, 'v1.2.0', '2025-09-18 00:06:29'),
(35, 'mixed', 'sadness, worry', 0.87, 'v1.2.0', '2025-09-21 00:31:46'),
(36, 'positive', 'sadness, worry', 0.68, 'v1.2.0', '2025-09-21 06:43:31'),
(37, 'negative', 'neutral, thoughtful', 0.67, 'v1.2.0', '2025-09-30 05:45:11'),
(38, 'negative', 'sadness, worry', 0.89, 'v1.2.0', '2025-10-08 19:22:01'),
(39, 'mixed', 'anxiety, stress', 0.74, 'v1.2.0', '2025-09-30 10:23:00'),
(40, 'positive', 'neutral, thoughtful', 0.94, 'v1.2.0', '2025-09-29 05:31:41'),
(41, 'negative', 'calm, relief', 0.62, 'v1.2.0', '2025-10-09 04:30:56'),
(42, 'positive', 'calm, relief', 0.95, 'v1.2.0', '2025-09-16 22:11:09'),
(43, 'mixed', 'anxiety, stress', 0.96, 'v1.2.0', '2025-10-10 17:20:17'),
(44, 'mixed', 'sadness, worry', 0.98, 'v1.2.0', '2025-09-16 05:51:35'),
(45, 'positive', 'neutral, thoughtful', 0.97, 'v1.2.0', '2025-09-28 16:52:03'),
(46, 'positive', 'neutral, thoughtful', 0.67, 'v1.2.0', '2025-10-07 14:51:16'),
(47, 'positive', 'calm, relief', 0.64, 'v1.2.0', '2025-09-28 16:14:47'),
(48, 'positive', 'calm, relief', 0.74, 'v1.2.0', '2025-10-03 04:56:32'),
(49, 'negative', 'neutral, thoughtful', 0.9, 'v1.2.0', '2025-09-22 21:26:37'),
(50, 'negative', 'sadness, worry', 0.68, 'v1.2.0', '2025-09-16 15:37:04'),
(51, 'neutral', 'anxiety, stress', 0.92, 'v1.2.0', '2025-10-01 19:14:27'),
(52, 'positive', 'anxiety, stress', 0.72, 'v1.2.0', '2025-09-17 02:04:13'),
(53, 'negative', 'neutral, thoughtful', 0.81, 'v1.2.0', '2025-09-27 05:39:41'),
(54, 'positive', 'calm, relief', 0.76, 'v1.2.0', '2025-10-01 04:41:16'),
(55, 'negative', 'neutral, thoughtful', 0.73, 'v1.2.0', '2025-09-19 03:56:26'),
(56, 'negative', 'anxiety, stress', 0.79, 'v1.2.0', '2025-09-30 18:15:41'),
(57, 'negative', 'neutral, thoughtful', 0.79, 'v1.2.0', '2025-10-02 17:52:24'),
(58, 'neutral', 'anxiety, stress', 0.86, 'v1.2.0', '2025-09-30 14:25:14'),
(59, 'positive', 'calm, relief', 0.91, 'v1.2.0', '2025-09-30 13:40:58'),
(60, 'mixed', 'neutral, thoughtful', 0.62, 'v1.2.0', '2025-10-07 23:16:04'),
(61, 'negative', 'calm, relief', 0.67, 'v1.2.0', '2025-10-09 23:41:33'),
(62, 'negative', 'neutral, thoughtful', 0.91, 'v1.2.0', '2025-10-12 12:02:17'),
(63, 'negative', 'neutral, thoughtful', 0.83, 'v1.2.0', '2025-10-03 10:16:37'),
(64, 'positive', 'neutral, thoughtful', 0.86, 'v1.2.0', '2025-10-02 12:49:14'),
(65, 'negative', 'sadness, worry', 0.63, 'v1.2.0', '2025-09-29 09:56:19'),
(66, 'negative', 'anxiety, stress', 0.86, 'v1.2.0', '2025-09-30 15:38:49'),
(67, 'positive', 'neutral, thoughtful', 0.8, 'v1.2.0', '2025-09-24 16:59:25'),
(68, 'neutral', 'calm, relief', 0.73, 'v1.2.0', '2025-09-20 19:34:30'),
(69, 'negative', 'neutral, thoughtful', 0.95, 'v1.2.0', '2025-09-22 22:09:55'),
(70, 'neutral', 'calm, relief', 0.81, 'v1.2.0', '2025-09-18 14:28:10'),
(71, 'positive', 'anxiety, stress', 0.93, 'v1.2.0', '2025-10-05 00:47:33'),
(72, 'positive', 'neutral, thoughtful', 0.76, 'v1.2.0', '2025-09-17 11:11:56'),
(73, 'neutral', 'calm, relief', 0.77, 'v1.2.0', '2025-10-05 02:49:30'),
(74, 'mixed', 'calm, relief', 0.63, 'v1.2.0', '2025-10-05 01:52:45'),
(75, 'neutral', 'anxiety, stress', 0.7, 'v1.2.0', '2025-10-11 23:43:43'),
(76, 'positive', 'calm, relief', 0.81, 'v1.2.0', '2025-09-24 06:29:21'),
(77, 'positive', 'neutral, thoughtful', 0.8, 'v1.2.0', '2025-09-15 14:11:07'),
(78, 'mixed', 'anxiety, stress', 0.64, 'v1.2.0', '2025-10-09 09:59:42'),
(79, 'neutral', 'calm, relief', 0.99, 'v1.2.0', '2025-09-26 19:09:19'),
(80, 'negative', 'sadness, worry', 0.93, 'v1.2.0', '2025-10-12 10:44:09'),
(81, 'positive', 'anxiety, stress', 0.89, 'v1.2.0', '2025-10-07 17:53:47'),
(82, 'negative', 'sadness, worry', 0.95, 'v1.2.0', '2025-09-30 10:38:27'),
(83, 'negative', 'calm, relief', 0.96, 'v1.2.0', '2025-09-23 03:03:39'),
(84, 'negative', 'sadness, worry', 0.93, 'v1.2.0', '2025-09-15 05:28:36'),
(85, 'mixed', 'neutral, thoughtful', 0.84, 'v1.2.0', '2025-10-09 22:09:33'),
(86, 'negative', 'sadness, worry', 0.84, 'v1.2.0', '2025-09-14 20:27:11'),
(87, 'mixed', 'calm, relief', 0.79, 'v1.2.0', '2025-09-27 20:00:04'),
(88, 'negative', 'anxiety, stress', 0.77, 'v1.2.0', '2025-09-22 17:35:00'),
(89, 'negative', 'sadness, worry', 0.95, 'v1.2.0', '2025-10-06 10:21:46'),
(90, 'mixed', 'sadness, worry', 0.64, 'v1.2.0', '2025-10-07 19:33:08'),
(91, 'positive', 'calm, relief', 0.63, 'v1.2.0', '2025-09-16 16:04:04'),
(92, 'negative', 'sadness, worry', 0.82, 'v1.2.0', '2025-10-03 22:38:47'),
(93, 'neutral', 'anxiety, stress', 0.61, 'v1.2.0', '2025-10-11 20:46:37'),
(94, 'positive', 'sadness, worry', 0.66, 'v1.2.0', '2025-10-08 08:57:08'),
(95, 'neutral', 'calm, relief', 0.92, 'v1.2.0', '2025-09-22 06:40:29'),
(96, 'neutral', 'anxiety, stress', 0.98, 'v1.2.0', '2025-09-20 14:09:58'),
(97, 'negative', 'calm, relief', 0.73, 'v1.2.0', '2025-10-08 23:41:14'),
(98, 'negative', 'calm, relief', 0.91, 'v1.2.0', '2025-10-10 12:51:03'),
(99, 'negative', 'calm, relief', 0.64, 'v1.2.0', '2025-09-24 14:07:39'),
(100, 'mixed', 'anxiety, stress', 0.93, 'v1.2.0', '2025-09-30 17:31:00'),
(101, 'negative', 'anxiety, stress', 0.89, 'v1.2.0', '2025-10-04 01:02:37'),
(102, 'mixed', 'sadness, worry', 0.97, 'v1.2.0', '2025-09-25 19:11:48'),
(103, 'negative', 'neutral, thoughtful', 0.65, 'v1.2.0', '2025-09-19 02:31:43'),
(104, 'negative', 'calm, relief', 0.69, 'v1.2.0', '2025-09-16 19:36:11'),
(105, 'positive', 'anxiety, stress', 0.79, 'v1.2.0', '2025-09-18 21:01:41'),
(106, 'negative', 'anxiety, stress', 0.79, 'v1.2.0', '2025-09-27 17:02:23'),
(107, 'positive', 'calm, relief', 0.7, 'v1.2.0', '2025-09-15 10:04:52'),
(108, 'neutral', 'anxiety, stress', 0.98, 'v1.2.0', '2025-09-19 02:34:18'),
(109, 'negative', 'neutral, thoughtful', 0.87, 'v1.2.0', '2025-09-18 03:57:12'),
(110, 'neutral', 'sadness, worry', 0.88, 'v1.2.0', '2025-10-02 01:35:28'),
(111, 'neutral', 'anxiety, stress', 0.96, 'v1.2.0', '2025-09-20 16:15:30'),
(112, 'neutral', 'sadness, worry', 0.74, 'v1.2.0', '2025-09-27 05:46:31'),
(113, 'negative', 'anxiety, stress', 0.82, 'v1.2.0', '2025-09-24 06:23:19'),
(114, 'neutral', 'sadness, worry', 0.94, 'v1.2.0', '2025-09-29 13:06:38'),
(115, 'negative', 'sadness, worry', 0.62, 'v1.2.0', '2025-10-07 01:20:50'),
(116, 'negative', 'sadness, worry', 0.78, 'v1.2.0', '2025-09-30 16:15:06'),
(117, 'neutral', 'calm, relief', 0.94, 'v1.2.0', '2025-09-14 19:37:06'),
(118, 'negative', 'sadness, worry', 0.87, 'v1.2.0', '2025-09-17 04:17:04'),
(119, 'negative', 'calm, relief', 0.69, 'v1.2.0', '2025-09-15 08:52:08'),
(120, 'negative', 'calm, relief', 0.77, 'v1.2.0', '2025-09-23 02:45:08'),
(121, 'mixed', 'calm, relief', 0.76, 'v1.2.0', '2025-10-12 06:58:25'),
(122, 'positive', 'calm, relief', 0.76, 'v1.2.0', '2025-09-18 22:17:24'),
(123, 'positive', 'calm, relief', 0.92, 'v1.2.0', '2025-09-23 12:27:12'),
(124, 'mixed', 'sadness, worry', 0.85, 'v1.2.0', '2025-09-22 00:11:29'),
(125, 'positive', 'sadness, worry', 0.81, 'v1.2.0', '2025-10-09 09:48:22'),
(126, 'negative', 'neutral, thoughtful', 0.67, 'v1.2.0', '2025-10-11 14:27:19'),
(127, 'negative', 'anxiety, stress', 0.93, 'v1.2.0', '2025-09-20 10:33:49'),
(128, 'mixed', 'neutral, thoughtful', 0.86, 'v1.2.0', '2025-09-24 00:37:32'),
(129, 'mixed', 'anxiety, stress', 0.79, 'v1.2.0', '2025-09-21 16:12:45'),
(130, 'negative', 'anxiety, stress', 0.65, 'v1.2.0', '2025-10-10 08:35:43'),
(131, 'neutral', 'neutral, thoughtful', 0.86, 'v1.2.0', '2025-10-03 03:37:54'),
(132, 'negative', 'anxiety, stress', 0.7, 'v1.2.0', '2025-09-30 12:53:29'),
(133, 'positive', 'sadness, worry', 0.67, 'v1.2.0', '2025-09-22 16:48:59'),
(134, 'negative', 'sadness, worry', 0.82, 'v1.2.0', '2025-09-28 18:39:32'),
(135, 'neutral', 'neutral, thoughtful', 0.67, 'v1.2.0', '2025-09-20 13:59:23'),
(136, 'neutral', 'neutral, thoughtful', 0.87, 'v1.2.0', '2025-10-01 01:17:19'),
(137, 'positive', 'anxiety, stress', 0.95, 'v1.2.0', '2025-10-08 17:48:20'),
(138, 'negative', 'anxiety, stress', 0.72, 'v1.2.0', '2025-09-27 15:14:15'),
(139, 'mixed', 'anxiety, stress', 0.62, 'v1.2.0', '2025-09-27 12:41:05'),
(140, 'positive', 'calm, relief', 0.63, 'v1.2.0', '2025-09-25 22:41:52'),
(141, 'mixed', 'calm, relief', 0.6, 'v1.2.0', '2025-10-06 01:32:12'),
(142, 'mixed', 'neutral, thoughtful', 0.95, 'v1.2.0', '2025-10-02 21:43:40'),
(143, 'neutral', 'calm, relief', 0.69, 'v1.2.0', '2025-09-26 16:30:55'),
(144, 'negative', 'sadness, worry', 0.7, 'v1.2.0', '2025-09-25 11:26:38'),
(145, 'neutral', 'sadness, worry', 0.92, 'v1.2.0', '2025-10-10 10:15:36'),
(146, 'neutral', 'neutral, thoughtful', 0.87, 'v1.2.0', '2025-09-28 21:40:10'),
(147, 'negative', 'neutral, thoughtful', 0.89, 'v1.2.0', '2025-10-06 20:52:42'),
(148, 'mixed', 'sadness, worry', 0.7, 'v1.2.0', '2025-10-11 00:44:16'),
(149, 'negative', 'neutral, thoughtful', 0.72, 'v1.2.0', '2025-09-25 13:04:58'),
(150, 'neutral', 'anxiety, stress', 0.64, 'v1.2.0', '2025-09-20 11:49:06'),
(151, 'negative', 'calm, relief', 0.83, 'v1.2.0', '2025-09-23 12:29:43'),
(152, 'positive', 'neutral, thoughtful', 0.91, 'v1.2.0', '2025-10-11 09:34:24'),
(153, 'positive', 'sadness, worry', 0.83, 'v1.2.0', '2025-10-06 08:06:44'),
(154, 'mixed', 'calm, relief', 0.74, 'v1.2.0', '2025-09-29 11:05:23'),
(155, 'negative', 'calm, relief', 0.64, 'v1.2.0', '2025-10-08 04:05:44'),
(156, 'positive', 'calm, relief', 0.76, 'v1.2.0', '2025-10-11 05:11:10'),
(157, 'neutral', 'anxiety, stress', 0.8, 'v1.2.0', '2025-10-04 08:44:24'),
(158, 'mixed', 'anxiety, stress', 0.68, 'v1.2.0', '2025-09-14 17:15:11'),
(159, 'negative', 'neutral, thoughtful', 0.85, 'v1.2.0', '2025-09-24 12:26:27'),
(160, 'neutral', 'sadness, worry', 0.85, 'v1.2.0', '2025-10-05 04:28:39'),
(161, 'neutral', 'calm, relief', 0.9, 'v1.2.0', '2025-09-21 17:56:51'),
(162, 'positive', 'anxiety, stress', 0.61, 'v1.2.0', '2025-10-08 18:31:57'),
(163, 'neutral', 'anxiety, stress', 0.81, 'v1.2.0', '2025-09-16 17:12:11'),
(164, 'mixed', 'anxiety, stress', 0.68, 'v1.2.0', '2025-09-17 11:05:53'),
(165, 'negative', 'neutral, thoughtful', 0.85, 'v1.2.0', '2025-10-06 14:12:28'),
(166, 'positive', 'anxiety, stress', 0.63, 'v1.2.0', '2025-09-26 02:41:11'),
(167, 'negative', 'neutral, thoughtful', 0.66, 'v1.2.0', '2025-09-16 22:15:52'),
(168, 'positive', 'sadness, worry', 0.73, 'v1.2.0', '2025-09-27 21:38:27'),
(169, 'positive', 'anxiety, stress', 0.87, 'v1.2.0', '2025-10-10 03:06:36'),
(170, 'negative', 'anxiety, stress', 0.77, 'v1.2.0', '2025-09-20 21:26:21'),
(171, 'negative', 'anxiety, stress', 0.72, 'v1.2.0', '2025-10-07 20:46:10'),
(172, 'negative', 'calm, relief', 0.67, 'v1.2.0', '2025-09-20 06:05:45'),
(173, 'neutral', 'anxiety, stress', 0.62, 'v1.2.0', '2025-10-04 16:28:03'),
(174, 'negative', 'sadness, worry', 0.75, 'v1.2.0', '2025-09-25 16:52:06'),
(175, 'positive', 'anxiety, stress', 0.99, 'v1.2.0', '2025-10-09 10:25:44'),
(176, 'negative', 'sadness, worry', 0.98, 'v1.2.0', '2025-09-26 00:37:13'),
(177, 'negative', 'neutral, thoughtful', 0.82, 'v1.2.0', '2025-09-18 22:36:22'),
(178, 'neutral', 'neutral, thoughtful', 0.84, 'v1.2.0', '2025-10-08 01:55:11'),
(179, 'neutral', 'neutral, thoughtful', 0.77, 'v1.2.0', '2025-09-16 04:53:25'),
(180, 'mixed', 'anxiety, stress', 0.62, 'v1.2.0', '2025-09-21 14:06:19');

-- conversations and messages (recent weeks)
INSERT INTO conversations (conversation_id, initiator_user_id, initiator_role, subject, status, created_at, last_activity_at) VALUES
(1, 150, 'student', 'Family issue', 'open', '2025-09-18 16:14:09', '2025-09-19 05:28:09'),
(2, 54, 'student', 'Family issue', 'open', '2025-09-28 23:58:38', '2025-09-29 05:07:38'),
(3, 92, 'student', 'Career advice', 'open', '2025-09-29 02:16:51', '2025-09-29 11:27:51'),
(4, 139, 'student', 'Request for appointment', 'open', '2025-09-19 17:53:02', '2025-09-20 06:52:02'),
(5, 74, 'student', 'Relationship problem', 'open', '2025-10-08 09:48:43', '2025-10-08 16:42:43'),
(6, 102, 'student', 'Family issue', 'open', '2025-10-03 02:46:42', '2025-10-03 11:56:42'),
(7, 100, 'student', 'Family issue', 'open', '2025-09-21 09:30:37', '2025-09-21 16:52:37'),
(8, 66, 'student', 'Family issue', 'open', '2025-09-20 16:49:50', '2025-09-21 01:51:50'),
(9, 115, 'student', 'Family issue', 'open', '2025-10-11 00:07:27', '2025-10-11 06:55:27'),
(10, 11, 'student', 'Tulong sa anxiety', 'open', '2025-09-26 19:33:02', '2025-09-27 08:20:02'),
(11, 102, 'student', 'Procrastination', 'open', '2025-10-08 21:08:21', '2025-10-09 07:44:21'),
(12, 137, 'student', 'Request for appointment', 'open', '2025-09-16 13:56:06', '2025-09-16 19:03:06'),
(13, 24, 'student', 'Procrastination', 'open', '2025-09-22 01:08:57', '2025-09-22 11:47:57'),
(14, 111, 'student', 'Career advice', 'open', '2025-09-28 05:12:34', '2025-09-28 11:21:34'),
(15, 59, 'student', 'Request for appointment', 'open', '2025-09-29 22:01:27', '2025-09-30 07:22:27'),
(16, 28, 'student', 'Career advice', 'open', '2025-09-14 22:07:19', '2025-09-15 05:49:19'),
(17, 29, 'student', 'Family issue', 'open', '2025-10-03 06:58:59', '2025-10-03 12:53:59'),
(18, 65, 'student', 'Tulong sa anxiety', 'open', '2025-10-11 03:04:19', '2025-10-11 14:32:19'),
(19, 57, 'student', 'Procrastination', 'open', '2025-09-28 00:43:07', '2025-09-28 11:33:07'),
(20, 32, 'student', 'Tulong sa anxiety', 'open', '2025-09-17 14:27:26', '2025-09-17 20:24:26'),
(21, 9, 'student', 'Procrastination', 'open', '2025-10-07 09:45:37', '2025-10-07 17:33:37'),
(22, 142, 'student', 'Stress sa exams', 'open', '2025-09-16 01:58:04', '2025-09-16 12:30:04'),
(23, 100, 'student', 'Tulong sa anxiety', 'open', '2025-10-11 06:51:46', '2025-10-11 11:13:46'),
(24, 137, 'student', 'Tulong sa anxiety', 'open', '2025-09-23 09:22:37', '2025-09-23 15:16:37'),
(25, 35, 'student', 'Career advice', 'open', '2025-10-06 17:42:49', '2025-10-06 23:54:49'),
(26, 116, 'student', 'Relationship problem', 'open', '2025-10-06 13:57:14', '2025-10-06 21:01:14'),
(27, 58, 'student', 'Procrastination', 'open', '2025-10-10 09:37:57', '2025-10-10 16:23:57'),
(28, 87, 'student', 'Relationship problem', 'open', '2025-10-07 19:54:29', '2025-10-08 04:25:29'),
(29, 50, 'student', 'Procrastination', 'open', '2025-09-27 10:24:48', '2025-09-27 15:52:48'),
(30, 124, 'student', 'Relationship problem', 'open', '2025-10-05 18:49:35', '2025-10-05 23:58:35'),
(31, 63, 'student', 'Family issue', 'open', '2025-10-06 10:10:44', '2025-10-07 01:20:44'),
(32, 30, 'student', 'Family issue', 'open', '2025-09-20 04:35:57', '2025-09-20 10:06:57'),
(33, 116, 'student', 'Request for appointment', 'open', '2025-10-07 23:21:02', '2025-10-08 04:37:02'),
(34, 142, 'student', 'Request for appointment', 'open', '2025-10-09 14:37:44', '2025-10-09 22:04:44'),
(35, 15, 'student', 'Tulong sa anxiety', 'open', '2025-09-30 19:33:13', '2025-10-01 02:54:13'),
(36, 116, 'student', 'Procrastination', 'open', '2025-09-30 11:09:39', '2025-09-30 15:52:39'),
(37, 69, 'student', 'Career advice', 'open', '2025-10-05 14:45:52', '2025-10-05 20:52:52'),
(38, 106, 'student', 'Stress sa exams', 'open', '2025-10-08 07:28:06', '2025-10-08 18:28:06'),
(39, 102, 'student', 'Family issue', 'open', '2025-09-24 11:30:24', '2025-09-24 17:52:24'),
(40, 38, 'student', 'Request for appointment', 'open', '2025-09-23 19:08:22', '2025-09-24 01:57:22'),
(41, 84, 'student', 'Career advice', 'open', '2025-09-25 03:46:27', '2025-09-25 11:43:27'),
(42, 24, 'student', 'Family issue', 'open', '2025-09-17 13:47:03', '2025-09-17 23:34:03'),
(43, 11, 'student', 'Tulong sa anxiety', 'open', '2025-10-08 15:47:50', '2025-10-08 23:49:50'),
(44, 110, 'student', 'Tulong sa anxiety', 'open', '2025-09-15 07:59:43', '2025-09-15 13:13:43'),
(45, 70, 'student', 'Relationship problem', 'open', '2025-09-23 11:19:30', '2025-09-23 15:50:30'),
(46, 24, 'student', 'Relationship problem', 'open', '2025-10-04 05:02:46', '2025-10-04 11:52:46'),
(47, 60, 'student', 'Procrastination', 'open', '2025-09-22 17:47:41', '2025-09-23 01:44:41'),
(48, 125, 'student', 'Family issue', 'open', '2025-09-14 15:25:30', '2025-09-15 00:28:30'),
(49, 69, 'student', 'Relationship problem', 'open', '2025-10-09 21:36:20', '2025-10-10 04:17:20'),
(50, 117, 'student', 'Family issue', 'open', '2025-09-22 08:40:32', '2025-09-22 20:27:32'),
(51, 22, 'student', 'Stress sa exams', 'open', '2025-10-07 07:11:08', '2025-10-07 15:56:08'),
(52, 118, 'student', 'Procrastination', 'open', '2025-10-11 20:40:28', '2025-10-12 07:21:28'),
(53, 145, 'student', 'Request for appointment', 'open', '2025-09-28 00:31:45', '2025-09-28 06:45:45'),
(54, 150, 'student', 'Request for appointment', 'open', '2025-09-30 18:47:58', '2025-10-01 03:04:58'),
(55, 26, 'student', 'Relationship problem', 'open', '2025-10-03 23:36:08', '2025-10-04 09:34:08'),
(56, 14, 'student', 'Career advice', 'open', '2025-09-30 13:18:36', '2025-09-30 19:32:36'),
(57, 109, 'student', 'Procrastination', 'open', '2025-09-25 09:34:46', '2025-09-25 20:10:46'),
(58, 82, 'student', 'Request for appointment', 'open', '2025-10-10 03:26:46', '2025-10-10 14:13:46'),
(59, 124, 'student', 'Career advice', 'open', '2025-09-15 16:04:28', '2025-09-16 02:00:28'),
(60, 121, 'student', 'Procrastination', 'open', '2025-10-01 01:55:19', '2025-10-01 16:19:19'),
(61, 8, 'student', 'Stress sa exams', 'open', '2025-09-18 21:24:42', '2025-09-19 04:16:42'),
(62, 145, 'student', 'Stress sa exams', 'open', '2025-10-02 00:08:07', '2025-10-02 10:02:07'),
(63, 24, 'student', 'Family issue', 'open', '2025-09-29 05:28:41', '2025-09-29 09:56:41'),
(64, 49, 'student', 'Family issue', 'open', '2025-10-04 09:10:06', '2025-10-04 19:33:06'),
(65, 142, 'student', 'Relationship problem', 'open', '2025-09-24 15:56:31', '2025-09-24 21:03:31'),
(66, 99, 'student', 'Tulong sa anxiety', 'open', '2025-09-29 01:00:21', '2025-09-29 05:11:21'),
(67, 28, 'student', 'Request for appointment', 'open', '2025-09-18 19:57:47', '2025-09-19 03:10:47'),
(68, 146, 'student', 'Family issue', 'open', '2025-10-10 16:05:26', '2025-10-11 01:34:26'),
(69, 90, 'student', 'Request for appointment', 'open', '2025-10-06 17:35:35', '2025-10-07 02:20:35'),
(70, 29, 'student', 'Request for appointment', 'open', '2025-09-25 08:42:21', '2025-09-25 18:09:21'),
(71, 55, 'student', 'Family issue', 'open', '2025-09-27 15:29:13', '2025-09-28 04:35:13'),
(72, 142, 'student', 'Career advice', 'open', '2025-10-11 10:55:28', '2025-10-11 13:53:28'),
(73, 112, 'student', 'Relationship problem', 'open', '2025-10-08 12:45:27', '2025-10-08 19:27:27'),
(74, 79, 'student', 'Procrastination', 'open', '2025-10-10 22:02:44', '2025-10-11 08:35:44'),
(75, 99, 'student', 'Procrastination', 'open', '2025-09-29 12:03:52', '2025-09-29 19:46:52'),
(76, 72, 'student', 'Career advice', 'open', '2025-10-06 13:51:54', '2025-10-06 23:02:54'),
(77, 94, 'student', 'Career advice', 'open', '2025-09-19 23:42:41', '2025-09-20 05:22:41'),
(78, 60, 'student', 'Relationship problem', 'open', '2025-09-23 22:37:36', '2025-09-24 05:32:36'),
(79, 67, 'student', 'Family issue', 'open', '2025-10-09 00:34:17', '2025-10-09 12:43:17'),
(80, 13, 'student', 'Request for appointment', 'open', '2025-09-19 14:09:36', '2025-09-20 01:56:36'),
(81, 132, 'student', 'Stress sa exams', 'open', '2025-09-23 21:57:45', '2025-09-24 06:56:45'),
(82, 107, 'student', 'Stress sa exams', 'open', '2025-09-24 20:17:48', '2025-09-25 01:59:48'),
(83, 57, 'student', 'Request for appointment', 'open', '2025-09-14 19:51:18', '2025-09-15 04:21:18'),
(84, 74, 'student', 'Relationship problem', 'open', '2025-09-16 14:24:16', '2025-09-17 00:55:16'),
(85, 57, 'student', 'Career advice', 'open', '2025-10-10 07:29:56', '2025-10-10 12:20:56'),
(86, 8, 'student', 'Family issue', 'open', '2025-10-01 12:38:34', '2025-10-01 22:50:34'),
(87, 111, 'student', 'Family issue', 'open', '2025-10-02 17:50:33', '2025-10-03 03:47:33'),
(88, 144, 'student', 'Procrastination', 'open', '2025-09-23 13:46:48', '2025-09-23 21:37:48'),
(89, 133, 'student', 'Stress sa exams', 'open', '2025-10-02 10:39:23', '2025-10-02 18:22:23'),
(90, 112, 'student', 'Tulong sa anxiety', 'open', '2025-09-22 12:28:56', '2025-09-22 22:57:56'),
(91, 133, 'student', 'Career advice', 'open', '2025-09-17 22:18:08', '2025-09-18 14:01:08'),
(92, 89, 'student', 'Family issue', 'open', '2025-09-18 22:38:31', '2025-09-19 04:16:31'),
(93, 68, 'student', 'Request for appointment', 'open', '2025-09-18 18:54:45', '2025-09-18 22:37:45'),
(94, 84, 'student', 'Career advice', 'open', '2025-10-09 05:04:50', '2025-10-09 15:28:50'),
(95, 24, 'student', 'Request for appointment', 'open', '2025-09-19 14:27:40', '2025-09-20 03:01:40'),
(96, 137, 'student', 'Family issue', 'open', '2025-09-30 12:25:09', '2025-10-01 00:59:09'),
(97, 51, 'student', 'Tulong sa anxiety', 'open', '2025-10-01 05:45:43', '2025-10-01 16:49:43'),
(98, 96, 'student', 'Relationship problem', 'open', '2025-10-11 06:07:45', '2025-10-11 10:59:45'),
(99, 50, 'student', 'Stress sa exams', 'open', '2025-10-06 19:23:49', '2025-10-07 05:35:49'),
(100, 76, 'student', 'Stress sa exams', 'open', '2025-09-25 03:03:46', '2025-09-25 13:18:46'),
(101, 85, 'student', 'Tulong sa anxiety', 'open', '2025-09-30 10:14:49', '2025-09-30 15:32:49'),
(102, 106, 'student', 'Stress sa exams', 'open', '2025-10-02 16:28:12', '2025-10-03 07:24:12'),
(103, 122, 'student', 'Tulong sa anxiety', 'open', '2025-09-22 03:37:34', '2025-09-22 11:05:34'),
(104, 148, 'student', 'Procrastination', 'open', '2025-10-06 06:28:37', '2025-10-06 17:38:37'),
(105, 29, 'student', 'Career advice', 'open', '2025-10-06 20:26:52', '2025-10-07 07:19:52'),
(106, 22, 'student', 'Procrastination', 'open', '2025-10-05 19:05:38', '2025-10-06 04:24:38'),
(107, 81, 'student', 'Family issue', 'open', '2025-09-22 18:21:31', '2025-09-23 03:12:31'),
(108, 122, 'student', 'Career advice', 'open', '2025-09-27 16:52:53', '2025-09-28 05:44:53'),
(109, 102, 'student', 'Career advice', 'open', '2025-10-07 22:34:00', '2025-10-08 08:55:00'),
(110, 104, 'student', 'Relationship problem', 'open', '2025-09-15 18:22:33', '2025-09-16 02:34:33'),
(111, 128, 'student', 'Request for appointment', 'open', '2025-10-01 15:35:07', '2025-10-01 22:34:07'),
(112, 134, 'student', 'Request for appointment', 'open', '2025-09-29 18:28:55', '2025-09-30 04:56:55'),
(113, 90, 'student', 'Relationship problem', 'open', '2025-09-23 17:45:31', '2025-09-24 04:09:31'),
(114, 28, 'student', 'Stress sa exams', 'open', '2025-10-07 10:26:45', '2025-10-08 03:47:45'),
(115, 97, 'student', 'Procrastination', 'open', '2025-10-01 00:04:12', '2025-10-01 09:57:12'),
(116, 41, 'student', 'Relationship problem', 'open', '2025-10-10 13:16:59', '2025-10-10 18:59:59'),
(117, 80, 'student', 'Relationship problem', 'open', '2025-09-15 16:06:34', '2025-09-15 22:40:34'),
(118, 14, 'student', 'Procrastination', 'open', '2025-09-17 21:15:43', '2025-09-18 09:42:43'),
(119, 49, 'student', 'Request for appointment', 'open', '2025-09-28 14:08:20', '2025-09-28 20:10:20'),
(120, 127, 'student', 'Relationship problem', 'open', '2025-09-15 01:32:45', '2025-09-15 10:06:45');

INSERT INTO messages (conversation_id, sender_id, content, is_read, timestamp) VALUES
(1, 150, 'Hi po, pwede po magpa-appointment? Sobrang stress sa exams.', 0, '2025-09-18 16:23:09'),
(1, 6, 'Pasensya sa pinagdadaanan mo. Importanteng mag-prioritize ng self-care ngayon.', 0, '2025-09-18 19:24:09'),
(1, 150, 'Salamat po, available po ako sa schedule.', 0, '2025-09-18 21:21:09'),
(1, 7, 'Naiintindihan ko ang stress mo. Pwede tayong mag-schedule ng short session para gumawa ng coping plan.', 0, '2025-09-18 23:02:09'),
(1, 150, 'Sige po, mag-book ako. Ano po dapat dalhin?', 0, '2025-09-19 02:16:09'),
(1, 5, 'Salamat sa pagbabahagi. Naiintindihan ko, available ako bukas 10:00-12:00 para mag-usap.', 0, '2025-09-19 05:28:09'),
(2, 54, 'Hello, nahihirapan po ako sa group project at gusto ko ng advice.', 1, '2025-09-29 00:16:38'),
(2, 5, 'Salamat sa pagbabahagi. Naiintindihan ko, available ako bukas 10:00-12:00 para mag-usap.', 0, '2025-09-29 02:26:38'),
(2, 54, 'Sige po, mag-book ako. Ano po dapat dalhin?', 0, '2025-09-29 05:07:38'),
(3, 92, 'Hello, nahihirapan po ako sa group project at gusto ko ng advice.', 0, '2025-09-29 02:51:51'),
(3, 3, 'Pasensya sa pinagdadaanan mo. Importanteng mag-prioritize ng self-care ngayon.', 0, '2025-09-29 06:29:51'),
(3, 92, 'Pwede online po muna? Salamat.', 0, '2025-09-29 07:40:51'),
(3, 7, 'Pasensya sa pinagdadaanan mo. Importanteng mag-prioritize ng self-care ngayon.', 0, '2025-09-29 08:46:51'),
(3, 92, 'Salamat po, available po ako sa schedule.', 0, '2025-09-29 10:12:51'),
(3, 3, 'Salamat sa pagbabahagi. Naiintindihan ko, available ako bukas 10:00-12:00 para mag-usap.', 0, '2025-09-29 11:27:51'),
(4, 139, 'Hi po, pwede po magpa-appointment? Sobrang stress sa exams.', 0, '2025-09-19 18:07:02'),
(4, 7, 'Pasensya sa pinagdadaanan mo. Importanteng mag-prioritize ng self-care ngayon.', 0, '2025-09-19 21:03:02'),
(4, 139, 'Sige po, mag-book ako. Ano po dapat dalhin?', 0, '2025-09-19 23:39:02'),
(4, 5, 'Salamat sa pagbabahagi. Naiintindihan ko, available ako bukas 10:00-12:00 para mag-usap.', 0, '2025-09-20 03:19:02'),
(4, 139, 'Pwede online po muna? Salamat.', 0, '2025-09-20 04:41:02'),
(4, 5, 'Pasensya sa pinagdadaanan mo. Importanteng mag-prioritize ng self-care ngayon.', 0, '2025-09-20 06:52:02'),
(5, 74, 'Hi po, pwede po magpa-appointment? Sobrang stress sa exams.', 1, '2025-10-08 10:01:43'),
(5, 3, 'Salamat sa pagbabahagi. Naiintindihan ko, available ako bukas 10:00-12:00 para mag-usap.', 0, '2025-10-08 13:33:43'),
(5, 74, 'Salamat po, available po ako sa schedule.', 0, '2025-10-08 14:13:43'),
(5, 5, 'Salamat sa pagbabahagi. Naiintindihan ko, available ako bukas 10:00-12:00 para mag-usap.', 0, '2025-10-08 16:42:43'),
(6, 102, 'Hi po, pwede po magpa-appointment? Sobrang stress sa exams.', 1, '2025-10-03 02:54:42'),
(6, 6, 'Naiintindihan ko ang stress mo. Pwede tayong mag-schedule ng short session para gumawa ng coping plan.', 0, '2025-10-03 05:20:42'),
(6, 102, 'Salamat po, available po ako sa schedule.', 0, '2025-10-03 06:36:42'),
(6, 7, 'Naiintindihan ko ang stress mo. Pwede tayong mag-schedule ng short session para gumawa ng coping plan.', 0, '2025-10-03 09:34:42'),
(6, 102, 'Pwede online po muna? Salamat.', 0, '2025-10-03 11:56:42'),
(7, 100, 'Hi, may panic attacks po ako lately, kailangan ng kausap.', 1, '2025-09-21 11:27:37'),
(7, 2, 'Naiintindihan ko ang stress mo. Pwede tayong mag-schedule ng short session para gumawa ng coping plan.', 0, '2025-09-21 12:53:37'),
(7, 100, 'Pwede online po muna? Salamat.', 0, '2025-09-21 15:20:37'),
(7, 1, 'Pasensya sa pinagdadaanan mo. Importanteng mag-prioritize ng self-care ngayon.', 0, '2025-09-21 16:09:37'),
(7, 100, 'Sige po, mag-book ako. Ano po dapat dalhin?', 0, '2025-09-21 16:39:37'),
(7, 6, 'Salamat sa pagbabahagi. Naiintindihan ko, available ako bukas 10:00-12:00 para mag-usap.', 0, '2025-09-21 16:52:37'),
(8, 66, 'Hi po, pwede po magpa-appointment? Sobrang stress sa exams.', 0, '2025-09-20 18:03:50'),
(8, 1, 'Salamat sa pagbabahagi. Naiintindihan ko, available ako bukas 10:00-12:00 para mag-usap.', 0, '2025-09-20 20:58:50'),
(8, 66, 'Pwede online po muna? Salamat.', 0, '2025-09-20 22:13:50'),
(8, 4, 'Salamat sa pagbabahagi. Naiintindihan ko, available ako bukas 10:00-12:00 para mag-usap.', 0, '2025-09-21 00:08:50'),
(8, 66, 'Salamat po, available po ako sa schedule.', 0, '2025-09-21 01:51:50'),
(9, 115, 'Hello, nahihirapan po ako sa group project at gusto ko ng advice.', 1, '2025-10-11 03:05:27'),
(9, 6, 'Naiintindihan ko ang stress mo. Pwede tayong mag-schedule ng short session para gumawa ng coping plan.', 0, '2025-10-11 06:47:27'),
(9, 115, 'Salamat po, available po ako sa schedule.', 0, '2025-10-11 06:55:27'),
(10, 11, 'Hello, nahihirapan po ako sa group project at gusto ko ng advice.', 1, '2025-09-26 20:18:02'),
(10, 7, 'Naiintindihan ko ang stress mo. Pwede tayong mag-schedule ng short session para gumawa ng coping plan.', 0, '2025-09-27 00:13:02'),
(10, 11, 'Pwede online po muna? Salamat.', 0, '2025-09-27 01:05:02'),
(10, 4, 'Salamat sa pagbabahagi. Naiintindihan ko, available ako bukas 10:00-12:00 para mag-usap.', 0, '2025-09-27 04:42:02'),
(10, 11, 'Pwede online po muna? Salamat.', 0, '2025-09-27 07:27:02'),
(10, 3, 'Pasensya sa pinagdadaanan mo. Importanteng mag-prioritize ng self-care ngayon.', 0, '2025-09-27 08:20:02'),
(11, 102, 'Hello, nahihirapan po ako sa group project at gusto ko ng advice.', 1, '2025-10-08 23:51:21'),
(11, 1, 'Naiintindihan ko ang stress mo. Pwede tayong mag-schedule ng short session para gumawa ng coping plan.', 0, '2025-10-09 02:15:21'),
(11, 102, 'Sige po, mag-book ako. Ano po dapat dalhin?', 0, '2025-10-09 04:02:21'),
(11, 2, 'Pasensya sa pinagdadaanan mo. Importanteng mag-prioritize ng self-care ngayon.', 0, '2025-10-09 07:44:21'),
(12, 137, 'Hello, nahihirapan po ako sa group project at gusto ko ng advice.', 0, '2025-09-16 14:29:06'),
(12, 3, 'Pasensya sa pinagdadaanan mo. Importanteng mag-prioritize ng self-care ngayon.', 0, '2025-09-16 15:48:06'),
(12, 137, 'Pwede online po muna? Salamat.', 0, '2025-09-16 15:56:06'),
(12, 2, 'Salamat sa pagbabahagi. Naiintindihan ko, available ako bukas 10:00-12:00 para mag-usap.', 0, '2025-09-16 19:03:06'),
(13, 24, 'Hi po, pwede po magpa-appointment? Sobrang stress sa exams.', 0, '2025-09-22 03:44:57'),
(13, 7, 'Naiintindihan ko ang stress mo. Pwede tayong mag-schedule ng short session para gumawa ng coping plan.', 0, '2025-09-22 04:43:57'),
(13, 24, 'Sige po, mag-book ako. Ano po dapat dalhin?', 0, '2025-09-22 06:01:57'),
(13, 5, 'Naiintindihan ko ang stress mo. Pwede tayong mag-schedule ng short session para gumawa ng coping plan.', 0, '2025-09-22 10:01:57'),
(13, 24, 'Salamat po, available po ako sa schedule.', 0, '2025-09-22 11:11:57'),
(13, 7, 'Naiintindihan ko ang stress mo. Pwede tayong mag-schedule ng short session para gumawa ng coping plan.', 0, '2025-09-22 11:47:57'),
(14, 111, 'Hi po, pwede po magpa-appointment? Sobrang stress sa exams.', 1, '2025-09-28 07:10:34'),
(14, 6, 'Salamat sa pagbabahagi. Naiintindihan ko, available ako bukas 10:00-12:00 para mag-usap.', 0, '2025-09-28 10:02:34'),
(14, 111, 'Sige po, mag-book ako. Ano po dapat dalhin?', 0, '2025-09-28 11:21:34'),
(15, 59, 'Hello, nahihirapan po ako sa group project at gusto ko ng advice.', 1, '2025-09-29 23:45:27'),
(15, 2, 'Pasensya sa pinagdadaanan mo. Importanteng mag-prioritize ng self-care ngayon.', 0, '2025-09-30 02:24:27'),
(15, 59, 'Sige po, mag-book ako. Ano po dapat dalhin?', 0, '2025-09-30 02:48:27'),
(15, 5, 'Naiintindihan ko ang stress mo. Pwede tayong mag-schedule ng short session para gumawa ng coping plan.', 0, '2025-09-30 05:16:27'),
(15, 59, 'Sige po, mag-book ako. Ano po dapat dalhin?', 0, '2025-09-30 07:22:27'),
(16, 28, 'Hello, nahihirapan po ako sa group project at gusto ko ng advice.', 1, '2025-09-14 23:39:19'),
(16, 1, 'Pasensya sa pinagdadaanan mo. Importanteng mag-prioritize ng self-care ngayon.', 0, '2025-09-15 01:26:19'),
(16, 28, 'Sige po, mag-book ako. Ano po dapat dalhin?', 0, '2025-09-15 02:02:19'),
(16, 2, 'Pasensya sa pinagdadaanan mo. Importanteng mag-prioritize ng self-care ngayon.', 0, '2025-09-15 03:02:19'),
(16, 28, 'Sige po, mag-book ako. Ano po dapat dalhin?', 0, '2025-09-15 05:49:19'),
(17, 29, 'Hi, may panic attacks po ako lately, kailangan ng kausap.', 1, '2025-10-03 08:43:59'),
(17, 4, 'Salamat sa pagbabahagi. Naiintindihan ko, available ako bukas 10:00-12:00 para mag-usap.', 0, '2025-10-03 12:20:59'),
(17, 29, 'Salamat po, available po ako sa schedule.', 0, '2025-10-03 12:53:59'),
(18, 65, 'Hi, may panic attacks po ako lately, kailangan ng kausap.', 1, '2025-10-11 05:31:19'),
(18, 5, 'Pasensya sa pinagdadaanan mo. Importanteng mag-prioritize ng self-care ngayon.', 0, '2025-10-11 09:27:19'),
(18, 65, 'Sige po, mag-book ako. Ano po dapat dalhin?', 0, '2025-10-11 12:04:19'),
(18, 6, 'Pasensya sa pinagdadaanan mo. Importanteng mag-prioritize ng self-care ngayon.', 0, '2025-10-11 14:32:19'),
(19, 57, 'Hi po, pwede po magpa-appointment? Sobrang stress sa exams.', 0, '2025-09-28 00:53:07'),
(19, 5, 'Salamat sa pagbabahagi. Naiintindihan ko, available ako bukas 10:00-12:00 para mag-usap.', 0, '2025-09-28 03:45:07'),
(19, 57, 'Salamat po, available po ako sa schedule.', 0, '2025-09-28 04:20:07'),
(19, 5, 'Salamat sa pagbabahagi. Naiintindihan ko, available ako bukas 10:00-12:00 para mag-usap.', 0, '2025-09-28 05:54:07'),
(19, 57, 'Sige po, mag-book ako. Ano po dapat dalhin?', 0, '2025-09-28 08:43:07'),
(19, 3, 'Salamat sa pagbabahagi. Naiintindihan ko, available ako bukas 10:00-12:00 para mag-usap.', 0, '2025-09-28 11:33:07'),
(20, 32, 'Hello, nahihirapan po ako sa group project at gusto ko ng advice.', 1, '2025-09-17 14:31:26'),
(20, 6, 'Pasensya sa pinagdadaanan mo. Importanteng mag-prioritize ng self-care ngayon.', 0, '2025-09-17 15:16:26'),
(20, 32, 'Sige po, mag-book ako. Ano po dapat dalhin?', 0, '2025-09-17 18:03:26'),
(20, 5, 'Salamat sa pagbabahagi. Naiintindihan ko, available ako bukas 10:00-12:00 para mag-usap.', 0, '2025-09-17 20:24:26'),
(21, 9, 'Hi po, pwede po magpa-appointment? Sobrang stress sa exams.', 1, '2025-10-07 10:37:37'),
(21, 7, 'Pasensya sa pinagdadaanan mo. Importanteng mag-prioritize ng self-care ngayon.', 0, '2025-10-07 12:08:37'),
(21, 9, 'Pwede online po muna? Salamat.', 0, '2025-10-07 13:02:37'),
(21, 3, 'Pasensya sa pinagdadaanan mo. Importanteng mag-prioritize ng self-care ngayon.', 0, '2025-10-07 13:28:37'),
(21, 9, 'Sige po, mag-book ako. Ano po dapat dalhin?', 0, '2025-10-07 15:38:37'),
(21, 1, 'Salamat sa pagbabahagi. Naiintindihan ko, available ako bukas 10:00-12:00 para mag-usap.', 0, '2025-10-07 17:33:37'),
(22, 142, 'Hi, may panic attacks po ako lately, kailangan ng kausap.', 0, '2025-09-16 04:16:04'),
(22, 3, 'Salamat sa pagbabahagi. Naiintindihan ko, available ako bukas 10:00-12:00 para mag-usap.', 0, '2025-09-16 06:41:04'),
(22, 142, 'Salamat po, available po ako sa schedule.', 0, '2025-09-16 09:40:04'),
(22, 6, 'Pasensya sa pinagdadaanan mo. Importanteng mag-prioritize ng self-care ngayon.', 0, '2025-09-16 12:23:04'),
(22, 142, 'Pwede online po muna? Salamat.', 0, '2025-09-16 12:30:04'),
(23, 100, 'Hello, nahihirapan po ako sa group project at gusto ko ng advice.', 1, '2025-10-11 07:00:46'),
(23, 1, 'Pasensya sa pinagdadaanan mo. Importanteng mag-prioritize ng self-care ngayon.', 0, '2025-10-11 07:32:46'),
(23, 100, 'Salamat po, available po ako sa schedule.', 0, '2025-10-11 08:25:46'),
(23, 2, 'Naiintindihan ko ang stress mo. Pwede tayong mag-schedule ng short session para gumawa ng coping plan.', 0, '2025-10-11 10:51:46'),
(23, 100, 'Pwede online po muna? Salamat.', 0, '2025-10-11 11:13:46'),
(24, 137, 'Hello, nahihirapan po ako sa group project at gusto ko ng advice.', 0, '2025-09-23 12:10:37'),
(24, 7, 'Naiintindihan ko ang stress mo. Pwede tayong mag-schedule ng short session para gumawa ng coping plan.', 0, '2025-09-23 12:35:37'),
(24, 137, 'Pwede online po muna? Salamat.', 0, '2025-09-23 15:16:37'),
(25, 35, 'Hi, may panic attacks po ako lately, kailangan ng kausap.', 1, '2025-10-06 20:28:49'),
(25, 2, 'Salamat sa pagbabahagi. Naiintindihan ko, available ako bukas 10:00-12:00 para mag-usap.', 0, '2025-10-06 22:39:49'),
(25, 35, 'Sige po, mag-book ako. Ano po dapat dalhin?', 0, '2025-10-06 23:22:49'),
(25, 3, 'Salamat sa pagbabahagi. Naiintindihan ko, available ako bukas 10:00-12:00 para mag-usap.', 0, '2025-10-06 23:54:49'),
(26, 116, 'Hi po, pwede po magpa-appointment? Sobrang stress sa exams.', 1, '2025-10-06 14:22:14'),
(26, 7, 'Naiintindihan ko ang stress mo. Pwede tayong mag-schedule ng short session para gumawa ng coping plan.', 0, '2025-10-06 14:54:14'),
(26, 116, 'Sige po, mag-book ako. Ano po dapat dalhin?', 0, '2025-10-06 17:30:14'),
(26, 2, 'Salamat sa pagbabahagi. Naiintindihan ko, available ako bukas 10:00-12:00 para mag-usap.', 0, '2025-10-06 19:33:14'),
(26, 116, 'Sige po, mag-book ako. Ano po dapat dalhin?', 0, '2025-10-06 21:01:14'),
(27, 58, 'Hi, may panic attacks po ako lately, kailangan ng kausap.', 1, '2025-10-10 09:40:57'),
(27, 6, 'Pasensya sa pinagdadaanan mo. Importanteng mag-prioritize ng self-care ngayon.', 0, '2025-10-10 13:20:57'),
(27, 58, 'Pwede online po muna? Salamat.', 0, '2025-10-10 16:23:57'),
(28, 87, 'Hi, may panic attacks po ako lately, kailangan ng kausap.', 1, '2025-10-07 22:46:29'),
(28, 2, 'Naiintindihan ko ang stress mo. Pwede tayong mag-schedule ng short session para gumawa ng coping plan.', 0, '2025-10-08 02:11:29'),
(28, 87, 'Sige po, mag-book ako. Ano po dapat dalhin?', 0, '2025-10-08 04:09:29'),
(28, 4, 'Naiintindihan ko ang stress mo. Pwede tayong mag-schedule ng short session para gumawa ng coping plan.', 0, '2025-10-08 04:25:29'),
(29, 50, 'Hello, nahihirapan po ako sa group project at gusto ko ng advice.', 1, '2025-09-27 11:05:48'),
(29, 2, 'Pasensya sa pinagdadaanan mo. Importanteng mag-prioritize ng self-care ngayon.', 0, '2025-09-27 12:23:48'),
(29, 50, 'Pwede online po muna? Salamat.', 0, '2025-09-27 13:19:48'),
(29, 7, 'Pasensya sa pinagdadaanan mo. Importanteng mag-prioritize ng self-care ngayon.', 0, '2025-09-27 14:04:48'),
(29, 50, 'Sige po, mag-book ako. Ano po dapat dalhin?', 0, '2025-09-27 15:04:48'),
(29, 4, 'Naiintindihan ko ang stress mo. Pwede tayong mag-schedule ng short session para gumawa ng coping plan.', 0, '2025-09-27 15:52:48'),
(30, 124, 'Hello, nahihirapan po ako sa group project at gusto ko ng advice.', 0, '2025-10-05 19:45:35'),
(30, 4, 'Pasensya sa pinagdadaanan mo. Importanteng mag-prioritize ng self-care ngayon.', 0, '2025-10-05 21:10:35'),
(30, 124, 'Pwede online po muna? Salamat.', 0, '2025-10-05 22:20:35'),
(30, 5, 'Pasensya sa pinagdadaanan mo. Importanteng mag-prioritize ng self-care ngayon.', 0, '2025-10-05 23:58:35'),
(31, 63, 'Hi po, pwede po magpa-appointment? Sobrang stress sa exams.', 1, '2025-10-06 12:56:44'),
(31, 7, 'Salamat sa pagbabahagi. Naiintindihan ko, available ako bukas 10:00-12:00 para mag-usap.', 0, '2025-10-06 15:49:44'),
(31, 63, 'Sige po, mag-book ako. Ano po dapat dalhin?', 0, '2025-10-06 18:16:44'),
(31, 5, 'Naiintindihan ko ang stress mo. Pwede tayong mag-schedule ng short session para gumawa ng coping plan.', 0, '2025-10-06 21:06:44'),
(31, 63, 'Salamat po, available po ako sa schedule.', 0, '2025-10-06 22:41:44'),
(31, 2, 'Pasensya sa pinagdadaanan mo. Importanteng mag-prioritize ng self-care ngayon.', 0, '2025-10-07 01:20:44'),
(32, 30, 'Hello, nahihirapan po ako sa group project at gusto ko ng advice.', 1, '2025-09-20 06:50:57'),
(32, 4, 'Naiintindihan ko ang stress mo. Pwede tayong mag-schedule ng short session para gumawa ng coping plan.', 0, '2025-09-20 08:18:57'),
(32, 30, 'Pwede online po muna? Salamat.', 0, '2025-09-20 10:06:57'),
(33, 116, 'Hi, may panic attacks po ako lately, kailangan ng kausap.', 0, '2025-10-08 00:20:02'),
(33, 6, 'Naiintindihan ko ang stress mo. Pwede tayong mag-schedule ng short session para gumawa ng coping plan.', 0, '2025-10-08 01:34:02'),
(33, 116, 'Pwede online po muna? Salamat.', 0, '2025-10-08 04:37:02'),
(34, 142, 'Hi, may panic attacks po ako lately, kailangan ng kausap.', 1, '2025-10-09 15:17:44'),
(34, 1, 'Salamat sa pagbabahagi. Naiintindihan ko, available ako bukas 10:00-12:00 para mag-usap.', 0, '2025-10-09 19:13:44'),
(34, 142, 'Sige po, mag-book ako. Ano po dapat dalhin?', 0, '2025-10-09 22:04:44'),
(35, 15, 'Hi, may panic attacks po ako lately, kailangan ng kausap.', 1, '2025-09-30 19:48:13'),
(35, 1, 'Pasensya sa pinagdadaanan mo. Importanteng mag-prioritize ng self-care ngayon.', 0, '2025-09-30 21:48:13'),
(35, 15, 'Salamat po, available po ako sa schedule.', 0, '2025-09-30 21:58:13'),
(35, 5, 'Salamat sa pagbabahagi. Naiintindihan ko, available ako bukas 10:00-12:00 para mag-usap.', 0, '2025-10-01 01:23:13'),
(35, 15, 'Pwede online po muna? Salamat.', 0, '2025-10-01 02:54:13'),
(36, 116, 'Hi po, pwede po magpa-appointment? Sobrang stress sa exams.', 0, '2025-09-30 12:59:39'),
(36, 2, 'Naiintindihan ko ang stress mo. Pwede tayong mag-schedule ng short session para gumawa ng coping plan.', 0, '2025-09-30 13:17:39'),
(36, 116, 'Pwede online po muna? Salamat.', 0, '2025-09-30 15:52:39'),
(37, 69, 'Hello, nahihirapan po ako sa group project at gusto ko ng advice.', 1, '2025-10-05 15:09:52'),
(37, 3, 'Naiintindihan ko ang stress mo. Pwede tayong mag-schedule ng short session para gumawa ng coping plan.', 0, '2025-10-05 18:32:52'),
(37, 69, 'Pwede online po muna? Salamat.', 0, '2025-10-05 20:52:52'),
(38, 106, 'Hi po, pwede po magpa-appointment? Sobrang stress sa exams.', 1, '2025-10-08 10:07:06'),
(38, 2, 'Naiintindihan ko ang stress mo. Pwede tayong mag-schedule ng short session para gumawa ng coping plan.', 0, '2025-10-08 10:28:06'),
(38, 106, 'Salamat po, available po ako sa schedule.', 0, '2025-10-08 13:41:06'),
(38, 6, 'Salamat sa pagbabahagi. Naiintindihan ko, available ako bukas 10:00-12:00 para mag-usap.', 0, '2025-10-08 16:58:06'),
(38, 106, 'Sige po, mag-book ako. Ano po dapat dalhin?', 0, '2025-10-08 17:26:06'),
(38, 4, 'Pasensya sa pinagdadaanan mo. Importanteng mag-prioritize ng self-care ngayon.', 0, '2025-10-08 18:28:06'),
(39, 102, 'Hi po, pwede po magpa-appointment? Sobrang stress sa exams.', 0, '2025-09-24 14:25:24'),
(39, 6, 'Salamat sa pagbabahagi. Naiintindihan ko, available ako bukas 10:00-12:00 para mag-usap.', 0, '2025-09-24 15:19:24'),
(39, 102, 'Pwede online po muna? Salamat.', 0, '2025-09-24 17:52:24'),
(40, 38, 'Hello, nahihirapan po ako sa group project at gusto ko ng advice.', 0, '2025-09-23 21:41:22'),
(40, 1, 'Naiintindihan ko ang stress mo. Pwede tayong mag-schedule ng short session para gumawa ng coping plan.', 0, '2025-09-23 23:32:22'),
(40, 38, 'Pwede online po muna? Salamat.', 0, '2025-09-24 00:01:22'),
(40, 6, 'Naiintindihan ko ang stress mo. Pwede tayong mag-schedule ng short session para gumawa ng coping plan.', 0, '2025-09-24 01:57:22'),
(41, 84, 'Hi po, pwede po magpa-appointment? Sobrang stress sa exams.', 1, '2025-09-25 05:56:27'),
(41, 2, 'Salamat sa pagbabahagi. Naiintindihan ko, available ako bukas 10:00-12:00 para mag-usap.', 0, '2025-09-25 08:45:27'),
(41, 84, 'Pwede online po muna? Salamat.', 0, '2025-09-25 10:47:27'),
(41, 4, 'Pasensya sa pinagdadaanan mo. Importanteng mag-prioritize ng self-care ngayon.', 0, '2025-09-25 11:43:27'),
(42, 24, 'Hello, nahihirapan po ako sa group project at gusto ko ng advice.', 0, '2025-09-17 15:05:03'),
(42, 7, 'Pasensya sa pinagdadaanan mo. Importanteng mag-prioritize ng self-care ngayon.', 0, '2025-09-17 16:16:03'),
(42, 24, 'Salamat po, available po ako sa schedule.', 0, '2025-09-17 18:28:03'),
(42, 7, 'Naiintindihan ko ang stress mo. Pwede tayong mag-schedule ng short session para gumawa ng coping plan.', 0, '2025-09-17 21:39:03'),
(42, 24, 'Pwede online po muna? Salamat.', 0, '2025-09-17 23:34:03'),
(43, 11, 'Hi, may panic attacks po ako lately, kailangan ng kausap.', 1, '2025-10-08 17:42:50'),
(43, 2, 'Pasensya sa pinagdadaanan mo. Importanteng mag-prioritize ng self-care ngayon.', 0, '2025-10-08 19:24:50'),
(43, 11, 'Pwede online po muna? Salamat.', 0, '2025-10-08 20:32:50'),
(43, 3, 'Salamat sa pagbabahagi. Naiintindihan ko, available ako bukas 10:00-12:00 para mag-usap.', 0, '2025-10-08 21:26:50'),
(43, 11, 'Salamat po, available po ako sa schedule.', 0, '2025-10-08 23:25:50'),
(43, 3, 'Naiintindihan ko ang stress mo. Pwede tayong mag-schedule ng short session para gumawa ng coping plan.', 0, '2025-10-08 23:49:50'),
(44, 110, 'Hi po, pwede po magpa-appointment? Sobrang stress sa exams.', 1, '2025-09-15 08:46:43'),
(44, 7, 'Pasensya sa pinagdadaanan mo. Importanteng mag-prioritize ng self-care ngayon.', 0, '2025-09-15 12:30:43'),
(44, 110, 'Salamat po, available po ako sa schedule.', 0, '2025-09-15 13:13:43'),
(45, 70, 'Hi, may panic attacks po ako lately, kailangan ng kausap.', 1, '2025-09-23 12:26:30'),
(45, 7, 'Naiintindihan ko ang stress mo. Pwede tayong mag-schedule ng short session para gumawa ng coping plan.', 0, '2025-09-23 13:48:30'),
(45, 70, 'Salamat po, available po ako sa schedule.', 0, '2025-09-23 15:50:30'),
(46, 24, 'Hello, nahihirapan po ako sa group project at gusto ko ng advice.', 1, '2025-10-04 06:33:46'),
(46, 7, 'Naiintindihan ko ang stress mo. Pwede tayong mag-schedule ng short session para gumawa ng coping plan.', 0, '2025-10-04 08:47:46'),
(46, 24, 'Pwede online po muna? Salamat.', 0, '2025-10-04 09:03:46'),
(46, 7, 'Salamat sa pagbabahagi. Naiintindihan ko, available ako bukas 10:00-12:00 para mag-usap.', 0, '2025-10-04 11:52:46'),
(47, 60, 'Hi po, pwede po magpa-appointment? Sobrang stress sa exams.', 1, '2025-09-22 19:13:41'),
(47, 2, 'Naiintindihan ko ang stress mo. Pwede tayong mag-schedule ng short session para gumawa ng coping plan.', 0, '2025-09-22 21:35:41'),
(47, 60, 'Sige po, mag-book ako. Ano po dapat dalhin?', 0, '2025-09-22 22:30:41'),
(47, 5, 'Pasensya sa pinagdadaanan mo. Importanteng mag-prioritize ng self-care ngayon.', 0, '2025-09-23 01:44:41'),
(48, 125, 'Hi, may panic attacks po ako lately, kailangan ng kausap.', 1, '2025-09-14 17:07:30'),
(48, 1, 'Naiintindihan ko ang stress mo. Pwede tayong mag-schedule ng short session para gumawa ng coping plan.', 0, '2025-09-14 19:02:30'),
(48, 125, 'Sige po, mag-book ako. Ano po dapat dalhin?', 0, '2025-09-14 19:26:30'),
(48, 7, 'Pasensya sa pinagdadaanan mo. Importanteng mag-prioritize ng self-care ngayon.', 0, '2025-09-14 21:40:30'),
(48, 125, 'Sige po, mag-book ako. Ano po dapat dalhin?', 0, '2025-09-15 00:06:30'),
(48, 1, 'Salamat sa pagbabahagi. Naiintindihan ko, available ako bukas 10:00-12:00 para mag-usap.', 0, '2025-09-15 00:28:30'),
(49, 69, 'Hi, may panic attacks po ako lately, kailangan ng kausap.', 0, '2025-10-10 00:08:20'),
(49, 4, 'Pasensya sa pinagdadaanan mo. Importanteng mag-prioritize ng self-care ngayon.', 0, '2025-10-10 01:55:20'),
(49, 69, 'Sige po, mag-book ako. Ano po dapat dalhin?', 0, '2025-10-10 02:13:20'),
(49, 2, 'Salamat sa pagbabahagi. Naiintindihan ko, available ako bukas 10:00-12:00 para mag-usap.', 0, '2025-10-10 03:15:20'),
(49, 69, 'Salamat po, available po ako sa schedule.', 0, '2025-10-10 04:17:20'),
(50, 117, 'Hi po, pwede po magpa-appointment? Sobrang stress sa exams.', 0, '2025-09-22 09:53:32'),
(50, 7, 'Naiintindihan ko ang stress mo. Pwede tayong mag-schedule ng short session para gumawa ng coping plan.', 0, '2025-09-22 13:12:32'),
(50, 117, 'Sige po, mag-book ako. Ano po dapat dalhin?', 0, '2025-09-22 16:00:32'),
(50, 6, 'Salamat sa pagbabahagi. Naiintindihan ko, available ako bukas 10:00-12:00 para mag-usap.', 0, '2025-09-22 18:40:32'),
(50, 117, 'Pwede online po muna? Salamat.', 0, '2025-09-22 20:27:32'),
(51, 22, 'Hello, nahihirapan po ako sa group project at gusto ko ng advice.', 0, '2025-10-07 09:12:08'),
(51, 5, 'Pasensya sa pinagdadaanan mo. Importanteng mag-prioritize ng self-care ngayon.', 0, '2025-10-07 09:59:08'),
(51, 22, 'Sige po, mag-book ako. Ano po dapat dalhin?', 0, '2025-10-07 11:57:08'),
(51, 7, 'Pasensya sa pinagdadaanan mo. Importanteng mag-prioritize ng self-care ngayon.', 0, '2025-10-07 13:42:08'),
(51, 22, 'Sige po, mag-book ako. Ano po dapat dalhin?', 0, '2025-10-07 15:56:08'),
(52, 118, 'Hi, may panic attacks po ako lately, kailangan ng kausap.', 1, '2025-10-11 23:26:28'),
(52, 4, 'Pasensya sa pinagdadaanan mo. Importanteng mag-prioritize ng self-care ngayon.', 0, '2025-10-12 00:24:28'),
(52, 118, 'Salamat po, available po ako sa schedule.', 0, '2025-10-12 00:45:28'),
(52, 1, 'Naiintindihan ko ang stress mo. Pwede tayong mag-schedule ng short session para gumawa ng coping plan.', 0, '2025-10-12 04:12:28'),
(52, 118, 'Pwede online po muna? Salamat.', 0, '2025-10-12 07:21:28'),
(53, 145, 'Hello, nahihirapan po ako sa group project at gusto ko ng advice.', 0, '2025-09-28 03:03:45'),
(53, 3, 'Naiintindihan ko ang stress mo. Pwede tayong mag-schedule ng short session para gumawa ng coping plan.', 0, '2025-09-28 04:48:45'),
(53, 145, 'Sige po, mag-book ako. Ano po dapat dalhin?', 0, '2025-09-28 05:01:45'),
(53, 3, 'Naiintindihan ko ang stress mo. Pwede tayong mag-schedule ng short session para gumawa ng coping plan.', 0, '2025-09-28 05:32:45'),
(53, 145, 'Sige po, mag-book ako. Ano po dapat dalhin?', 0, '2025-09-28 06:45:45'),
(54, 150, 'Hello, nahihirapan po ako sa group project at gusto ko ng advice.', 1, '2025-09-30 20:50:58'),
(54, 1, 'Naiintindihan ko ang stress mo. Pwede tayong mag-schedule ng short session para gumawa ng coping plan.', 0, '2025-09-30 23:21:58'),
(54, 150, 'Sige po, mag-book ako. Ano po dapat dalhin?', 0, '2025-10-01 00:00:58'),
(54, 2, 'Naiintindihan ko ang stress mo. Pwede tayong mag-schedule ng short session para gumawa ng coping plan.', 0, '2025-10-01 01:32:58'),
(54, 150, 'Salamat po, available po ako sa schedule.', 0, '2025-10-01 03:04:58'),
(55, 26, 'Hi, may panic attacks po ako lately, kailangan ng kausap.', 0, '2025-10-03 23:41:08'),
(55, 7, 'Pasensya sa pinagdadaanan mo. Importanteng mag-prioritize ng self-care ngayon.', 0, '2025-10-04 00:16:08'),
(55, 26, 'Pwede online po muna? Salamat.', 0, '2025-10-04 03:32:08'),
(55, 1, 'Salamat sa pagbabahagi. Naiintindihan ko, available ako bukas 10:00-12:00 para mag-usap.', 0, '2025-10-04 07:27:08'),
(55, 26, 'Sige po, mag-book ako. Ano po dapat dalhin?', 0, '2025-10-04 09:34:08'),
(56, 14, 'Hello, nahihirapan po ako sa group project at gusto ko ng advice.', 1, '2025-09-30 14:34:36'),
(56, 2, 'Naiintindihan ko ang stress mo. Pwede tayong mag-schedule ng short session para gumawa ng coping plan.', 0, '2025-09-30 15:19:36'),
(56, 14, 'Salamat po, available po ako sa schedule.', 0, '2025-09-30 15:37:36'),
(56, 5, 'Salamat sa pagbabahagi. Naiintindihan ko, available ako bukas 10:00-12:00 para mag-usap.', 0, '2025-09-30 19:32:36'),
(57, 109, 'Hi po, pwede po magpa-appointment? Sobrang stress sa exams.', 1, '2025-09-25 10:12:46'),
(57, 7, 'Pasensya sa pinagdadaanan mo. Importanteng mag-prioritize ng self-care ngayon.', 0, '2025-09-25 10:43:46'),
(57, 109, 'Sige po, mag-book ako. Ano po dapat dalhin?', 0, '2025-09-25 13:51:46'),
(57, 5, 'Salamat sa pagbabahagi. Naiintindihan ko, available ako bukas 10:00-12:00 para mag-usap.', 0, '2025-09-25 16:55:46'),
(57, 109, 'Salamat po, available po ako sa schedule.', 0, '2025-09-25 20:10:46'),
(58, 82, 'Hi po, pwede po magpa-appointment? Sobrang stress sa exams.', 1, '2025-10-10 05:47:46'),
(58, 4, 'Naiintindihan ko ang stress mo. Pwede tayong mag-schedule ng short session para gumawa ng coping plan.', 0, '2025-10-10 08:33:46'),
(58, 82, 'Pwede online po muna? Salamat.', 0, '2025-10-10 09:03:46'),
(58, 2, 'Salamat sa pagbabahagi. Naiintindihan ko, available ako bukas 10:00-12:00 para mag-usap.', 0, '2025-10-10 12:25:46'),
(58, 82, 'Pwede online po muna? Salamat.', 0, '2025-10-10 14:13:46'),
(59, 124, 'Hello, nahihirapan po ako sa group project at gusto ko ng advice.', 0, '2025-09-15 18:29:28'),
(59, 7, 'Pasensya sa pinagdadaanan mo. Importanteng mag-prioritize ng self-care ngayon.', 0, '2025-09-15 20:27:28'),
(59, 124, 'Sige po, mag-book ako. Ano po dapat dalhin?', 0, '2025-09-15 22:43:28'),
(59, 4, 'Naiintindihan ko ang stress mo. Pwede tayong mag-schedule ng short session para gumawa ng coping plan.', 0, '2025-09-16 01:29:28'),
(59, 124, 'Pwede online po muna? Salamat.', 0, '2025-09-16 02:00:28'),
(60, 121, 'Hello, nahihirapan po ako sa group project at gusto ko ng advice.', 0, '2025-10-01 03:18:19'),
(60, 4, 'Salamat sa pagbabahagi. Naiintindihan ko, available ako bukas 10:00-12:00 para mag-usap.', 0, '2025-10-01 06:30:19'),
(60, 121, 'Salamat po, available po ako sa schedule.', 0, '2025-10-01 08:15:19'),
(60, 7, 'Salamat sa pagbabahagi. Naiintindihan ko, available ako bukas 10:00-12:00 para mag-usap.', 0, '2025-10-01 09:34:19'),
(60, 121, 'Pwede online po muna? Salamat.', 0, '2025-10-01 12:26:19'),
(60, 7, 'Naiintindihan ko ang stress mo. Pwede tayong mag-schedule ng short session para gumawa ng coping plan.', 0, '2025-10-01 16:19:19'),
(61, 8, 'Hello, nahihirapan po ako sa group project at gusto ko ng advice.', 1, '2025-09-18 22:15:42'),
(61, 7, 'Pasensya sa pinagdadaanan mo. Importanteng mag-prioritize ng self-care ngayon.', 0, '2025-09-18 23:04:42'),
(61, 8, 'Sige po, mag-book ako. Ano po dapat dalhin?', 0, '2025-09-19 00:08:42'),
(61, 7, 'Naiintindihan ko ang stress mo. Pwede tayong mag-schedule ng short session para gumawa ng coping plan.', 0, '2025-09-19 01:19:42'),
(61, 8, 'Pwede online po muna? Salamat.', 0, '2025-09-19 03:24:42'),
(61, 1, 'Salamat sa pagbabahagi. Naiintindihan ko, available ako bukas 10:00-12:00 para mag-usap.', 0, '2025-09-19 04:16:42'),
(62, 145, 'Hello, nahihirapan po ako sa group project at gusto ko ng advice.', 0, '2025-10-02 01:38:07'),
(62, 5, 'Salamat sa pagbabahagi. Naiintindihan ko, available ako bukas 10:00-12:00 para mag-usap.', 0, '2025-10-02 04:01:07'),
(62, 145, 'Salamat po, available po ako sa schedule.', 0, '2025-10-02 04:29:07'),
(62, 7, 'Pasensya sa pinagdadaanan mo. Importanteng mag-prioritize ng self-care ngayon.', 0, '2025-10-02 04:47:07'),
(62, 145, 'Sige po, mag-book ako. Ano po dapat dalhin?', 0, '2025-10-02 06:07:07'),
(62, 7, 'Salamat sa pagbabahagi. Naiintindihan ko, available ako bukas 10:00-12:00 para mag-usap.', 0, '2025-10-02 10:02:07'),
(63, 24, 'Hello, nahihirapan po ako sa group project at gusto ko ng advice.', 1, '2025-09-29 05:49:41'),
(63, 7, 'Salamat sa pagbabahagi. Naiintindihan ko, available ako bukas 10:00-12:00 para mag-usap.', 0, '2025-09-29 07:28:41'),
(63, 24, 'Salamat po, available po ako sa schedule.', 0, '2025-09-29 09:56:41'),
(64, 49, 'Hello, nahihirapan po ako sa group project at gusto ko ng advice.', 1, '2025-10-04 09:41:06'),
(64, 5, 'Naiintindihan ko ang stress mo. Pwede tayong mag-schedule ng short session para gumawa ng coping plan.', 0, '2025-10-04 10:46:06'),
(64, 49, 'Sige po, mag-book ako. Ano po dapat dalhin?', 0, '2025-10-04 13:01:06'),
(64, 3, 'Pasensya sa pinagdadaanan mo. Importanteng mag-prioritize ng self-care ngayon.', 0, '2025-10-04 14:28:06'),
(64, 49, 'Sige po, mag-book ako. Ano po dapat dalhin?', 0, '2025-10-04 15:55:06'),
(64, 1, 'Pasensya sa pinagdadaanan mo. Importanteng mag-prioritize ng self-care ngayon.', 0, '2025-10-04 19:33:06'),
(65, 142, 'Hello, nahihirapan po ako sa group project at gusto ko ng advice.', 1, '2025-09-24 16:35:31'),
(65, 7, 'Salamat sa pagbabahagi. Naiintindihan ko, available ako bukas 10:00-12:00 para mag-usap.', 0, '2025-09-24 18:28:31'),
(65, 142, 'Sige po, mag-book ako. Ano po dapat dalhin?', 0, '2025-09-24 19:46:31'),
(65, 3, 'Pasensya sa pinagdadaanan mo. Importanteng mag-prioritize ng self-care ngayon.', 0, '2025-09-24 21:03:31'),
(66, 99, 'Hello, nahihirapan po ako sa group project at gusto ko ng advice.', 1, '2025-09-29 02:26:21'),
(66, 4, 'Pasensya sa pinagdadaanan mo. Importanteng mag-prioritize ng self-care ngayon.', 0, '2025-09-29 03:09:21'),
(66, 99, 'Salamat po, available po ako sa schedule.', 0, '2025-09-29 05:11:21'),
(67, 28, 'Hi, may panic attacks po ako lately, kailangan ng kausap.', 1, '2025-09-18 22:53:47'),
(67, 3, 'Naiintindihan ko ang stress mo. Pwede tayong mag-schedule ng short session para gumawa ng coping plan.', 0, '2025-09-19 00:00:47'),
(67, 28, 'Pwede online po muna? Salamat.', 0, '2025-09-19 03:10:47'),
(68, 146, 'Hello, nahihirapan po ako sa group project at gusto ko ng advice.', 1, '2025-10-10 16:47:26'),
(68, 4, 'Pasensya sa pinagdadaanan mo. Importanteng mag-prioritize ng self-care ngayon.', 0, '2025-10-10 19:41:26'),
(68, 146, 'Pwede online po muna? Salamat.', 0, '2025-10-10 22:40:26'),
(68, 4, 'Pasensya sa pinagdadaanan mo. Importanteng mag-prioritize ng self-care ngayon.', 0, '2025-10-11 01:34:26'),
(69, 90, 'Hello, nahihirapan po ako sa group project at gusto ko ng advice.', 1, '2025-10-06 19:29:35'),
(69, 5, 'Pasensya sa pinagdadaanan mo. Importanteng mag-prioritize ng self-care ngayon.', 0, '2025-10-06 20:15:35'),
(69, 90, 'Sige po, mag-book ako. Ano po dapat dalhin?', 0, '2025-10-06 21:31:35'),
(69, 5, 'Naiintindihan ko ang stress mo. Pwede tayong mag-schedule ng short session para gumawa ng coping plan.', 0, '2025-10-06 22:16:35'),
(69, 90, 'Salamat po, available po ako sa schedule.', 0, '2025-10-07 00:46:35'),
(69, 2, 'Salamat sa pagbabahagi. Naiintindihan ko, available ako bukas 10:00-12:00 para mag-usap.', 0, '2025-10-07 02:20:35'),
(70, 29, 'Hello, nahihirapan po ako sa group project at gusto ko ng advice.', 0, '2025-09-25 10:51:21'),
(70, 5, 'Pasensya sa pinagdadaanan mo. Importanteng mag-prioritize ng self-care ngayon.', 0, '2025-09-25 13:16:21'),
(70, 29, 'Sige po, mag-book ako. Ano po dapat dalhin?', 0, '2025-09-25 14:15:21'),
(70, 6, 'Salamat sa pagbabahagi. Naiintindihan ko, available ako bukas 10:00-12:00 para mag-usap.', 0, '2025-09-25 18:09:21'),
(71, 55, 'Hello, nahihirapan po ako sa group project at gusto ko ng advice.', 1, '2025-09-27 18:11:13'),
(71, 6, 'Salamat sa pagbabahagi. Naiintindihan ko, available ako bukas 10:00-12:00 para mag-usap.', 0, '2025-09-27 18:39:13'),
(71, 55, 'Pwede online po muna? Salamat.', 0, '2025-09-27 20:00:13'),
(71, 6, 'Pasensya sa pinagdadaanan mo. Importanteng mag-prioritize ng self-care ngayon.', 0, '2025-09-27 22:54:13'),
(71, 55, 'Pwede online po muna? Salamat.', 0, '2025-09-28 01:35:13'),
(71, 6, 'Salamat sa pagbabahagi. Naiintindihan ko, available ako bukas 10:00-12:00 para mag-usap.', 0, '2025-09-28 04:35:13'),
(72, 142, 'Hello, nahihirapan po ako sa group project at gusto ko ng advice.', 1, '2025-10-11 11:04:28'),
(72, 5, 'Salamat sa pagbabahagi. Naiintindihan ko, available ako bukas 10:00-12:00 para mag-usap.', 0, '2025-10-11 12:31:28'),
(72, 142, 'Sige po, mag-book ako. Ano po dapat dalhin?', 0, '2025-10-11 13:53:28'),
(73, 112, 'Hi po, pwede po magpa-appointment? Sobrang stress sa exams.', 1, '2025-10-08 13:23:27'),
(73, 2, 'Naiintindihan ko ang stress mo. Pwede tayong mag-schedule ng short session para gumawa ng coping plan.', 0, '2025-10-08 16:25:27'),
(73, 112, 'Sige po, mag-book ako. Ano po dapat dalhin?', 0, '2025-10-08 19:13:27'),
(73, 4, 'Naiintindihan ko ang stress mo. Pwede tayong mag-schedule ng short session para gumawa ng coping plan.', 0, '2025-10-08 19:27:27'),
(74, 79, 'Hello, nahihirapan po ako sa group project at gusto ko ng advice.', 1, '2025-10-10 22:47:44'),
(74, 7, 'Pasensya sa pinagdadaanan mo. Importanteng mag-prioritize ng self-care ngayon.', 0, '2025-10-11 01:54:44'),
(74, 79, 'Salamat po, available po ako sa schedule.', 0, '2025-10-11 04:52:44'),
(74, 5, 'Naiintindihan ko ang stress mo. Pwede tayong mag-schedule ng short session para gumawa ng coping plan.', 0, '2025-10-11 08:35:44'),
(75, 99, 'Hello, nahihirapan po ako sa group project at gusto ko ng advice.', 1, '2025-09-29 14:53:52'),
(75, 6, 'Pasensya sa pinagdadaanan mo. Importanteng mag-prioritize ng self-care ngayon.', 0, '2025-09-29 18:12:52'),
(75, 99, 'Sige po, mag-book ako. Ano po dapat dalhin?', 0, '2025-09-29 19:46:52'),
(76, 72, 'Hi, may panic attacks po ako lately, kailangan ng kausap.', 0, '2025-10-06 16:42:54'),
(76, 5, 'Pasensya sa pinagdadaanan mo. Importanteng mag-prioritize ng self-care ngayon.', 0, '2025-10-06 18:24:54'),
(76, 72, 'Salamat po, available po ako sa schedule.', 0, '2025-10-06 19:58:54'),
(76, 1, 'Salamat sa pagbabahagi. Naiintindihan ko, available ako bukas 10:00-12:00 para mag-usap.', 0, '2025-10-06 23:02:54'),
(77, 94, 'Hi, may panic attacks po ako lately, kailangan ng kausap.', 1, '2025-09-20 01:17:41'),
(77, 4, 'Pasensya sa pinagdadaanan mo. Importanteng mag-prioritize ng self-care ngayon.', 0, '2025-09-20 03:18:41'),
(77, 94, 'Pwede online po muna? Salamat.', 0, '2025-09-20 03:54:41'),
(77, 7, 'Naiintindihan ko ang stress mo. Pwede tayong mag-schedule ng short session para gumawa ng coping plan.', 0, '2025-09-20 05:22:41'),
(78, 60, 'Hi, may panic attacks po ako lately, kailangan ng kausap.', 1, '2025-09-23 23:46:36'),
(78, 1, 'Naiintindihan ko ang stress mo. Pwede tayong mag-schedule ng short session para gumawa ng coping plan.', 0, '2025-09-24 02:11:36'),
(78, 60, 'Sige po, mag-book ako. Ano po dapat dalhin?', 0, '2025-09-24 02:37:36'),
(78, 2, 'Salamat sa pagbabahagi. Naiintindihan ko, available ako bukas 10:00-12:00 para mag-usap.', 0, '2025-09-24 03:29:36'),
(78, 60, 'Sige po, mag-book ako. Ano po dapat dalhin?', 0, '2025-09-24 05:32:36'),
(79, 67, 'Hi, may panic attacks po ako lately, kailangan ng kausap.', 0, '2025-10-09 02:59:17'),
(79, 7, 'Salamat sa pagbabahagi. Naiintindihan ko, available ako bukas 10:00-12:00 para mag-usap.', 0, '2025-10-09 04:57:17'),
(79, 67, 'Sige po, mag-book ako. Ano po dapat dalhin?', 0, '2025-10-09 06:23:17'),
(79, 7, 'Pasensya sa pinagdadaanan mo. Importanteng mag-prioritize ng self-care ngayon.', 0, '2025-10-09 07:24:17'),
(79, 67, 'Salamat po, available po ako sa schedule.', 0, '2025-10-09 08:57:17'),
(79, 7, 'Pasensya sa pinagdadaanan mo. Importanteng mag-prioritize ng self-care ngayon.', 0, '2025-10-09 12:43:17'),
(80, 13, 'Hi po, pwede po magpa-appointment? Sobrang stress sa exams.', 1, '2025-09-19 14:26:36'),
(80, 5, 'Pasensya sa pinagdadaanan mo. Importanteng mag-prioritize ng self-care ngayon.', 0, '2025-09-19 15:28:36'),
(80, 13, 'Salamat po, available po ako sa schedule.', 0, '2025-09-19 17:36:36'),
(80, 6, 'Naiintindihan ko ang stress mo. Pwede tayong mag-schedule ng short session para gumawa ng coping plan.', 0, '2025-09-19 21:21:36'),
(80, 13, 'Salamat po, available po ako sa schedule.', 0, '2025-09-19 23:23:36'),
(80, 5, 'Salamat sa pagbabahagi. Naiintindihan ko, available ako bukas 10:00-12:00 para mag-usap.', 0, '2025-09-20 01:56:36'),
(81, 132, 'Hello, nahihirapan po ako sa group project at gusto ko ng advice.', 0, '2025-09-23 23:51:45'),
(81, 6, 'Naiintindihan ko ang stress mo. Pwede tayong mag-schedule ng short session para gumawa ng coping plan.', 0, '2025-09-24 03:50:45'),
(81, 132, 'Salamat po, available po ako sa schedule.', 0, '2025-09-24 04:26:45'),
(81, 7, 'Naiintindihan ko ang stress mo. Pwede tayong mag-schedule ng short session para gumawa ng coping plan.', 0, '2025-09-24 06:56:45'),
(82, 107, 'Hi, may panic attacks po ako lately, kailangan ng kausap.', 1, '2025-09-24 20:39:48'),
(82, 2, 'Naiintindihan ko ang stress mo. Pwede tayong mag-schedule ng short session para gumawa ng coping plan.', 0, '2025-09-24 21:36:48'),
(82, 107, 'Pwede online po muna? Salamat.', 0, '2025-09-25 00:41:48'),
(82, 2, 'Naiintindihan ko ang stress mo. Pwede tayong mag-schedule ng short session para gumawa ng coping plan.', 0, '2025-09-25 01:59:48'),
(83, 57, 'Hi, may panic attacks po ako lately, kailangan ng kausap.', 1, '2025-09-14 20:03:18'),
(83, 6, 'Pasensya sa pinagdadaanan mo. Importanteng mag-prioritize ng self-care ngayon.', 0, '2025-09-14 21:24:18'),
(83, 57, 'Pwede online po muna? Salamat.', 0, '2025-09-15 00:23:18'),
(83, 1, 'Naiintindihan ko ang stress mo. Pwede tayong mag-schedule ng short session para gumawa ng coping plan.', 0, '2025-09-15 03:32:18'),
(83, 57, 'Pwede online po muna? Salamat.', 0, '2025-09-15 03:42:18'),
(83, 1, 'Pasensya sa pinagdadaanan mo. Importanteng mag-prioritize ng self-care ngayon.', 0, '2025-09-15 04:21:18'),
(84, 74, 'Hi po, pwede po magpa-appointment? Sobrang stress sa exams.', 1, '2025-09-16 17:07:16'),
(84, 2, 'Naiintindihan ko ang stress mo. Pwede tayong mag-schedule ng short session para gumawa ng coping plan.', 0, '2025-09-16 19:19:16'),
(84, 74, 'Salamat po, available po ako sa schedule.', 0, '2025-09-16 21:09:16'),
(84, 1, 'Naiintindihan ko ang stress mo. Pwede tayong mag-schedule ng short session para gumawa ng coping plan.', 0, '2025-09-16 21:46:16'),
(84, 74, 'Sige po, mag-book ako. Ano po dapat dalhin?', 0, '2025-09-17 00:55:16'),
(85, 57, 'Hi, may panic attacks po ako lately, kailangan ng kausap.', 1, '2025-10-10 09:04:56'),
(85, 3, 'Pasensya sa pinagdadaanan mo. Importanteng mag-prioritize ng self-care ngayon.', 0, '2025-10-10 10:45:56'),
(85, 57, 'Pwede online po muna? Salamat.', 0, '2025-10-10 12:20:56'),
(86, 8, 'Hello, nahihirapan po ako sa group project at gusto ko ng advice.', 1, '2025-10-01 14:25:34'),
(86, 5, 'Pasensya sa pinagdadaanan mo. Importanteng mag-prioritize ng self-care ngayon.', 0, '2025-10-01 16:06:34'),
(86, 8, 'Salamat po, available po ako sa schedule.', 0, '2025-10-01 18:56:34'),
(86, 1, 'Naiintindihan ko ang stress mo. Pwede tayong mag-schedule ng short session para gumawa ng coping plan.', 0, '2025-10-01 21:50:34'),
(86, 8, 'Pwede online po muna? Salamat.', 0, '2025-10-01 22:50:34'),
(87, 111, 'Hi, may panic attacks po ako lately, kailangan ng kausap.', 0, '2025-10-02 18:58:33'),
(87, 5, 'Naiintindihan ko ang stress mo. Pwede tayong mag-schedule ng short session para gumawa ng coping plan.', 0, '2025-10-02 22:36:33'),
(87, 111, 'Pwede online po muna? Salamat.', 0, '2025-10-03 00:25:33'),
(87, 1, 'Naiintindihan ko ang stress mo. Pwede tayong mag-schedule ng short session para gumawa ng coping plan.', 0, '2025-10-03 03:47:33'),
(88, 144, 'Hello, nahihirapan po ako sa group project at gusto ko ng advice.', 1, '2025-09-23 15:49:48'),
(88, 3, 'Pasensya sa pinagdadaanan mo. Importanteng mag-prioritize ng self-care ngayon.', 0, '2025-09-23 18:56:48'),
(88, 144, 'Sige po, mag-book ako. Ano po dapat dalhin?', 0, '2025-09-23 20:26:48'),
(88, 1, 'Pasensya sa pinagdadaanan mo. Importanteng mag-prioritize ng self-care ngayon.', 0, '2025-09-23 21:37:48'),
(89, 133, 'Hi, may panic attacks po ako lately, kailangan ng kausap.', 1, '2025-10-02 10:52:23'),
(89, 3, 'Naiintindihan ko ang stress mo. Pwede tayong mag-schedule ng short session para gumawa ng coping plan.', 0, '2025-10-02 11:09:23'),
(89, 133, 'Salamat po, available po ako sa schedule.', 0, '2025-10-02 12:51:23'),
(89, 2, 'Salamat sa pagbabahagi. Naiintindihan ko, available ako bukas 10:00-12:00 para mag-usap.', 0, '2025-10-02 13:34:23'),
(89, 133, 'Pwede online po muna? Salamat.', 0, '2025-10-02 15:26:23'),
(89, 1, 'Salamat sa pagbabahagi. Naiintindihan ko, available ako bukas 10:00-12:00 para mag-usap.', 0, '2025-10-02 18:22:23'),
(90, 112, 'Hi po, pwede po magpa-appointment? Sobrang stress sa exams.', 1, '2025-09-22 12:29:56'),
(90, 5, 'Naiintindihan ko ang stress mo. Pwede tayong mag-schedule ng short session para gumawa ng coping plan.', 0, '2025-09-22 14:39:56'),
(90, 112, 'Sige po, mag-book ako. Ano po dapat dalhin?', 0, '2025-09-22 17:32:56'),
(90, 1, 'Pasensya sa pinagdadaanan mo. Importanteng mag-prioritize ng self-care ngayon.', 0, '2025-09-22 19:03:56'),
(90, 112, 'Pwede online po muna? Salamat.', 0, '2025-09-22 21:19:56'),
(90, 1, 'Naiintindihan ko ang stress mo. Pwede tayong mag-schedule ng short session para gumawa ng coping plan.', 0, '2025-09-22 22:57:56'),
(91, 133, 'Hi, may panic attacks po ako lately, kailangan ng kausap.', 1, '2025-09-18 00:59:08'),
(91, 1, 'Salamat sa pagbabahagi. Naiintindihan ko, available ako bukas 10:00-12:00 para mag-usap.', 0, '2025-09-18 03:38:08'),
(91, 133, 'Sige po, mag-book ako. Ano po dapat dalhin?', 0, '2025-09-18 05:51:08'),
(91, 2, 'Naiintindihan ko ang stress mo. Pwede tayong mag-schedule ng short session para gumawa ng coping plan.', 0, '2025-09-18 07:40:08'),
(91, 133, 'Salamat po, available po ako sa schedule.', 0, '2025-09-18 10:10:08'),
(91, 1, 'Salamat sa pagbabahagi. Naiintindihan ko, available ako bukas 10:00-12:00 para mag-usap.', 0, '2025-09-18 14:01:08'),
(92, 89, 'Hello, nahihirapan po ako sa group project at gusto ko ng advice.', 1, '2025-09-18 22:39:31'),
(92, 1, 'Salamat sa pagbabahagi. Naiintindihan ko, available ako bukas 10:00-12:00 para mag-usap.', 0, '2025-09-19 01:35:31'),
(92, 89, 'Salamat po, available po ako sa schedule.', 0, '2025-09-19 04:16:31'),
(93, 68, 'Hi po, pwede po magpa-appointment? Sobrang stress sa exams.', 1, '2025-09-18 20:56:45'),
(93, 7, 'Naiintindihan ko ang stress mo. Pwede tayong mag-schedule ng short session para gumawa ng coping plan.', 0, '2025-09-18 21:20:45'),
(93, 68, 'Sige po, mag-book ako. Ano po dapat dalhin?', 0, '2025-09-18 22:37:45'),
(94, 84, 'Hi, may panic attacks po ako lately, kailangan ng kausap.', 1, '2025-10-09 06:50:50'),
(94, 7, 'Naiintindihan ko ang stress mo. Pwede tayong mag-schedule ng short session para gumawa ng coping plan.', 0, '2025-10-09 10:31:50'),
(94, 84, 'Sige po, mag-book ako. Ano po dapat dalhin?', 0, '2025-10-09 10:50:50'),
(94, 5, 'Pasensya sa pinagdadaanan mo. Importanteng mag-prioritize ng self-care ngayon.', 0, '2025-10-09 14:46:50'),
(94, 84, 'Sige po, mag-book ako. Ano po dapat dalhin?', 0, '2025-10-09 15:28:50'),
(95, 24, 'Hello, nahihirapan po ako sa group project at gusto ko ng advice.', 0, '2025-09-19 14:55:40'),
(95, 7, 'Naiintindihan ko ang stress mo. Pwede tayong mag-schedule ng short session para gumawa ng coping plan.', 0, '2025-09-19 15:45:40'),
(95, 24, 'Sige po, mag-book ako. Ano po dapat dalhin?', 0, '2025-09-19 16:47:40'),
(95, 6, 'Salamat sa pagbabahagi. Naiintindihan ko, available ako bukas 10:00-12:00 para mag-usap.', 0, '2025-09-19 20:05:40'),
(95, 24, 'Pwede online po muna? Salamat.', 0, '2025-09-19 23:24:40'),
(95, 5, 'Naiintindihan ko ang stress mo. Pwede tayong mag-schedule ng short session para gumawa ng coping plan.', 0, '2025-09-20 03:01:40'),
(96, 137, 'Hello, nahihirapan po ako sa group project at gusto ko ng advice.', 1, '2025-09-30 13:03:09'),
(96, 7, 'Naiintindihan ko ang stress mo. Pwede tayong mag-schedule ng short session para gumawa ng coping plan.', 0, '2025-09-30 16:31:09'),
(96, 137, 'Pwede online po muna? Salamat.', 0, '2025-09-30 18:17:09'),
(96, 1, 'Pasensya sa pinagdadaanan mo. Importanteng mag-prioritize ng self-care ngayon.', 0, '2025-09-30 21:57:09'),
(96, 137, 'Pwede online po muna? Salamat.', 0, '2025-10-01 00:59:09'),
(97, 51, 'Hello, nahihirapan po ako sa group project at gusto ko ng advice.', 0, '2025-10-01 08:02:43'),
(97, 2, 'Naiintindihan ko ang stress mo. Pwede tayong mag-schedule ng short session para gumawa ng coping plan.', 0, '2025-10-01 10:30:43'),
(97, 51, 'Salamat po, available po ako sa schedule.', 0, '2025-10-01 11:59:43'),
(97, 5, 'Salamat sa pagbabahagi. Naiintindihan ko, available ako bukas 10:00-12:00 para mag-usap.', 0, '2025-10-01 13:05:43'),
(97, 51, 'Sige po, mag-book ako. Ano po dapat dalhin?', 0, '2025-10-01 13:39:43'),
(97, 3, 'Pasensya sa pinagdadaanan mo. Importanteng mag-prioritize ng self-care ngayon.', 0, '2025-10-01 16:49:43'),
(98, 96, 'Hi po, pwede po magpa-appointment? Sobrang stress sa exams.', 1, '2025-10-11 08:38:45'),
(98, 2, 'Naiintindihan ko ang stress mo. Pwede tayong mag-schedule ng short session para gumawa ng coping plan.', 0, '2025-10-11 10:48:45'),
(98, 96, 'Salamat po, available po ako sa schedule.', 0, '2025-10-11 10:59:45'),
(99, 50, 'Hi po, pwede po magpa-appointment? Sobrang stress sa exams.', 1, '2025-10-06 20:36:49'),
(99, 1, 'Salamat sa pagbabahagi. Naiintindihan ko, available ako bukas 10:00-12:00 para mag-usap.', 0, '2025-10-06 23:41:49'),
(99, 50, 'Pwede online po muna? Salamat.', 0, '2025-10-07 02:05:49'),
(99, 7, 'Pasensya sa pinagdadaanan mo. Importanteng mag-prioritize ng self-care ngayon.', 0, '2025-10-07 04:26:49'),
(99, 50, 'Salamat po, available po ako sa schedule.', 0, '2025-10-07 05:35:49'),
(100, 76, 'Hi, may panic attacks po ako lately, kailangan ng kausap.', 0, '2025-09-25 03:21:46'),
(100, 2, 'Naiintindihan ko ang stress mo. Pwede tayong mag-schedule ng short session para gumawa ng coping plan.', 0, '2025-09-25 04:05:46'),
(100, 76, 'Sige po, mag-book ako. Ano po dapat dalhin?', 0, '2025-09-25 06:42:46'),
(100, 3, 'Naiintindihan ko ang stress mo. Pwede tayong mag-schedule ng short session para gumawa ng coping plan.', 0, '2025-09-25 08:52:46'),
(100, 76, 'Sige po, mag-book ako. Ano po dapat dalhin?', 0, '2025-09-25 11:26:46'),
(100, 6, 'Naiintindihan ko ang stress mo. Pwede tayong mag-schedule ng short session para gumawa ng coping plan.', 0, '2025-09-25 13:18:46'),
(101, 85, 'Hi po, pwede po magpa-appointment? Sobrang stress sa exams.', 1, '2025-09-30 11:27:49'),
(101, 4, 'Salamat sa pagbabahagi. Naiintindihan ko, available ako bukas 10:00-12:00 para mag-usap.', 0, '2025-09-30 13:20:49'),
(101, 85, 'Pwede online po muna? Salamat.', 0, '2025-09-30 15:32:49'),
(102, 106, 'Hello, nahihirapan po ako sa group project at gusto ko ng advice.', 1, '2025-10-02 18:06:12'),
(102, 6, 'Naiintindihan ko ang stress mo. Pwede tayong mag-schedule ng short session para gumawa ng coping plan.', 0, '2025-10-02 21:54:12'),
(102, 106, 'Sige po, mag-book ako. Ano po dapat dalhin?', 0, '2025-10-03 00:05:12'),
(102, 4, 'Salamat sa pagbabahagi. Naiintindihan ko, available ako bukas 10:00-12:00 para mag-usap.', 0, '2025-10-03 02:53:12'),
(102, 106, 'Sige po, mag-book ako. Ano po dapat dalhin?', 0, '2025-10-03 04:50:12'),
(102, 2, 'Salamat sa pagbabahagi. Naiintindihan ko, available ako bukas 10:00-12:00 para mag-usap.', 0, '2025-10-03 07:24:12'),
(103, 122, 'Hi, may panic attacks po ako lately, kailangan ng kausap.', 1, '2025-09-22 06:10:34'),
(103, 5, 'Naiintindihan ko ang stress mo. Pwede tayong mag-schedule ng short session para gumawa ng coping plan.', 0, '2025-09-22 08:53:34'),
(103, 122, 'Salamat po, available po ako sa schedule.', 0, '2025-09-22 09:42:34'),
(103, 3, 'Naiintindihan ko ang stress mo. Pwede tayong mag-schedule ng short session para gumawa ng coping plan.', 0, '2025-09-22 11:05:34'),
(104, 148, 'Hi, may panic attacks po ako lately, kailangan ng kausap.', 1, '2025-10-06 08:50:37'),
(104, 3, 'Naiintindihan ko ang stress mo. Pwede tayong mag-schedule ng short session para gumawa ng coping plan.', 0, '2025-10-06 12:01:37'),
(104, 148, 'Pwede online po muna? Salamat.', 0, '2025-10-06 14:41:37'),
(104, 7, 'Naiintindihan ko ang stress mo. Pwede tayong mag-schedule ng short session para gumawa ng coping plan.', 0, '2025-10-06 17:38:37'),
(105, 29, 'Hello, nahihirapan po ako sa group project at gusto ko ng advice.', 0, '2025-10-06 21:18:52'),
(105, 7, 'Naiintindihan ko ang stress mo. Pwede tayong mag-schedule ng short session para gumawa ng coping plan.', 0, '2025-10-06 23:39:52'),
(105, 29, 'Pwede online po muna? Salamat.', 0, '2025-10-07 01:00:52'),
(105, 1, 'Naiintindihan ko ang stress mo. Pwede tayong mag-schedule ng short session para gumawa ng coping plan.', 0, '2025-10-07 04:05:52'),
(105, 29, 'Salamat po, available po ako sa schedule.', 0, '2025-10-07 06:06:52'),
(105, 3, 'Salamat sa pagbabahagi. Naiintindihan ko, available ako bukas 10:00-12:00 para mag-usap.', 0, '2025-10-07 07:19:52'),
(106, 22, 'Hi po, pwede po magpa-appointment? Sobrang stress sa exams.', 1, '2025-10-05 20:32:38'),
(106, 5, 'Salamat sa pagbabahagi. Naiintindihan ko, available ako bukas 10:00-12:00 para mag-usap.', 0, '2025-10-05 22:13:38'),
(106, 22, 'Sige po, mag-book ako. Ano po dapat dalhin?', 0, '2025-10-05 23:12:38'),
(106, 2, 'Pasensya sa pinagdadaanan mo. Importanteng mag-prioritize ng self-care ngayon.', 0, '2025-10-06 02:42:38'),
(106, 22, 'Pwede online po muna? Salamat.', 0, '2025-10-06 03:42:38'),
(106, 7, 'Pasensya sa pinagdadaanan mo. Importanteng mag-prioritize ng self-care ngayon.', 0, '2025-10-06 04:24:38'),
(107, 81, 'Hello, nahihirapan po ako sa group project at gusto ko ng advice.', 1, '2025-09-22 20:33:31'),
(107, 7, 'Salamat sa pagbabahagi. Naiintindihan ko, available ako bukas 10:00-12:00 para mag-usap.', 0, '2025-09-22 23:07:31'),
(107, 81, 'Pwede online po muna? Salamat.', 0, '2025-09-22 23:46:31'),
(107, 5, 'Salamat sa pagbabahagi. Naiintindihan ko, available ako bukas 10:00-12:00 para mag-usap.', 0, '2025-09-23 01:54:31'),
(107, 81, 'Salamat po, available po ako sa schedule.', 0, '2025-09-23 03:12:31'),
(108, 122, 'Hi po, pwede po magpa-appointment? Sobrang stress sa exams.', 1, '2025-09-27 19:01:53'),
(108, 1, 'Salamat sa pagbabahagi. Naiintindihan ko, available ako bukas 10:00-12:00 para mag-usap.', 0, '2025-09-27 21:36:53'),
(108, 122, 'Pwede online po muna? Salamat.', 0, '2025-09-27 23:29:53'),
(108, 4, 'Pasensya sa pinagdadaanan mo. Importanteng mag-prioritize ng self-care ngayon.', 0, '2025-09-28 02:12:53'),
(108, 122, 'Sige po, mag-book ako. Ano po dapat dalhin?', 0, '2025-09-28 03:56:53'),
(108, 4, 'Salamat sa pagbabahagi. Naiintindihan ko, available ako bukas 10:00-12:00 para mag-usap.', 0, '2025-09-28 05:44:53'),
(109, 102, 'Hi, may panic attacks po ako lately, kailangan ng kausap.', 0, '2025-10-08 00:52:00'),
(109, 2, 'Salamat sa pagbabahagi. Naiintindihan ko, available ako bukas 10:00-12:00 para mag-usap.', 0, '2025-10-08 02:18:00'),
(109, 102, 'Salamat po, available po ako sa schedule.', 0, '2025-10-08 04:58:00'),
(109, 7, 'Naiintindihan ko ang stress mo. Pwede tayong mag-schedule ng short session para gumawa ng coping plan.', 0, '2025-10-08 07:17:00'),
(109, 102, 'Pwede online po muna? Salamat.', 0, '2025-10-08 08:23:00'),
(109, 1, 'Pasensya sa pinagdadaanan mo. Importanteng mag-prioritize ng self-care ngayon.', 0, '2025-10-08 08:55:00'),
(110, 104, 'Hi, may panic attacks po ako lately, kailangan ng kausap.', 0, '2025-09-15 20:53:33'),
(110, 3, 'Salamat sa pagbabahagi. Naiintindihan ko, available ako bukas 10:00-12:00 para mag-usap.', 0, '2025-09-15 22:12:33'),
(110, 104, 'Pwede online po muna? Salamat.', 0, '2025-09-15 23:17:33'),
(110, 1, 'Salamat sa pagbabahagi. Naiintindihan ko, available ako bukas 10:00-12:00 para mag-usap.', 0, '2025-09-16 02:34:33'),
(111, 128, 'Hi, may panic attacks po ako lately, kailangan ng kausap.', 0, '2025-10-01 17:15:07'),
(111, 1, 'Pasensya sa pinagdadaanan mo. Importanteng mag-prioritize ng self-care ngayon.', 0, '2025-10-01 19:27:07'),
(111, 128, 'Salamat po, available po ako sa schedule.', 0, '2025-10-01 22:34:07'),
(112, 134, 'Hi, may panic attacks po ako lately, kailangan ng kausap.', 1, '2025-09-29 21:23:55'),
(112, 6, 'Naiintindihan ko ang stress mo. Pwede tayong mag-schedule ng short session para gumawa ng coping plan.', 0, '2025-09-30 00:32:55'),
(112, 134, 'Pwede online po muna? Salamat.', 0, '2025-09-30 00:58:55'),
(112, 4, 'Naiintindihan ko ang stress mo. Pwede tayong mag-schedule ng short session para gumawa ng coping plan.', 0, '2025-09-30 04:56:55'),
(113, 90, 'Hi, may panic attacks po ako lately, kailangan ng kausap.', 1, '2025-09-23 18:49:31'),
(113, 2, 'Naiintindihan ko ang stress mo. Pwede tayong mag-schedule ng short session para gumawa ng coping plan.', 0, '2025-09-23 22:13:31'),
(113, 90, 'Sige po, mag-book ako. Ano po dapat dalhin?', 0, '2025-09-24 00:30:31'),
(113, 5, 'Pasensya sa pinagdadaanan mo. Importanteng mag-prioritize ng self-care ngayon.', 0, '2025-09-24 02:02:31'),
(113, 90, 'Sige po, mag-book ako. Ano po dapat dalhin?', 0, '2025-09-24 04:09:31'),
(114, 28, 'Hi po, pwede po magpa-appointment? Sobrang stress sa exams.', 1, '2025-10-07 13:10:45'),
(114, 4, 'Naiintindihan ko ang stress mo. Pwede tayong mag-schedule ng short session para gumawa ng coping plan.', 0, '2025-10-07 17:03:45'),
(114, 28, 'Salamat po, available po ako sa schedule.', 0, '2025-10-07 19:57:45'),
(114, 6, 'Salamat sa pagbabahagi. Naiintindihan ko, available ako bukas 10:00-12:00 para mag-usap.', 0, '2025-10-07 23:54:45'),
(114, 28, 'Sige po, mag-book ako. Ano po dapat dalhin?', 0, '2025-10-08 03:12:45'),
(114, 3, 'Salamat sa pagbabahagi. Naiintindihan ko, available ako bukas 10:00-12:00 para mag-usap.', 0, '2025-10-08 03:47:45'),
(115, 97, 'Hi po, pwede po magpa-appointment? Sobrang stress sa exams.', 1, '2025-10-01 00:14:12'),
(115, 3, 'Pasensya sa pinagdadaanan mo. Importanteng mag-prioritize ng self-care ngayon.', 0, '2025-10-01 02:46:12'),
(115, 97, 'Sige po, mag-book ako. Ano po dapat dalhin?', 0, '2025-10-01 03:43:12'),
(115, 6, 'Naiintindihan ko ang stress mo. Pwede tayong mag-schedule ng short session para gumawa ng coping plan.', 0, '2025-10-01 06:17:12'),
(115, 97, 'Pwede online po muna? Salamat.', 0, '2025-10-01 07:15:12'),
(115, 7, 'Pasensya sa pinagdadaanan mo. Importanteng mag-prioritize ng self-care ngayon.', 0, '2025-10-01 09:57:12'),
(116, 41, 'Hi, may panic attacks po ako lately, kailangan ng kausap.', 1, '2025-10-10 13:56:59'),
(116, 5, 'Salamat sa pagbabahagi. Naiintindihan ko, available ako bukas 10:00-12:00 para mag-usap.', 0, '2025-10-10 14:24:59'),
(116, 41, 'Salamat po, available po ako sa schedule.', 0, '2025-10-10 15:03:59'),
(116, 7, 'Naiintindihan ko ang stress mo. Pwede tayong mag-schedule ng short session para gumawa ng coping plan.', 0, '2025-10-10 18:59:59'),
(117, 80, 'Hi po, pwede po magpa-appointment? Sobrang stress sa exams.', 0, '2025-09-15 16:37:34'),
(117, 7, 'Salamat sa pagbabahagi. Naiintindihan ko, available ako bukas 10:00-12:00 para mag-usap.', 0, '2025-09-15 20:12:34'),
(117, 80, 'Pwede online po muna? Salamat.', 0, '2025-09-15 22:40:34'),
(118, 14, 'Hi po, pwede po magpa-appointment? Sobrang stress sa exams.', 1, '2025-09-17 22:52:43'),
(118, 7, 'Pasensya sa pinagdadaanan mo. Importanteng mag-prioritize ng self-care ngayon.', 0, '2025-09-18 02:37:43'),
(118, 14, 'Salamat po, available po ako sa schedule.', 0, '2025-09-18 04:56:43'),
(118, 1, 'Naiintindihan ko ang stress mo. Pwede tayong mag-schedule ng short session para gumawa ng coping plan.', 0, '2025-09-18 08:34:43'),
(118, 14, 'Pwede online po muna? Salamat.', 0, '2025-09-18 09:42:43'),
(119, 49, 'Hi, may panic attacks po ako lately, kailangan ng kausap.', 1, '2025-09-28 16:13:20'),
(119, 4, 'Salamat sa pagbabahagi. Naiintindihan ko, available ako bukas 10:00-12:00 para mag-usap.', 0, '2025-09-28 17:44:20'),
(119, 49, 'Salamat po, available po ako sa schedule.', 0, '2025-09-28 20:10:20'),
(120, 127, 'Hi po, pwede po magpa-appointment? Sobrang stress sa exams.', 1, '2025-09-15 01:43:45'),
(120, 3, 'Salamat sa pagbabahagi. Naiintindihan ko, available ako bukas 10:00-12:00 para mag-usap.', 0, '2025-09-15 04:29:45'),
(120, 127, 'Sige po, mag-book ako. Ano po dapat dalhin?', 0, '2025-09-15 04:43:45'),
(120, 2, 'Pasensya sa pinagdadaanan mo. Importanteng mag-prioritize ng self-care ngayon.', 0, '2025-09-15 08:16:45'),
(120, 127, 'Sige po, mag-book ako. Ano po dapat dalhin?', 0, '2025-09-15 10:06:45');

-- notifications (~200)
INSERT INTO notification (user_id, message, type, is_read, created_at) VALUES
(20, 'May bagong reply mula sa counselor mo.', 'info', 1, '2025-10-04 23:27:28'),
(144, 'Workshop invite: Stress management this Friday.', 'info', 1, '2025-09-27 09:13:00'),
(70, 'Reminder: appointment bukas sa wellness center.', 'info', 1, '2025-10-03 03:23:23'),
(5, 'Resource suggestion: Time management article.', 'info', 1, '2025-10-09 02:54:26'),
(144, 'May bagong reply mula sa counselor mo.', 'info', 0, '2025-10-07 19:15:59'),
(92, 'May bagong reply mula sa counselor mo.', 'info', 0, '2025-09-23 22:52:39'),
(52, 'Workshop invite: Stress management this Friday.', 'info', 1, '2025-09-22 07:11:21'),
(72, 'May bagong reply mula sa counselor mo.', 'info', 1, '2025-10-08 20:20:07'),
(103, 'May bagong reply mula sa counselor mo.', 'info', 1, '2025-10-05 13:11:05'),
(118, 'Resource suggestion: Time management article.', 'info', 0, '2025-10-04 07:40:46'),
(113, 'Workshop invite: Stress management this Friday.', 'info', 0, '2025-09-18 13:14:30'),
(107, 'Workshop invite: Stress management this Friday.', 'info', 0, '2025-09-21 22:37:27'),
(11, 'Reminder: appointment bukas sa wellness center.', 'info', 1, '2025-09-20 20:11:52'),
(57, 'Resource suggestion: Time management article.', 'info', 1, '2025-09-21 20:19:20'),
(90, 'Resource suggestion: Time management article.', 'info', 0, '2025-09-26 09:22:47'),
(14, 'Workshop invite: Stress management this Friday.', 'info', 1, '2025-09-26 21:07:41'),
(29, 'Reminder: appointment bukas sa wellness center.', 'info', 0, '2025-09-22 12:53:26'),
(23, 'Resource suggestion: Time management article.', 'info', 1, '2025-09-21 18:00:45'),
(47, 'May bagong reply mula sa counselor mo.', 'info', 0, '2025-09-28 03:09:59'),
(116, 'Resource suggestion: Time management article.', 'info', 1, '2025-09-25 15:51:07'),
(75, 'Workshop invite: Stress management this Friday.', 'info', 0, '2025-09-20 06:43:54'),
(139, 'Resource suggestion: Time management article.', 'info', 1, '2025-10-01 18:00:18'),
(8, 'Resource suggestion: Time management article.', 'info', 1, '2025-09-28 07:41:30'),
(130, 'Workshop invite: Stress management this Friday.', 'info', 1, '2025-10-01 18:37:26'),
(58, 'May bagong reply mula sa counselor mo.', 'info', 1, '2025-10-10 00:47:25'),
(80, 'May bagong reply mula sa counselor mo.', 'info', 0, '2025-10-11 17:48:38'),
(7, 'May bagong reply mula sa counselor mo.', 'info', 0, '2025-10-08 00:58:13'),
(72, 'Workshop invite: Stress management this Friday.', 'info', 1, '2025-10-11 18:27:49'),
(26, 'May bagong reply mula sa counselor mo.', 'info', 0, '2025-10-08 19:55:18'),
(108, 'Reminder: appointment bukas sa wellness center.', 'info', 0, '2025-10-11 01:41:49'),
(24, 'Resource suggestion: Time management article.', 'info', 1, '2025-09-20 06:08:54'),
(115, 'Workshop invite: Stress management this Friday.', 'info', 1, '2025-09-18 06:19:51'),
(138, 'Resource suggestion: Time management article.', 'info', 1, '2025-10-01 10:21:17'),
(119, 'Reminder: appointment bukas sa wellness center.', 'info', 1, '2025-10-03 15:23:43'),
(149, 'Workshop invite: Stress management this Friday.', 'info', 0, '2025-10-04 16:27:07'),
(49, 'May bagong reply mula sa counselor mo.', 'info', 1, '2025-09-26 02:34:34'),
(33, 'Reminder: appointment bukas sa wellness center.', 'info', 0, '2025-10-08 03:21:58'),
(85, 'May bagong reply mula sa counselor mo.', 'info', 1, '2025-10-07 07:33:36'),
(97, 'Reminder: appointment bukas sa wellness center.', 'info', 0, '2025-09-21 19:46:00'),
(99, 'May bagong reply mula sa counselor mo.', 'info', 0, '2025-10-11 10:31:14'),
(140, 'Reminder: appointment bukas sa wellness center.', 'info', 1, '2025-10-10 16:39:27'),
(57, 'May bagong reply mula sa counselor mo.', 'info', 0, '2025-10-09 11:47:21'),
(84, 'Workshop invite: Stress management this Friday.', 'info', 1, '2025-09-25 22:38:57'),
(56, 'Resource suggestion: Time management article.', 'info', 1, '2025-10-02 18:25:07'),
(143, 'Resource suggestion: Time management article.', 'info', 1, '2025-10-10 21:18:41'),
(111, 'May bagong reply mula sa counselor mo.', 'info', 1, '2025-10-09 15:57:24'),
(103, 'May bagong reply mula sa counselor mo.', 'info', 1, '2025-09-22 20:12:41'),
(72, 'Resource suggestion: Time management article.', 'info', 1, '2025-09-24 07:23:53'),
(12, 'May bagong reply mula sa counselor mo.', 'info', 1, '2025-09-25 21:42:25'),
(53, 'May bagong reply mula sa counselor mo.', 'info', 1, '2025-10-04 11:06:17'),
(85, 'May bagong reply mula sa counselor mo.', 'info', 1, '2025-09-16 11:37:24'),
(32, 'May bagong reply mula sa counselor mo.', 'info', 0, '2025-10-10 23:10:06'),
(147, 'Workshop invite: Stress management this Friday.', 'info', 1, '2025-09-18 10:32:56'),
(39, 'May bagong reply mula sa counselor mo.', 'info', 1, '2025-09-26 05:31:01'),
(98, 'Resource suggestion: Time management article.', 'info', 1, '2025-09-28 20:44:52'),
(54, 'Reminder: appointment bukas sa wellness center.', 'info', 1, '2025-10-09 10:08:49'),
(119, 'May bagong reply mula sa counselor mo.', 'info', 1, '2025-10-12 09:52:53'),
(37, 'Reminder: appointment bukas sa wellness center.', 'info', 1, '2025-09-26 09:16:37'),
(73, 'Reminder: appointment bukas sa wellness center.', 'info', 0, '2025-10-07 13:39:53'),
(69, 'Resource suggestion: Time management article.', 'info', 1, '2025-09-16 14:34:47'),
(88, 'May bagong reply mula sa counselor mo.', 'info', 0, '2025-09-30 21:47:23'),
(113, 'May bagong reply mula sa counselor mo.', 'info', 0, '2025-10-04 07:08:52'),
(129, 'Reminder: appointment bukas sa wellness center.', 'info', 1, '2025-10-08 11:19:40'),
(79, 'May bagong reply mula sa counselor mo.', 'info', 1, '2025-10-08 00:42:29'),
(107, 'Workshop invite: Stress management this Friday.', 'info', 1, '2025-09-22 13:14:32'),
(91, 'May bagong reply mula sa counselor mo.', 'info', 1, '2025-09-29 03:41:16'),
(84, 'May bagong reply mula sa counselor mo.', 'info', 1, '2025-09-15 17:34:12'),
(108, 'May bagong reply mula sa counselor mo.', 'info', 0, '2025-10-03 19:43:50'),
(20, 'Resource suggestion: Time management article.', 'info', 0, '2025-09-22 17:17:36'),
(38, 'Reminder: appointment bukas sa wellness center.', 'info', 1, '2025-10-06 04:22:58'),
(30, 'May bagong reply mula sa counselor mo.', 'info', 0, '2025-09-16 23:30:14'),
(13, 'Resource suggestion: Time management article.', 'info', 0, '2025-09-19 15:12:21'),
(3, 'May bagong reply mula sa counselor mo.', 'info', 1, '2025-09-27 19:23:40'),
(76, 'Resource suggestion: Time management article.', 'info', 0, '2025-10-07 11:25:58'),
(117, 'Resource suggestion: Time management article.', 'info', 1, '2025-10-10 16:36:31'),
(148, 'Reminder: appointment bukas sa wellness center.', 'info', 0, '2025-10-05 20:28:32'),
(90, 'May bagong reply mula sa counselor mo.', 'info', 1, '2025-09-17 05:10:20'),
(150, 'Resource suggestion: Time management article.', 'info', 1, '2025-09-26 06:04:50'),
(114, 'May bagong reply mula sa counselor mo.', 'info', 0, '2025-10-06 15:19:51'),
(7, 'Resource suggestion: Time management article.', 'info', 1, '2025-10-06 22:12:20'),
(69, 'May bagong reply mula sa counselor mo.', 'info', 0, '2025-09-20 19:13:52'),
(120, 'Resource suggestion: Time management article.', 'info', 0, '2025-09-20 20:03:05'),
(95, 'Workshop invite: Stress management this Friday.', 'info', 1, '2025-10-02 03:15:50'),
(130, 'Resource suggestion: Time management article.', 'info', 1, '2025-09-17 21:06:05'),
(12, 'Workshop invite: Stress management this Friday.', 'info', 1, '2025-09-19 12:14:19'),
(38, 'Workshop invite: Stress management this Friday.', 'info', 0, '2025-09-16 06:06:14'),
(108, 'Reminder: appointment bukas sa wellness center.', 'info', 0, '2025-09-28 07:56:09'),
(15, 'May bagong reply mula sa counselor mo.', 'info', 1, '2025-10-02 04:45:57'),
(139, 'Resource suggestion: Time management article.', 'info', 1, '2025-09-21 02:05:20'),
(16, 'Reminder: appointment bukas sa wellness center.', 'info', 1, '2025-09-30 12:05:57'),
(70, 'Resource suggestion: Time management article.', 'info', 1, '2025-09-20 19:10:48'),
(141, 'Resource suggestion: Time management article.', 'info', 0, '2025-09-16 02:07:46'),
(121, 'May bagong reply mula sa counselor mo.', 'info', 1, '2025-10-03 14:22:52'),
(45, 'Reminder: appointment bukas sa wellness center.', 'info', 1, '2025-09-21 10:49:01'),
(79, 'May bagong reply mula sa counselor mo.', 'info', 1, '2025-09-28 04:04:29'),
(100, 'Workshop invite: Stress management this Friday.', 'info', 0, '2025-10-11 03:20:58'),
(72, 'Resource suggestion: Time management article.', 'info', 1, '2025-10-09 10:50:38'),
(137, 'Workshop invite: Stress management this Friday.', 'info', 0, '2025-10-07 19:11:33'),
(78, 'Reminder: appointment bukas sa wellness center.', 'info', 1, '2025-10-02 15:20:53'),
(35, 'May bagong reply mula sa counselor mo.', 'info', 0, '2025-09-23 04:33:40'),
(21, 'May bagong reply mula sa counselor mo.', 'info', 1, '2025-09-15 05:33:24'),
(90, 'Reminder: appointment bukas sa wellness center.', 'info', 1, '2025-09-30 06:21:07'),
(127, 'May bagong reply mula sa counselor mo.', 'info', 0, '2025-10-09 00:08:18'),
(128, 'Resource suggestion: Time management article.', 'info', 1, '2025-09-17 21:43:04'),
(9, 'Reminder: appointment bukas sa wellness center.', 'info', 1, '2025-09-25 18:04:02'),
(142, 'Reminder: appointment bukas sa wellness center.', 'info', 1, '2025-09-14 12:34:14'),
(133, 'Resource suggestion: Time management article.', 'info', 1, '2025-10-12 09:48:19'),
(45, 'Reminder: appointment bukas sa wellness center.', 'info', 1, '2025-09-29 16:48:28'),
(7, 'Workshop invite: Stress management this Friday.', 'info', 1, '2025-10-03 23:58:02'),
(87, 'Workshop invite: Stress management this Friday.', 'info', 1, '2025-10-07 22:24:31'),
(70, 'Reminder: appointment bukas sa wellness center.', 'info', 0, '2025-09-16 04:07:06'),
(97, 'May bagong reply mula sa counselor mo.', 'info', 0, '2025-09-18 16:45:19'),
(70, 'Reminder: appointment bukas sa wellness center.', 'info', 0, '2025-09-23 05:43:37'),
(116, 'May bagong reply mula sa counselor mo.', 'info', 1, '2025-10-03 23:23:26'),
(53, 'Reminder: appointment bukas sa wellness center.', 'info', 1, '2025-09-29 12:50:47'),
(24, 'May bagong reply mula sa counselor mo.', 'info', 1, '2025-09-15 04:48:34'),
(108, 'May bagong reply mula sa counselor mo.', 'info', 1, '2025-09-18 19:35:45'),
(49, 'May bagong reply mula sa counselor mo.', 'info', 1, '2025-09-25 12:15:29'),
(65, 'Workshop invite: Stress management this Friday.', 'info', 1, '2025-10-08 08:44:21'),
(70, 'May bagong reply mula sa counselor mo.', 'info', 1, '2025-10-01 11:31:37'),
(102, 'Resource suggestion: Time management article.', 'info', 1, '2025-10-01 09:13:37'),
(9, 'Reminder: appointment bukas sa wellness center.', 'info', 1, '2025-09-23 01:05:09'),
(135, 'Resource suggestion: Time management article.', 'info', 1, '2025-10-02 06:03:44'),
(126, 'Reminder: appointment bukas sa wellness center.', 'info', 1, '2025-09-14 14:18:17'),
(111, 'May bagong reply mula sa counselor mo.', 'info', 1, '2025-09-15 04:40:04'),
(106, 'Resource suggestion: Time management article.', 'info', 0, '2025-09-30 01:54:48'),
(57, 'May bagong reply mula sa counselor mo.', 'info', 1, '2025-10-07 23:13:21'),
(111, 'Resource suggestion: Time management article.', 'info', 1, '2025-09-28 05:49:14'),
(126, 'May bagong reply mula sa counselor mo.', 'info', 0, '2025-09-22 03:34:23'),
(45, 'Reminder: appointment bukas sa wellness center.', 'info', 0, '2025-10-06 19:06:18'),
(57, 'Workshop invite: Stress management this Friday.', 'info', 1, '2025-10-02 12:45:43'),
(149, 'May bagong reply mula sa counselor mo.', 'info', 0, '2025-09-27 21:24:49'),
(49, 'May bagong reply mula sa counselor mo.', 'info', 1, '2025-10-08 02:09:23'),
(111, 'Resource suggestion: Time management article.', 'info', 1, '2025-09-21 09:46:41'),
(136, 'Reminder: appointment bukas sa wellness center.', 'info', 0, '2025-09-24 04:15:46'),
(102, 'Reminder: appointment bukas sa wellness center.', 'info', 1, '2025-09-30 07:53:21'),
(138, 'May bagong reply mula sa counselor mo.', 'info', 1, '2025-09-14 21:10:09'),
(6, 'May bagong reply mula sa counselor mo.', 'info', 0, '2025-09-22 06:59:37'),
(149, 'Reminder: appointment bukas sa wellness center.', 'info', 0, '2025-09-20 16:51:13'),
(144, 'Resource suggestion: Time management article.', 'info', 0, '2025-09-16 07:16:06'),
(36, 'Reminder: appointment bukas sa wellness center.', 'info', 1, '2025-10-07 09:27:54'),
(9, 'Reminder: appointment bukas sa wellness center.', 'info', 0, '2025-10-05 12:00:18'),
(146, 'Reminder: appointment bukas sa wellness center.', 'info', 0, '2025-10-07 20:23:04'),
(88, 'Reminder: appointment bukas sa wellness center.', 'info', 1, '2025-10-10 09:45:40'),
(87, 'Reminder: appointment bukas sa wellness center.', 'info', 1, '2025-10-05 05:06:18'),
(53, 'Resource suggestion: Time management article.', 'info', 1, '2025-09-15 14:19:52'),
(15, 'Reminder: appointment bukas sa wellness center.', 'info', 1, '2025-10-05 10:26:36'),
(108, 'Workshop invite: Stress management this Friday.', 'info', 1, '2025-10-07 12:08:59'),
(90, 'Resource suggestion: Time management article.', 'info', 0, '2025-10-02 02:27:08'),
(113, 'Reminder: appointment bukas sa wellness center.', 'info', 0, '2025-09-26 01:43:19'),
(69, 'Resource suggestion: Time management article.', 'info', 1, '2025-10-04 11:05:29'),
(134, 'Workshop invite: Stress management this Friday.', 'info', 1, '2025-09-21 02:28:51'),
(88, 'Reminder: appointment bukas sa wellness center.', 'info', 1, '2025-09-30 20:19:29'),
(62, 'May bagong reply mula sa counselor mo.', 'info', 1, '2025-09-21 00:15:57'),
(107, 'May bagong reply mula sa counselor mo.', 'info', 0, '2025-10-01 08:43:37'),
(1, 'Resource suggestion: Time management article.', 'info', 1, '2025-09-15 23:32:27'),
(111, 'Workshop invite: Stress management this Friday.', 'info', 1, '2025-10-08 00:43:37'),
(54, 'Reminder: appointment bukas sa wellness center.', 'info', 1, '2025-09-16 22:33:59'),
(41, 'Resource suggestion: Time management article.', 'info', 0, '2025-09-27 15:54:26'),
(36, 'Resource suggestion: Time management article.', 'info', 1, '2025-10-07 18:32:00'),
(109, 'May bagong reply mula sa counselor mo.', 'info', 1, '2025-10-03 02:55:42'),
(34, 'Reminder: appointment bukas sa wellness center.', 'info', 0, '2025-09-30 11:44:21'),
(126, 'Workshop invite: Stress management this Friday.', 'info', 0, '2025-10-05 16:02:55'),
(129, 'Resource suggestion: Time management article.', 'info', 1, '2025-09-15 10:13:40'),
(130, 'May bagong reply mula sa counselor mo.', 'info', 1, '2025-10-10 09:54:28'),
(30, 'Workshop invite: Stress management this Friday.', 'info', 0, '2025-09-23 02:54:20'),
(28, 'May bagong reply mula sa counselor mo.', 'info', 1, '2025-09-18 03:55:14'),
(35, 'Resource suggestion: Time management article.', 'info', 0, '2025-10-01 05:09:20'),
(54, 'May bagong reply mula sa counselor mo.', 'info', 1, '2025-09-15 17:32:05'),
(56, 'Workshop invite: Stress management this Friday.', 'info', 1, '2025-10-05 23:28:44'),
(131, 'Workshop invite: Stress management this Friday.', 'info', 1, '2025-10-05 04:09:00'),
(118, 'Workshop invite: Stress management this Friday.', 'info', 0, '2025-09-24 13:22:13'),
(87, 'Reminder: appointment bukas sa wellness center.', 'info', 1, '2025-09-18 07:33:31'),
(124, 'Resource suggestion: Time management article.', 'info', 1, '2025-10-01 20:59:45'),
(85, 'Resource suggestion: Time management article.', 'info', 1, '2025-10-11 20:01:33'),
(34, 'Workshop invite: Stress management this Friday.', 'info', 1, '2025-09-28 02:50:57'),
(5, 'Workshop invite: Stress management this Friday.', 'info', 1, '2025-10-02 18:54:06'),
(68, 'May bagong reply mula sa counselor mo.', 'info', 1, '2025-09-30 19:32:59'),
(19, 'Resource suggestion: Time management article.', 'info', 1, '2025-10-06 03:19:04'),
(76, 'Resource suggestion: Time management article.', 'info', 0, '2025-10-05 08:31:20'),
(72, 'Resource suggestion: Time management article.', 'info', 1, '2025-09-25 13:30:17'),
(49, 'Resource suggestion: Time management article.', 'info', 1, '2025-10-03 21:09:29'),
(21, 'Reminder: appointment bukas sa wellness center.', 'info', 1, '2025-10-08 08:32:43'),
(16, 'Resource suggestion: Time management article.', 'info', 0, '2025-09-24 14:44:33'),
(117, 'Resource suggestion: Time management article.', 'info', 1, '2025-09-19 06:55:47'),
(130, 'Resource suggestion: Time management article.', 'info', 1, '2025-09-19 18:56:15'),
(10, 'Reminder: appointment bukas sa wellness center.', 'info', 1, '2025-09-21 22:22:07'),
(28, 'Reminder: appointment bukas sa wellness center.', 'info', 0, '2025-10-04 10:55:44'),
(35, 'May bagong reply mula sa counselor mo.', 'info', 1, '2025-09-29 10:31:59'),
(42, 'Reminder: appointment bukas sa wellness center.', 'info', 1, '2025-09-25 13:10:16'),
(26, 'Resource suggestion: Time management article.', 'info', 0, '2025-09-25 18:59:50'),
(57, 'Resource suggestion: Time management article.', 'info', 0, '2025-10-01 11:12:15'),
(82, 'Reminder: appointment bukas sa wellness center.', 'info', 0, '2025-09-22 13:16:39'),
(70, 'Resource suggestion: Time management article.', 'info', 1, '2025-10-04 02:45:41'),
(111, 'Reminder: appointment bukas sa wellness center.', 'info', 1, '2025-09-25 19:49:55'),
(96, 'May bagong reply mula sa counselor mo.', 'info', 1, '2025-10-09 20:04:34'),
(89, 'Resource suggestion: Time management article.', 'info', 0, '2025-09-30 18:10:28'),
(124, 'May bagong reply mula sa counselor mo.', 'info', 1, '2025-10-06 03:03:43'),
(36, 'May bagong reply mula sa counselor mo.', 'info', 1, '2025-10-04 17:54:39'),
(88, 'May bagong reply mula sa counselor mo.', 'info', 1, '2025-09-16 18:39:13');

-- resource_log (15 items)
INSERT INTO resource_log (title, content, category, created_at) VALUES
('Time Management Tips', 'Mga practical na tips para hindi ma-procrastinate.', 'article', '2025-10-10 23:21:49'),
('Breathing Exercise Guide', 'Step-by-step breathing exercise para sa anxiety.', 'article', '2025-10-07 18:58:29'),
('Campus Wellness Workshop', 'Workshop schedule for stress management.', 'workshop', '2025-09-23 13:06:43'),
('Financial Aid Form', 'Form para sa emergency financial aid application.', 'form', '2025-09-21 00:45:08'),
('Helpline 24/7', 'Philippine helpline for crisis: 0917-123-4567.', 'article', '2025-09-23 12:50:20'),
('Study Planner Template', 'Downloadable study planner (PDF).', 'form', '2025-09-29 21:00:11'),
('Mindfulness Session', 'Weekly guided mindfulness session.', 'workshop', '2025-10-09 14:15:04'),
('Sleep Hygiene Tips', 'Tips para sa better sleep hygiene.', 'article', '2025-09-14 15:58:59'),
('Counseling Consent Form', 'Form needed before counseling sessions.', 'form', '2025-10-05 16:36:26'),
('Peer Support Group', 'Info about peer support meetings.', 'article', '2025-10-12 08:01:18'),
('Career Counseling Tips', 'Paano ihanda resume at interview.', 'article', '2025-09-20 15:48:25'),
('Exam Prep Workshop', 'Workshop schedule para sa exam prep.', 'workshop', '2025-10-02 09:53:27'),
('Budgeting 101', 'Basic budgeting tips for students.', 'article', '2025-10-10 01:04:00'),
('Self-care Checklist', 'Checklist ng self-care activities.', 'article', '2025-09-19 03:43:42'),
('Local Helplines', 'List of Philippine mental health helplines.', 'article', '2025-10-03 00:45:35');

-- user_activities (~250)
INSERT INTO user_activities (user_id, action, target_type, target_id, started_at, ended_at, duration_seconds) VALUES
(100, 'started_chat', 'resource', 24, '2025-10-10 04:26:12', '2025-10-10 04:27:41', 89),
(132, 'completed_survey', 'resource', 44, '2025-10-02 20:40:25', '2025-10-02 20:59:18', 1133),
(115, 'started_chat', 'resource', 39, '2025-10-11 03:48:43', '2025-10-11 03:51:29', 166),
(60, 'completed_survey', 'conversation', 28, '2025-09-24 19:27:26', '2025-09-24 19:29:53', 147),
(132, 'viewed_resource', 'resource', 2, '2025-09-26 20:37:03', '2025-09-26 21:19:45', 2562),
(70, 'bookmarked_resource', 'conversation', 16, '2025-09-22 15:57:56', '2025-09-22 16:08:15', 619),
(11, 'bookmarked_resource', 'conversation', 6, '2025-09-17 03:41:57', '2025-09-17 04:25:34', 2617),
(9, 'completed_survey', 'resource', 46, '2025-09-26 07:13:56', '2025-09-26 07:56:45', 2569),
(150, 'completed_survey', 'survey', 3, '2025-09-25 08:14:03', '2025-09-25 09:00:01', 2758),
(46, 'bookmarked_resource', 'form', 47, '2025-09-22 03:21:48', '2025-09-22 03:22:43', 55),
(113, 'downloaded_form', 'resource', 35, '2025-10-05 00:59:52', '2025-10-05 01:16:42', 1010),
(147, 'started_chat', 'form', 19, '2025-09-26 22:10:06', '2025-09-26 22:22:12', 726),
(150, 'downloaded_form', 'form', 4, '2025-10-10 10:47:36', '2025-10-10 11:06:21', 1125),
(80, 'viewed_resource', 'survey', 3, '2025-09-25 07:34:42', '2025-09-25 07:46:57', 735),
(74, 'completed_survey', 'survey', 15, '2025-10-11 15:47:44', '2025-10-11 15:53:10', 326),
(46, 'bookmarked_resource', 'form', 29, '2025-09-25 23:39:09', '2025-09-26 00:17:59', 2330),
(115, 'viewed_resource', 'survey', 16, '2025-10-02 13:35:26', '2025-10-02 14:04:33', 1747),
(40, 'bookmarked_resource', 'conversation', 6, '2025-09-28 15:08:52', '2025-09-28 16:05:28', 3396),
(95, 'downloaded_form', 'survey', 33, '2025-10-11 10:37:57', '2025-10-11 10:55:14', 1037),
(54, 'completed_survey', 'resource', 31, '2025-09-20 06:20:13', '2025-09-20 06:53:21', 1988),
(58, 'downloaded_form', 'form', 39, '2025-09-15 04:57:05', '2025-09-15 04:58:43', 98),
(6, 'downloaded_form', 'conversation', 6, '2025-09-14 17:22:32', '2025-09-14 18:20:43', 3491),
(29, 'bookmarked_resource', 'conversation', 44, '2025-09-25 23:51:39', '2025-09-26 00:09:00', 1041),
(150, 'started_chat', 'conversation', 32, '2025-09-16 22:21:46', '2025-09-16 22:56:15', 2069),
(5, 'bookmarked_resource', 'conversation', 22, '2025-10-10 13:43:34', '2025-10-10 14:05:54', 1340),
(56, 'downloaded_form', 'survey', 28, '2025-10-11 08:05:31', '2025-10-11 08:40:16', 2085),
(74, 'viewed_resource', 'resource', 43, '2025-09-30 17:41:16', '2025-09-30 18:36:24', 3308),
(1, 'viewed_resource', 'conversation', 11, '2025-10-08 10:49:45', '2025-10-08 11:10:16', 1231),
(44, 'completed_survey', 'survey', 36, '2025-09-27 08:18:05', '2025-09-27 09:01:44', 2619),
(23, 'bookmarked_resource', 'resource', 31, '2025-09-21 12:05:10', '2025-09-21 12:53:02', 2872),
(139, 'completed_survey', 'form', 24, '2025-10-05 18:59:03', '2025-10-05 19:46:31', 2848),
(37, 'started_chat', 'resource', 11, '2025-09-19 17:39:09', '2025-09-19 17:56:46', 1057),
(122, 'completed_survey', 'survey', 2, '2025-10-07 14:58:07', '2025-10-07 15:17:53', 1186),
(37, 'bookmarked_resource', 'form', 30, '2025-09-23 08:42:11', '2025-09-23 09:01:25', 1154),
(106, 'viewed_resource', 'conversation', 33, '2025-09-17 11:55:14', '2025-09-17 12:28:51', 2017),
(13, 'bookmarked_resource', 'conversation', 10, '2025-09-22 06:16:55', '2025-09-22 06:29:26', 751),
(23, 'bookmarked_resource', 'survey', 47, '2025-10-04 18:38:16', '2025-10-04 19:03:11', 1495),
(84, 'completed_survey', 'resource', 31, '2025-09-18 17:12:42', '2025-09-18 17:19:05', 383),
(38, 'completed_survey', 'resource', 48, '2025-10-03 07:01:26', '2025-10-03 07:15:16', 830),
(39, 'completed_survey', 'survey', 41, '2025-09-22 10:24:18', '2025-09-22 10:33:31', 553),
(144, 'viewed_resource', 'survey', 11, '2025-09-19 13:30:27', '2025-09-19 13:55:17', 1490),
(99, 'downloaded_form', 'resource', 28, '2025-10-11 23:45:50', '2025-10-12 00:04:06', 1096),
(69, 'started_chat', 'survey', 38, '2025-10-09 02:04:52', '2025-10-09 02:45:59', 2467),
(114, 'completed_survey', 'form', 45, '2025-10-06 04:49:28', '2025-10-06 05:28:05', 2317),
(40, 'downloaded_form', 'resource', 24, '2025-09-20 19:18:16', '2025-09-20 19:31:52', 816),
(63, 'bookmarked_resource', 'survey', 33, '2025-09-16 09:57:09', '2025-09-16 10:07:05', 596),
(112, 'viewed_resource', 'conversation', 6, '2025-09-17 05:27:43', '2025-09-17 05:42:54', 911),
(29, 'viewed_resource', 'survey', 48, '2025-10-04 02:48:21', '2025-10-04 03:30:01', 2500),
(119, 'completed_survey', 'form', 36, '2025-10-11 06:17:11', '2025-10-11 06:50:29', 1998),
(84, 'viewed_resource', 'form', 21, '2025-09-18 14:11:09', '2025-09-18 14:25:56', 887),
(83, 'downloaded_form', 'survey', 26, '2025-10-06 18:14:34', '2025-10-06 19:00:07', 2733),
(6, 'downloaded_form', 'survey', 20, '2025-10-04 00:09:55', '2025-10-04 00:39:34', 1779),
(98, 'bookmarked_resource', 'resource', 34, '2025-09-17 03:27:18', '2025-09-17 03:29:48', 150),
(103, 'downloaded_form', 'form', 14, '2025-09-16 18:29:30', '2025-09-16 19:19:18', 2988),
(55, 'bookmarked_resource', 'survey', 15, '2025-10-03 00:01:39', '2025-10-03 00:37:42', 2163),
(142, 'downloaded_form', 'conversation', 25, '2025-09-27 11:48:47', '2025-09-27 12:13:53', 1506),
(46, 'bookmarked_resource', 'survey', 38, '2025-09-30 01:24:23', '2025-09-30 01:28:52', 269),
(120, 'viewed_resource', 'conversation', 42, '2025-09-23 02:16:06', '2025-09-23 02:48:58', 1972),
(114, 'viewed_resource', 'survey', 18, '2025-09-29 12:47:32', '2025-09-29 13:33:53', 2781),
(120, 'downloaded_form', 'survey', 32, '2025-09-21 17:24:59', '2025-09-21 17:58:35', 2016),
(10, 'started_chat', 'conversation', 45, '2025-09-28 13:52:55', '2025-09-28 13:59:55', 420),
(53, 'completed_survey', 'resource', 20, '2025-09-27 04:48:13', '2025-09-27 05:44:10', 3357),
(114, 'downloaded_form', 'conversation', 16, '2025-09-21 03:23:51', '2025-09-21 04:08:00', 2649),
(83, 'started_chat', 'resource', 44, '2025-09-18 03:37:23', '2025-09-18 03:55:33', 1090),
(100, 'downloaded_form', 'survey', 8, '2025-09-18 22:23:07', '2025-09-18 22:35:18', 731),
(140, 'viewed_resource', 'form', 9, '2025-09-28 10:12:13', '2025-09-28 10:26:18', 845),
(58, 'downloaded_form', 'conversation', 5, '2025-09-20 15:17:16', '2025-09-20 15:33:45', 989),
(36, 'completed_survey', 'resource', 33, '2025-10-05 05:28:51', '2025-10-05 06:13:12', 2661),
(66, 'bookmarked_resource', 'survey', 27, '2025-10-08 06:07:30', '2025-10-08 06:53:26', 2756),
(123, 'started_chat', 'survey', 33, '2025-10-09 11:16:14', '2025-10-09 11:23:31', 437),
(129, 'started_chat', 'conversation', 21, '2025-09-22 02:18:48', '2025-09-22 02:43:36', 1488),
(10, 'viewed_resource', 'form', 32, '2025-10-02 02:27:20', '2025-10-02 03:04:44', 2244),
(44, 'started_chat', 'survey', 26, '2025-10-11 22:03:51', '2025-10-11 22:51:30', 2859),
(133, 'started_chat', 'resource', 13, '2025-09-23 01:47:51', '2025-09-23 02:36:33', 2922),
(118, 'completed_survey', 'conversation', 14, '2025-10-01 03:42:55', '2025-10-01 03:59:11', 976),
(105, 'started_chat', 'resource', 35, '2025-10-10 23:52:01', '2025-10-11 00:19:28', 1647),
(92, 'viewed_resource', 'form', 41, '2025-10-01 18:58:09', '2025-10-01 19:07:53', 584),
(63, 'completed_survey', 'form', 25, '2025-09-24 10:24:55', '2025-09-24 10:47:04', 1329),
(87, 'started_chat', 'form', 21, '2025-10-01 06:58:50', '2025-10-01 07:57:05', 3495),
(139, 'bookmarked_resource', 'survey', 35, '2025-10-02 12:06:25', '2025-10-02 13:00:30', 3245),
(106, 'completed_survey', 'form', 49, '2025-10-05 15:12:06', '2025-10-05 15:26:49', 883),
(123, 'started_chat', 'resource', 27, '2025-10-07 18:01:00', '2025-10-07 18:01:47', 47),
(102, 'started_chat', 'survey', 42, '2025-10-03 18:15:55', '2025-10-03 19:12:28', 3393),
(19, 'bookmarked_resource', 'survey', 40, '2025-10-01 11:02:40', '2025-10-01 11:53:14', 3034),
(149, 'viewed_resource', 'resource', 31, '2025-09-16 22:47:28', '2025-09-16 23:08:37', 1269),
(87, 'started_chat', 'conversation', 19, '2025-09-28 20:31:09', '2025-09-28 21:29:33', 3504),
(122, 'viewed_resource', 'resource', 11, '2025-09-28 05:26:15', '2025-09-28 05:48:41', 1346),
(113, 'started_chat', 'conversation', 11, '2025-09-29 09:58:02', '2025-09-29 10:40:20', 2538),
(67, 'viewed_resource', 'survey', 9, '2025-10-10 04:49:23', '2025-10-10 05:44:22', 3299),
(138, 'downloaded_form', 'resource', 50, '2025-10-11 19:58:03', '2025-10-11 20:01:12', 189),
(68, 'started_chat', 'form', 22, '2025-09-25 01:59:18', '2025-09-25 02:51:58', 3160),
(94, 'started_chat', 'survey', 12, '2025-10-07 15:30:04', '2025-10-07 15:50:58', 1254),
(32, 'bookmarked_resource', 'resource', 47, '2025-10-08 08:31:38', '2025-10-08 08:52:14', 1236),
(90, 'bookmarked_resource', 'resource', 36, '2025-09-18 15:42:09', '2025-09-18 16:06:09', 1440),
(39, 'downloaded_form', 'conversation', 46, '2025-10-07 13:32:16', '2025-10-07 14:27:57', 3341),
(49, 'viewed_resource', 'resource', 21, '2025-09-28 00:19:11', '2025-09-28 00:47:08', 1677),
(144, 'bookmarked_resource', 'form', 14, '2025-09-16 17:42:12', '2025-09-16 18:24:43', 2551),
(27, 'bookmarked_resource', 'conversation', 25, '2025-09-26 08:19:02', '2025-09-26 09:07:35', 2913),
(16, 'viewed_resource', 'conversation', 36, '2025-10-06 15:44:49', '2025-10-06 16:43:20', 3511),
(136, 'started_chat', 'form', 17, '2025-10-07 16:05:15', '2025-10-07 16:07:05', 110),
(56, 'started_chat', 'survey', 29, '2025-09-25 09:52:10', '2025-09-25 10:23:33', 1883),
(81, 'viewed_resource', 'resource', 36, '2025-09-27 00:43:44', '2025-09-27 01:14:53', 1869),
(135, 'viewed_resource', 'resource', 2, '2025-10-09 11:32:18', '2025-10-09 12:17:09', 2691),
(69, 'completed_survey', 'conversation', 46, '2025-10-07 03:00:38', '2025-10-07 03:12:31', 713),
(51, 'bookmarked_resource', 'form', 10, '2025-10-01 02:22:51', '2025-10-01 02:28:12', 321),
(138, 'completed_survey', 'survey', 35, '2025-09-22 02:27:18', '2025-09-22 03:07:06', 2388),
(127, 'started_chat', 'conversation', 36, '2025-10-04 07:34:40', '2025-10-04 08:01:30', 1610),
(78, 'viewed_resource', 'form', 19, '2025-10-06 01:59:30', '2025-10-06 02:08:45', 555),
(46, 'bookmarked_resource', 'conversation', 24, '2025-10-09 06:09:07', '2025-10-09 07:01:20', 3133),
(18, 'completed_survey', 'conversation', 1, '2025-09-20 13:32:04', '2025-09-20 14:09:51', 2267),
(27, 'bookmarked_resource', 'form', 40, '2025-09-23 08:33:38', '2025-09-23 09:04:49', 1871),
(97, 'viewed_resource', 'resource', 13, '2025-10-06 03:29:16', '2025-10-06 04:14:05', 2689),
(58, 'viewed_resource', 'form', 17, '2025-09-25 00:47:26', '2025-09-25 01:03:28', 962),
(37, 'bookmarked_resource', 'form', 6, '2025-09-26 17:53:13', '2025-09-26 18:24:26', 1873),
(109, 'started_chat', 'survey', 31, '2025-09-30 12:07:50', '2025-09-30 12:30:43', 1373),
(93, 'bookmarked_resource', 'form', 49, '2025-09-21 04:34:37', '2025-09-21 04:36:46', 129),
(102, 'completed_survey', 'survey', 15, '2025-10-06 06:05:00', '2025-10-06 06:48:56', 2636),
(30, 'bookmarked_resource', 'survey', 9, '2025-09-25 21:22:45', '2025-09-25 21:54:32', 1907),
(96, 'started_chat', 'resource', 12, '2025-09-22 02:13:32', '2025-09-22 02:46:39', 1987),
(18, 'bookmarked_resource', 'form', 17, '2025-09-19 13:10:03', '2025-09-19 13:29:59', 1196),
(91, 'started_chat', 'resource', 20, '2025-09-19 10:12:53', '2025-09-19 10:57:08', 2655),
(9, 'completed_survey', 'conversation', 24, '2025-10-08 00:35:53', '2025-10-08 00:58:49', 1376),
(108, 'viewed_resource', 'conversation', 21, '2025-09-18 09:15:03', '2025-09-18 09:48:19', 1996),
(113, 'downloaded_form', 'survey', 46, '2025-10-11 16:18:08', '2025-10-11 16:32:08', 840),
(17, 'bookmarked_resource', 'conversation', 31, '2025-09-25 00:05:34', '2025-09-25 00:28:45', 1391),
(131, 'bookmarked_resource', 'conversation', 1, '2025-09-21 11:00:52', '2025-09-21 11:44:44', 2632),
(148, 'started_chat', 'form', 40, '2025-09-23 13:39:32', '2025-09-23 14:25:15', 2743),
(35, 'viewed_resource', 'resource', 1, '2025-09-22 07:18:39', '2025-09-22 08:14:35', 3356),
(103, 'viewed_resource', 'conversation', 47, '2025-09-27 17:43:10', '2025-09-27 17:53:18', 608),
(54, 'started_chat', 'form', 42, '2025-10-12 00:42:31', '2025-10-12 01:03:26', 1255),
(10, 'completed_survey', 'survey', 6, '2025-09-15 20:17:43', '2025-09-15 20:30:16', 753),
(99, 'started_chat', 'resource', 12, '2025-09-22 00:30:35', '2025-09-22 01:18:28', 2873),
(74, 'completed_survey', 'conversation', 31, '2025-10-06 08:45:29', '2025-10-06 09:42:28', 3419),
(18, 'started_chat', 'survey', 42, '2025-09-20 05:33:31', '2025-09-20 05:44:40', 669),
(15, 'downloaded_form', 'survey', 24, '2025-09-26 11:14:41', '2025-09-26 12:04:51', 3010),
(147, 'viewed_resource', 'survey', 43, '2025-09-29 15:29:30', '2025-09-29 16:10:06', 2436),
(44, 'downloaded_form', 'conversation', 50, '2025-10-10 22:35:31', '2025-10-10 22:39:24', 233),
(69, 'completed_survey', 'form', 16, '2025-10-10 09:11:40', '2025-10-10 10:06:11', 3271),
(15, 'viewed_resource', 'form', 39, '2025-09-25 04:32:23', '2025-09-25 05:11:17', 2334),
(95, 'bookmarked_resource', 'survey', 14, '2025-10-09 05:58:20', '2025-10-09 06:27:48', 1768),
(108, 'downloaded_form', 'survey', 46, '2025-10-08 04:39:03', '2025-10-08 05:05:21', 1578),
(29, 'started_chat', 'conversation', 13, '2025-09-20 09:20:21', '2025-09-20 09:25:28', 307),
(83, 'downloaded_form', 'resource', 8, '2025-09-30 03:44:04', '2025-09-30 04:40:34', 3390),
(124, 'completed_survey', 'survey', 29, '2025-09-19 01:14:25', '2025-09-19 02:08:50', 3265),
(86, 'downloaded_form', 'form', 34, '2025-10-10 23:09:02', '2025-10-10 23:58:56', 2994),
(63, 'viewed_resource', 'resource', 6, '2025-09-29 01:28:05', '2025-09-29 01:53:45', 1540),
(103, 'viewed_resource', 'form', 11, '2025-10-07 07:55:57', '2025-10-07 08:52:10', 3373),
(34, 'bookmarked_resource', 'conversation', 12, '2025-09-16 05:15:27', '2025-09-16 05:35:58', 1231),
(71, 'viewed_resource', 'conversation', 12, '2025-10-05 05:28:41', '2025-10-05 05:48:14', 1173),
(84, 'bookmarked_resource', 'conversation', 9, '2025-09-15 21:10:42', '2025-09-15 22:10:10', 3568),
(25, 'started_chat', 'survey', 16, '2025-09-25 17:16:04', '2025-09-25 17:23:44', 460),
(70, 'downloaded_form', 'form', 16, '2025-09-22 13:49:04', '2025-09-22 13:51:16', 132),
(51, 'downloaded_form', 'conversation', 50, '2025-10-11 22:58:05', '2025-10-11 23:20:52', 1367),
(75, 'viewed_resource', 'conversation', 1, '2025-09-16 15:48:32', '2025-09-16 16:46:41', 3489),
(5, 'completed_survey', 'resource', 25, '2025-10-10 16:47:16', '2025-10-10 17:06:55', 1179),
(10, 'started_chat', 'form', 24, '2025-09-14 20:42:27', '2025-09-14 20:59:00', 993),
(22, 'bookmarked_resource', 'conversation', 28, '2025-09-19 09:04:24', '2025-09-19 09:50:31', 2767),
(127, 'started_chat', 'resource', 2, '2025-09-28 03:58:38', '2025-09-28 04:35:38', 2220),
(135, 'completed_survey', 'form', 33, '2025-09-23 23:48:37', '2025-09-24 00:24:26', 2149),
(108, 'bookmarked_resource', 'survey', 25, '2025-09-23 12:06:36', '2025-09-23 12:30:10', 1414),
(144, 'completed_survey', 'conversation', 11, '2025-09-24 01:25:00', '2025-09-24 02:07:34', 2554),
(24, 'downloaded_form', 'form', 22, '2025-09-18 18:39:06', '2025-09-18 19:31:31', 3145),
(43, 'downloaded_form', 'form', 37, '2025-10-03 15:44:23', '2025-10-03 16:26:17', 2514),
(102, 'viewed_resource', 'form', 21, '2025-09-25 08:38:14', '2025-09-25 08:48:56', 642),
(37, 'downloaded_form', 'conversation', 9, '2025-09-30 15:10:03', '2025-09-30 16:08:18', 3495),
(147, 'started_chat', 'form', 27, '2025-09-26 22:53:35', '2025-09-26 23:17:14', 1419),
(13, 'downloaded_form', 'resource', 41, '2025-09-23 11:13:35', '2025-09-23 11:57:24', 2629),
(67, 'viewed_resource', 'form', 9, '2025-10-12 01:49:18', '2025-10-12 02:21:08', 1910),
(126, 'started_chat', 'conversation', 40, '2025-10-04 04:39:13', '2025-10-04 05:37:41', 3508),
(42, 'started_chat', 'conversation', 24, '2025-09-20 21:34:32', '2025-09-20 22:05:07', 1835),
(45, 'downloaded_form', 'survey', 11, '2025-09-29 02:23:42', '2025-09-29 03:21:29', 3467),
(93, 'started_chat', 'conversation', 30, '2025-10-04 18:37:54', '2025-10-04 18:51:11', 797),
(128, 'started_chat', 'resource', 8, '2025-10-11 20:31:56', '2025-10-11 20:54:56', 1380),
(137, 'viewed_resource', 'survey', 19, '2025-10-02 02:45:09', '2025-10-02 03:34:10', 2941),
(110, 'downloaded_form', 'form', 44, '2025-10-09 15:26:08', '2025-10-09 16:14:17', 2889),
(121, 'started_chat', 'survey', 35, '2025-09-27 19:40:53', '2025-09-27 20:09:42', 1729),
(113, 'bookmarked_resource', 'form', 2, '2025-10-08 22:38:05', '2025-10-08 23:32:51', 3286),
(93, 'started_chat', 'resource', 29, '2025-10-11 23:32:02', '2025-10-12 00:25:11', 3189),
(122, 'bookmarked_resource', 'resource', 6, '2025-09-27 23:46:53', '2025-09-28 00:41:40', 3287),
(2, 'completed_survey', 'survey', 2, '2025-09-17 01:26:21', '2025-09-17 02:06:34', 2413),
(3, 'started_chat', 'conversation', 32, '2025-09-21 17:59:43', '2025-09-21 18:47:25', 2862),
(96, 'started_chat', 'resource', 2, '2025-09-25 13:26:07', '2025-09-25 14:01:48', 2141),
(22, 'bookmarked_resource', 'conversation', 21, '2025-09-29 03:52:41', '2025-09-29 04:43:46', 3065),
(135, 'completed_survey', 'resource', 33, '2025-09-26 22:26:46', '2025-09-26 23:25:00', 3494),
(22, 'started_chat', 'conversation', 22, '2025-09-25 06:23:48', '2025-09-25 07:01:42', 2274),
(25, 'completed_survey', 'form', 24, '2025-09-17 17:56:47', '2025-09-17 18:31:09', 2062),
(102, 'viewed_resource', 'form', 35, '2025-09-16 14:07:13', '2025-09-16 14:39:15', 1922),
(87, 'started_chat', 'form', 10, '2025-09-28 13:29:59', '2025-09-28 14:19:43', 2984),
(27, 'completed_survey', 'survey', 42, '2025-10-07 19:43:55', '2025-10-07 19:54:54', 659),
(77, 'bookmarked_resource', 'resource', 15, '2025-10-08 06:08:28', '2025-10-08 06:27:07', 1119),
(99, 'bookmarked_resource', 'form', 20, '2025-09-18 07:51:59', '2025-09-18 08:34:02', 2523),
(91, 'viewed_resource', 'resource', 50, '2025-09-15 07:54:11', '2025-09-15 08:14:31', 1220),
(82, 'bookmarked_resource', 'survey', 9, '2025-10-01 23:52:21', '2025-10-02 00:19:00', 1599),
(113, 'viewed_resource', 'resource', 29, '2025-10-09 03:09:35', '2025-10-09 03:31:38', 1323),
(105, 'completed_survey', 'survey', 29, '2025-10-12 04:40:14', '2025-10-12 05:10:35', 1821),
(24, 'downloaded_form', 'conversation', 27, '2025-10-10 10:21:13', '2025-10-10 10:37:59', 1006),
(60, 'completed_survey', 'resource', 38, '2025-09-24 04:22:22', '2025-09-24 04:34:22', 720),
(102, 'bookmarked_resource', 'form', 29, '2025-09-17 12:59:00', '2025-09-17 13:38:03', 2343),
(15, 'bookmarked_resource', 'form', 8, '2025-09-26 01:10:55', '2025-09-26 02:00:57', 3002),
(66, 'downloaded_form', 'form', 42, '2025-09-20 01:41:48', '2025-09-20 02:24:38', 2570),
(33, 'downloaded_form', 'survey', 5, '2025-09-24 08:32:46', '2025-09-24 09:24:47', 3121),
(8, 'started_chat', 'conversation', 3, '2025-09-20 09:45:23', '2025-09-20 10:27:10', 2507),
(80, 'downloaded_form', 'survey', 33, '2025-09-20 05:34:41', '2025-09-20 05:59:07', 1466),
(90, 'viewed_resource', 'form', 32, '2025-09-28 14:35:21', '2025-09-28 14:39:38', 257),
(94, 'downloaded_form', 'conversation', 25, '2025-10-06 07:07:45', '2025-10-06 07:39:25', 1900),
(66, 'started_chat', 'form', 14, '2025-10-02 03:30:22', '2025-10-02 04:16:22', 2760),
(94, 'bookmarked_resource', 'conversation', 13, '2025-09-21 06:02:31', '2025-09-21 06:52:56', 3025),
(53, 'viewed_resource', 'form', 36, '2025-09-28 23:32:59', '2025-09-28 23:47:46', 887),
(89, 'bookmarked_resource', 'resource', 6, '2025-10-08 19:25:29', '2025-10-08 19:59:34', 2045),
(19, 'completed_survey', 'survey', 3, '2025-09-29 08:30:06', '2025-09-29 08:54:04', 1438),
(118, 'downloaded_form', 'conversation', 2, '2025-09-14 22:39:19', '2025-09-14 22:41:47', 148),
(49, 'completed_survey', 'survey', 23, '2025-10-06 03:17:20', '2025-10-06 03:35:15', 1075),
(59, 'bookmarked_resource', 'form', 27, '2025-09-29 18:03:10', '2025-09-29 18:20:08', 1018),
(148, 'downloaded_form', 'conversation', 31, '2025-09-24 18:38:21', '2025-09-24 19:07:24', 1743),
(109, 'viewed_resource', 'resource', 25, '2025-09-29 00:54:47', '2025-09-29 01:34:02', 2355),
(48, 'downloaded_form', 'resource', 12, '2025-09-27 01:47:09', '2025-09-27 02:40:13', 3184),
(84, 'started_chat', 'conversation', 39, '2025-10-08 04:59:34', '2025-10-08 05:01:05', 91),
(84, 'viewed_resource', 'conversation', 16, '2025-09-20 12:12:36', '2025-09-20 12:22:31', 595),
(108, 'viewed_resource', 'form', 18, '2025-10-05 00:26:39', '2025-10-05 00:53:39', 1620),
(60, 'downloaded_form', 'survey', 12, '2025-10-12 07:50:55', '2025-10-12 08:26:52', 2157),
(115, 'started_chat', 'form', 21, '2025-09-23 23:44:30', '2025-09-24 00:35:05', 3035),
(34, 'bookmarked_resource', 'form', 35, '2025-10-05 17:20:08', '2025-10-05 17:35:58', 950),
(68, 'completed_survey', 'survey', 22, '2025-09-24 21:18:43', '2025-09-24 21:31:02', 739),
(112, 'bookmarked_resource', 'resource', 44, '2025-10-03 08:35:18', '2025-10-03 08:50:26', 908),
(25, 'downloaded_form', 'conversation', 50, '2025-09-28 19:43:23', '2025-09-28 20:27:32', 2649),
(103, 'bookmarked_resource', 'form', 18, '2025-09-17 10:26:28', '2025-09-17 10:39:52', 804),
(42, 'completed_survey', 'conversation', 3, '2025-09-16 19:43:07', '2025-09-16 20:01:57', 1130),
(138, 'completed_survey', 'form', 48, '2025-09-28 04:55:54', '2025-09-28 05:31:48', 2154),
(57, 'completed_survey', 'resource', 3, '2025-09-17 22:33:47', '2025-09-17 23:29:14', 3327),
(97, 'started_chat', 'conversation', 40, '2025-10-09 17:41:51', '2025-10-09 18:40:05', 3494),
(143, 'completed_survey', 'survey', 45, '2025-09-23 23:13:04', '2025-09-23 23:17:41', 277),
(52, 'started_chat', 'survey', 47, '2025-09-16 21:26:15', '2025-09-16 21:30:53', 278),
(100, 'downloaded_form', 'form', 6, '2025-10-03 07:16:15', '2025-10-03 07:50:17', 2042),
(148, 'viewed_resource', 'conversation', 44, '2025-09-29 00:26:48', '2025-09-29 01:03:10', 2182),
(68, 'bookmarked_resource', 'survey', 20, '2025-10-08 18:21:20', '2025-10-08 18:31:54', 634),
(26, 'bookmarked_resource', 'form', 15, '2025-09-29 20:30:50', '2025-09-29 20:35:43', 293),
(74, 'started_chat', 'survey', 2, '2025-09-29 07:53:11', '2025-09-29 08:08:07', 896),
(128, 'viewed_resource', 'form', 18, '2025-09-14 13:36:00', '2025-09-14 13:49:54', 834),
(79, 'downloaded_form', 'conversation', 21, '2025-10-01 14:25:43', '2025-10-01 15:23:19', 3456),
(90, 'bookmarked_resource', 'resource', 12, '2025-10-06 19:08:27', '2025-10-06 19:23:58', 931),
(101, 'started_chat', 'conversation', 17, '2025-09-16 21:09:44', '2025-09-16 21:59:15', 2971),
(122, 'viewed_resource', 'resource', 21, '2025-09-27 14:34:58', '2025-09-27 14:43:33', 515),
(136, 'bookmarked_resource', 'resource', 30, '2025-10-09 20:01:18', '2025-10-09 20:08:56', 458),
(31, 'completed_survey', 'resource', 33, '2025-10-03 09:25:22', '2025-10-03 10:00:08', 2086),
(125, 'started_chat', 'form', 11, '2025-10-10 04:57:35', '2025-10-10 05:01:13', 218),
(23, 'bookmarked_resource', 'resource', 21, '2025-09-22 12:41:41', '2025-09-22 13:10:31', 1730),
(145, 'bookmarked_resource', 'conversation', 3, '2025-09-26 18:02:37', '2025-09-26 18:31:44', 1747),
(109, 'started_chat', 'form', 24, '2025-10-03 03:25:20', '2025-10-03 03:28:03', 163),
(129, 'bookmarked_resource', 'resource', 25, '2025-09-18 20:19:57', '2025-09-18 20:47:28', 1651),
(28, 'bookmarked_resource', 'survey', 37, '2025-09-15 22:01:10', '2025-09-15 22:44:50', 2620);

-- alerts (10)
INSERT INTO alert (user_id, reason, severity, assigned_to, status, created_at, resolved_at) VALUES
(34, 'Frequent low mood reported', 'low', 7, 'resolved', '2025-09-15 01:01:49', '2025-09-27 10:54:01'),
(106, 'Follow-up needed after appointment', 'low', 3, 'open', '2025-10-07 22:03:04', NULL),
(105, 'Crisis indicator: expressed worry', 'medium', 1, 'open', '2025-10-11 05:49:06', NULL),
(35, 'Frequent low mood reported', 'low', 1, 'open', '2025-09-29 21:40:47', NULL),
(142, 'Frequent low mood reported', 'high', 2, 'in_progress', '2025-10-04 22:14:31', NULL),
(25, 'Academic decline noticed', 'medium', 6, 'in_progress', '2025-10-06 07:48:17', NULL),
(73, 'Follow-up needed after appointment', 'medium', 5, 'in_progress', '2025-10-01 13:42:30', NULL),
(118, 'Crisis indicator: expressed worry', 'critical', 1, 'in_progress', '2025-09-28 12:22:29', NULL),
(122, 'High anxiety checkins', 'medium', 6, 'in_progress', '2025-10-06 03:32:29', NULL),
(31, 'Follow-up needed after appointment', 'high', 6, 'in_progress', '2025-10-01 22:47:50', NULL);

-- appointment_log (30)
INSERT INTO appointment_log (user_id, form_type, downloaded_at, remarks) VALUES
(73, 'Authorization Form', '2025-09-26 18:44:24', 'Requested more info'),
(98, 'Intake Form', '2025-10-07 16:15:43', 'Requested more info'),
(109, 'Followup Form', '2025-10-12 05:41:12', 'Downloaded template'),
(14, 'Intake Form', '2025-10-03 18:48:49', 'Requested more info'),
(29, 'Intake Form', '2025-09-16 04:11:46', 'Requested more info'),
(55, 'Authorization Form', '2025-10-10 04:39:28', 'Signed and returned'),
(34, 'Authorization Form', '2025-09-26 10:57:30', 'Downloaded template'),
(44, 'Followup Form', '2025-09-22 15:09:36', 'Signed and returned'),
(90, 'Consent Form', '2025-10-10 02:14:07', 'Requested more info'),
(128, 'Authorization Form', '2025-09-14 18:23:58', 'Downloaded for appointment'),
(31, 'Consent Form', '2025-10-10 00:09:15', 'Downloaded template'),
(3, 'Followup Form', '2025-09-21 04:43:52', 'Requested more info'),
(108, 'Authorization Form', '2025-09-19 10:37:44', 'Requested more info'),
(68, 'Consent Form', '2025-09-16 05:20:11', 'Signed and returned'),
(58, 'Intake Form', '2025-09-29 03:33:14', 'Signed and returned'),
(16, 'Followup Form', '2025-10-04 04:59:05', 'Requested more info'),
(85, 'Intake Form', '2025-09-14 20:44:50', 'Downloaded for appointment'),
(18, 'Followup Form', '2025-09-25 02:35:32', 'Requested more info'),
(29, 'Consent Form', '2025-09-18 14:50:56', 'Downloaded template'),
(114, 'Consent Form', '2025-09-29 22:55:18', 'Requested more info'),
(85, 'Authorization Form', '2025-10-11 00:34:23', 'Downloaded template'),
(141, 'Authorization Form', '2025-10-02 17:18:46', 'Downloaded template'),
(58, 'Authorization Form', '2025-10-11 10:07:41', 'Downloaded for appointment'),
(33, 'Authorization Form', '2025-10-11 18:01:51', 'Signed and returned'),
(125, 'Intake Form', '2025-10-06 04:47:08', 'Signed and returned'),
(58, 'Followup Form', '2025-10-10 11:04:52', 'Requested more info'),
(61, 'Followup Form', '2025-10-10 03:07:59', 'Requested more info'),
(41, 'Authorization Form', '2025-10-04 21:27:42', 'Signed and returned'),
(86, 'Authorization Form', '2025-10-07 21:15:58', 'Downloaded for appointment'),
(7, 'Followup Form', '2025-09-29 20:07:29', 'Requested more info');

SET FOREIGN_KEY_CHECKS=1;