-- USTP mock data (updated emotional_checkin schema)
-- Generated: 2025-10-12 12:00:00
SET FOREIGN_KEY_CHECKS=0;
DROP TABLE IF EXISTS appointment_log;
DROP TABLE IF EXISTS messages;
DROP TABLE IF EXISTS conversations;
DROP TABLE IF EXISTS alert;
DROP TABLE IF EXISTS user_activities;
DROP TABLE IF EXISTS resource_log;
DROP TABLE IF EXISTS notification;
DROP TABLE IF EXISTS checkin_sentiment;
DROP TABLE IF EXISTS emotional_checkin;
DROP TABLE IF EXISTS journal_sentiment;
DROP TABLE IF EXISTS journal;
DROP TABLE IF EXISTS counselor_profile;
DROP TABLE IF EXISTS user;

-- CREATE TABLES
CREATE TABLE user (
    user_id INT PRIMARY KEY AUTO_INCREMENT,
    email VARCHAR(100) UNIQUE DEFAULT NULL,
    name VARCHAR(100),
    role ENUM('student', 'counselor') NOT NULL,
    nickname VARCHAR(50),
    last_login DATETIME,
    is_active BOOLEAN DEFAULT TRUE,
    created_at DATETIME DEFAULT CURRENT_TIMESTAMP
);
CREATE TABLE counselor_profile (
    user_id INT PRIMARY KEY,
    password VARCHAR(100),
    department VARCHAR(100),
    contact_number VARCHAR(20),
    availability VARCHAR(100),
    year_experience INT,
    created_at DATETIME DEFAULT CURRENT_TIMESTAMP,
    FOREIGN KEY (user_id) REFERENCES user(user_id)
);
CREATE TABLE journal (
    journal_id INT PRIMARY KEY AUTO_INCREMENT,
    user_id INT,
    content TEXT,
    deleted_at DATETIME NULL,
    created_at DATETIME DEFAULT CURRENT_TIMESTAMP,
    FOREIGN KEY (user_id) REFERENCES user(user_id)
);
CREATE TABLE journal_sentiment (
    journal_sentiment_id INT PRIMARY KEY AUTO_INCREMENT,
    journal_id INT,
    sentiment VARCHAR(50),
    emotions VARCHAR(255),
    confidence FLOAT,
    model_version VARCHAR(50),
    analyzed_at DATETIME,
    FOREIGN KEY (journal_id) REFERENCES journal(journal_id)
);
CREATE TABLE emotional_checkin (
    checkin_id INT PRIMARY KEY AUTO_INCREMENT,
    user_id INT,
    mood_level ENUM('Very Sad', 'Sad', 'Neutral', 'Good', 'Happy', 'Very Happy', 'Excellent'),
    energy_level ENUM('Very Low', 'Low', 'Moderate', 'High', 'Very High'),
    stress_level ENUM('No Stress', 'Low Stress', 'Moderate', 'High Stress', 'Very High Stress'),
    comment TEXT,
    created_at DATETIME DEFAULT CURRENT_TIMESTAMP,
    FOREIGN KEY (user_id) REFERENCES user(user_id)
);
CREATE TABLE checkin_sentiment (
    checkin_sentiment_id INT PRIMARY KEY AUTO_INCREMENT,
    checkin_id INT,
    sentiment VARCHAR(50),
    emotions VARCHAR(255),
    confidence FLOAT,
    model_version VARCHAR(50),
    analyzed_at DATETIME,
    FOREIGN KEY (checkin_id) REFERENCES emotional_checkin(checkin_id)
);
CREATE TABLE notification (
    notification_id INT PRIMARY KEY AUTO_INCREMENT,
    user_id INT,
    message TEXT,
    type VARCHAR(50),
    is_read BOOLEAN DEFAULT FALSE,
    created_at DATETIME DEFAULT CURRENT_TIMESTAMP,
    FOREIGN KEY (user_id) REFERENCES user(user_id)
);
CREATE TABLE resource_log (
    resource_id INT PRIMARY KEY AUTO_INCREMENT,
    title VARCHAR(100),
    content TEXT,
    category VARCHAR(50),
    created_at DATETIME DEFAULT CURRENT_TIMESTAMP
);
CREATE TABLE user_activities (
    activity_id INT PRIMARY KEY AUTO_INCREMENT,
    user_id INT,
    action VARCHAR(50),
    target_type VARCHAR(50),
    target_id INT,
    started_at DATETIME,
    ended_at DATETIME,
    duration_seconds INT,
    created_at DATETIME DEFAULT CURRENT_TIMESTAMP,
    FOREIGN KEY (user_id) REFERENCES user(user_id)
);
CREATE TABLE alert (
    alert_id INT PRIMARY KEY AUTO_INCREMENT,
    user_id INT,
    reason VARCHAR(255),
    severity ENUM('low', 'medium', 'high', 'critical'),
    assigned_to INT,
    status ENUM('open', 'in_progress', 'resolved') DEFAULT 'open',
    resolved_at DATETIME,
    created_at DATETIME DEFAULT CURRENT_TIMESTAMP,
    FOREIGN KEY (user_id) REFERENCES user(user_id),
    FOREIGN KEY (assigned_to) REFERENCES user(user_id)
);
CREATE TABLE conversations (
    conversation_id INT PRIMARY KEY AUTO_INCREMENT,
    initiator_user_id INT NOT NULL,
    initiator_role ENUM('student') NOT NULL,
    subject VARCHAR(100),
    status ENUM('open', 'ended') DEFAULT 'open',
    created_at DATETIME DEFAULT CURRENT_TIMESTAMP,
    last_activity_at DATETIME,
    FOREIGN KEY (initiator_user_id) REFERENCES user(user_id)
);
CREATE TABLE messages (
    message_id INT PRIMARY KEY AUTO_INCREMENT,
    conversation_id INT NOT NULL,
    sender_id INT NOT NULL,
    content TEXT NOT NULL,
    is_read BOOLEAN DEFAULT FALSE,
    timestamp DATETIME DEFAULT CURRENT_TIMESTAMP,
    FOREIGN KEY (conversation_id) REFERENCES conversations(conversation_id),
    FOREIGN KEY (sender_id) REFERENCES user(user_id)
);
CREATE TABLE appointment_log (
    log_id INT PRIMARY KEY AUTO_INCREMENT,
    user_id INT,
    form_type VARCHAR(100),
    downloaded_at DATETIME,
    remarks TEXT,
    FOREIGN KEY (user_id) REFERENCES user(user_id)
);
SET FOREIGN_KEY_CHECKS=1;

-- INSERT USERS
INSERT INTO user (user_id, email, name, role, nickname, last_login, is_active, created_at) VALUES
(1, 'maria.santos@ustp.edu.ph', 'Dr. Maria L. Santos', 'counselor', NULL, '2025-10-07 02:35:28', 1, '2025-10-01 03:50:29'),
(2, 'jose.cruz@ustp.edu.ph', 'Engr. Jose Rizal Cruz', 'counselor', NULL, '2025-10-05 08:37:22', 1, '2025-10-06 02:54:57'),
(3, 'analiza.villanueva@ustp.edu.ph', 'Ms. Analiza Villanueva', 'counselor', NULL, '2025-10-05 01:00:02', 1, '2025-09-09 13:25:38'),
(4, 'ramon.delacruz@ustp.edu.ph', 'Dr. Ramon De la Cruz', 'counselor', NULL, '2025-10-02 21:02:58', 1, '2025-10-03 19:30:36'),
(5, 'leila.navarro@ustp.edu.ph', 'Ms. Leila M. Navarro', 'counselor', NULL, '2025-10-05 21:01:16', 1, '2025-10-02 01:27:37'),
(6, 'carlo.reyes@ustp.edu.ph', 'Mr. Carlo P. Reyes', 'counselor', NULL, '2025-10-06 06:02:24', 1, '2025-09-13 19:17:50'),
(7, 'sheila.gomez@ustp.edu.ph', 'Dr. Sheila M. Gomez', 'counselor', NULL, '2025-10-10 21:09:44', 1, '2025-10-07 09:39:04'),
(8, NULL, NULL, 'student', 'Jun', '2025-09-27 20:51:22', 1, '2025-09-16 06:53:55'),
(9, NULL, NULL, 'student', 'Tin', '2025-10-04 19:16:05', 0, '2025-09-15 00:44:11'),
(10, NULL, NULL, 'student', 'Bogs', '2025-10-01 07:59:21', 1, '2025-10-03 22:08:08'),
(11, NULL, NULL, 'student', 'Kaye', '2025-09-29 19:08:17', 1, '2025-10-07 16:51:07'),
(12, NULL, NULL, 'student', 'Jaypee', '2025-09-30 08:32:00', 0, '2025-10-07 04:44:40'),
(13, NULL, NULL, 'student', 'Inday', '2025-09-30 23:41:04', 1, '2025-09-24 06:57:37'),
(14, NULL, NULL, 'student', 'Makoy', '2025-10-08 20:43:33', 1, '2025-10-06 17:41:49'),
(15, NULL, NULL, 'student', 'Migs', '2025-10-03 09:35:42', 1, '2025-09-14 03:04:39'),
(16, NULL, NULL, 'student', 'Cha', '2025-10-08 07:27:21', 1, '2025-09-12 00:20:39'),
(17, NULL, NULL, 'student', 'Ysay', '2025-10-02 19:38:19', 0, '2025-10-07 23:35:00'),
(18, NULL, NULL, 'student', 'Bong', '2025-09-16 08:10:21', 0, '2025-10-02 07:53:37'),
(19, NULL, NULL, 'student', 'Ning', '2025-10-06 15:42:17', 0, '2025-10-03 22:48:50'),
(20, NULL, NULL, 'student', 'Deng', '2025-10-01 19:20:39', 1, '2025-10-10 02:57:16'),
(21, NULL, NULL, 'student', 'Abe', '2025-10-12 12:00:00', 1, '2025-10-04 14:39:00'),
(22, NULL, NULL, 'student', 'Tess', '2025-09-14 15:14:37', 1, '2025-10-03 11:21:25'),
(23, NULL, NULL, 'student', 'Pinky', '2025-10-12 08:20:01', 1, '2025-10-11 12:00:00'),
(24, NULL, NULL, 'student', 'Gelo', '2025-09-17 20:16:43', 1, '2025-10-09 20:16:28'),
(25, NULL, NULL, 'student', 'Toto', '2025-09-22 12:41:06', 0, '2025-09-10 00:50:20'),
(26, NULL, NULL, 'student', 'Pao', '2025-10-02 05:31:19', 0, '2025-10-06 00:11:38'),
(27, NULL, NULL, 'student', 'Yeng', '2025-09-29 18:03:08', 1, '2025-10-09 22:33:21'),
(28, NULL, NULL, 'student', 'Eve', '2025-09-02 06:15:28', 1, '2025-10-03 13:56:00'),
(29, NULL, NULL, 'student', 'Aldo', '2025-10-08 16:00:55', 1, '2025-09-07 15:11:26'),
(30, NULL, NULL, 'student', 'Faye', '2025-10-10 06:12:00', 1, '2025-10-07 22:51:36'),
(31, NULL, NULL, 'student', 'Rex', '2025-09-26 16:28:17', 1, '2025-10-09 23:42:37'),
(32, NULL, NULL, 'student', 'Mari', '2025-10-08 23:07:33', 1, '2025-10-11 16:22:25'),
(33, NULL, NULL, 'student', 'Lou', '2025-10-09 08:29:57', 1, '2025-09-01 23:46:21'),
(34, NULL, NULL, 'student', 'Peter', '2025-09-05 00:41:04', 1, '2025-10-07 23:47:42'),
(35, NULL, NULL, 'student', 'Bela', '2025-10-09 08:56:31', 1, '2025-10-01 17:14:47'),
(36, NULL, NULL, 'student', 'Nico', '2025-10-06 21:40:23', 1, '2025-10-01 12:22:58'),
(37, NULL, NULL, 'student', 'Joanne', '2025-10-06 09:13:32', 0, '2025-10-03 07:36:30'),
(38, NULL, NULL, 'student', 'Kiko', '2025-09-10 14:16:39', 1, '2025-10-07 14:21:29'),
(39, NULL, NULL, 'student', 'Raissa', '2025-10-03 14:39:03', 1, '2025-09-01 09:43:09'),
(40, NULL, NULL, 'student', 'Jolo', '2025-09-20 01:30:59', 1, '2025-10-07 06:34:44'),
(41, NULL, NULL, 'student', 'Bea', '2025-10-08 10:23:17', 0, '2025-09-29 21:15:00'),
(42, NULL, NULL, 'student', 'Toni', '2025-09-29 21:53:26', 1, '2025-10-02 12:06:10'),
(43, NULL, NULL, 'student', 'Rhea', '2025-10-11 05:17:49', 1, '2025-09-29 04:42:39'),
(44, NULL, NULL, 'student', 'Nadz', '2025-09-18 02:05:42', 1, '2025-09-14 14:38:38'),
(45, NULL, NULL, 'student', 'Miko', '2025-10-06 16:20:13', 0, '2025-10-06 12:46:17'),
(46, NULL, NULL, 'student', 'Sora', '2025-09-05 10:56:18', 0, '2025-10-02 20:00:03'),
(47, NULL, NULL, 'student', 'Nonoy', '2025-09-05 03:33:51', 1, '2025-10-07 03:51:27'),
(48, NULL, NULL, 'student', 'Dutz', '2025-10-06 02:22:23', 1, '2025-10-06 05:47:16'),
(49, NULL, NULL, 'student', 'Cai', '2025-10-09 18:54:59', 1, '2025-10-03 22:59:17'),
(50, NULL, NULL, 'student', 'Luz', '2025-10-09 17:13:30', 1, '2025-09-01 10:52:02'),
(51, NULL, NULL, 'student', 'Boyet', '2025-09-26 06:01:35', 1, '2025-09-19 00:48:46'),
(52, NULL, NULL, 'student', 'Ivy', '2025-10-12 13:25:56', 1, '2025-09-05 15:08:03'),
(53, NULL, NULL, 'student', 'Didi', '2025-09-06 23:11:17', 1, '2025-10-07 22:27:36'),
(54, NULL, NULL, 'student', 'Zaldy', '2025-09-03 07:04:38', 1, '2025-10-01 13:19:45'),
(55, NULL, NULL, 'student', 'Mahal', '2025-10-05 11:50:50', 0, '2025-10-12 16:44:51'),
(56, NULL, NULL, 'student', 'Dinna', '2025-10-01 08:33:36', 1, '2025-09-12 04:14:48'),
(57, NULL, NULL, 'student', 'Jaz', '2025-10-10 08:02:57', 1, '2025-09-11 12:01:56'),
(58, NULL, NULL, 'student', 'Kikoy', '2025-10-03 03:09:53', 1, '2025-10-04 04:42:35'),
(59, NULL, NULL, 'student', 'Lani', '2025-10-06 08:10:15', 1, '2025-10-01 19:18:27'),
(60, NULL, NULL, 'student', 'Minda', '2025-10-05 08:31:04', 1, '2025-10-10 08:48:56'),
(61, NULL, NULL, 'student', 'Odie', '2025-10-07 18:38:22', 1, '2025-10-04 08:02:28'),
(62, NULL, NULL, 'student', 'Petch', '2025-09-22 00:50:29', 1, '2025-09-16 11:14:31'),
(63, NULL, NULL, 'student', 'Quin', '2025-10-02 20:47:13', 1, '2025-09-30 23:30:14'),
(64, NULL, NULL, 'student', 'Rico', '2025-10-11 23:04:58', 1, '2025-09-21 09:25:15'),
(65, NULL, NULL, 'student', 'Sam', '2025-09-18 19:06:51', 0, '2025-09-22 03:43:19'),
(66, NULL, NULL, 'student', 'Tetch', '2025-10-04 13:33:01', 1, '2025-09-02 05:19:36'),
(67, NULL, NULL, 'student', 'Ube', '2025-10-03 07:39:37', 1, '2025-10-02 12:08:38'),
(68, NULL, NULL, 'student', 'Vina', '2025-09-13 07:44:07', 1, '2025-09-06 01:55:34'),
(69, NULL, NULL, 'student', 'Weng', '2025-09-22 20:38:40', 1, '2025-09-19 16:08:55'),
(70, NULL, NULL, 'student', 'Xylo', '2025-10-04 23:55:23', 1, '2025-10-11 02:52:57'),
(71, NULL, NULL, 'student', 'Ynez', '2025-10-08 21:08:03', 1, '2025-09-17 01:14:23'),
(72, NULL, NULL, 'student', 'Zara', '2025-09-24 20:06:06', 1, '2025-10-11 11:59:20'),
(73, NULL, NULL, 'student', 'Jun2', '2025-10-07 04:39:19', 1, '2025-09-29 15:39:31'),
(74, NULL, NULL, 'student', 'Tin2', '2025-09-13 02:26:08', 1, '2025-10-04 03:42:47'),
(75, NULL, NULL, 'student', 'Bogs2', '2025-10-03 07:52:35', 1, '2025-09-28 12:38:38'),
(76, NULL, NULL, 'student', 'Kaye2', '2025-09-25 11:08:39', 1, '2025-10-05 17:47:24'),
(77, NULL, NULL, 'student', 'Jaypee2', '2025-10-07 11:52:59', 1, '2025-10-04 01:38:34'),
(78, NULL, NULL, 'student', 'Inday2', '2025-09-27 16:33:19', 1, '2025-10-11 12:07:58'),
(79, NULL, NULL, 'student', 'Makoy2', '2025-10-04 08:35:33', 1, '2025-10-12 07:43:29'),
(80, NULL, NULL, 'student', 'Migs2', '2025-09-09 17:47:22', 0, '2025-10-07 15:20:57'),
(81, NULL, NULL, 'student', 'Cha2', '2025-10-04 18:48:38', 1, '2025-10-03 05:06:34'),
(82, NULL, NULL, 'student', 'Ysay2', '2025-10-02 08:27:59', 1, '2025-10-03 08:01:00'),
(83, NULL, NULL, 'student', 'Bong2', '2025-10-11 12:00:00', 0, '2025-10-10 06:14:43'),
(84, NULL, NULL, 'student', 'Ning2', '2025-10-09 20:41:41', 1, '2025-10-05 16:06:43'),
(85, NULL, NULL, 'student', 'Deng2', '2025-10-05 05:10:27', 1, '2025-09-02 20:37:41'),
(86, NULL, NULL, 'student', 'Abe2', '2025-09-04 12:29:28', 1, '2025-09-11 13:46:01'),
(87, NULL, NULL, 'student', 'Tess2', '2025-09-17 01:39:39', 1, '2025-09-29 15:51:05'),
(88, NULL, NULL, 'student', 'Pinky2', '2025-09-08 14:26:59', 1, '2025-10-05 07:30:51'),
(89, NULL, NULL, 'student', 'Gelo2', '2025-10-12 16:13:09', 1, '2025-09-25 23:51:03'),
(90, NULL, NULL, 'student', 'Toto2', '2025-10-02 13:38:34', 1, '2025-10-04 03:10:10'),
(91, NULL, NULL, 'student', 'Pao2', '2025-09-21 21:37:00', 1, '2025-09-03 12:54:58'),
(92, NULL, NULL, 'student', 'Yeng2', '2025-09-02 13:03:09', 1, '2025-10-05 20:15:08'),
(93, NULL, NULL, 'student', 'Eve2', '2025-09-02 06:07:28', 1, '2025-09-13 10:32:22'),
(94, NULL, NULL, 'student', 'Aldo2', '2025-09-05 17:03:25', 1, '2025-10-08 04:31:54'),
(95, NULL, NULL, 'student', 'Faye2', '2025-10-06 15:31:19', 1, '2025-10-08 19:05:25'),
(96, NULL, NULL, 'student', 'Rex2', '2025-10-10 19:14:45', 1, '2025-10-11 05:05:49'),
(97, NULL, NULL, 'student', 'Mari2', '2025-10-08 14:05:32', 1, '2025-09-29 07:19:25'),
(98, NULL, NULL, 'student', 'Lou2', '2025-10-12 23:53:56', 1, '2025-10-11 07:50:34'),
(99, NULL, NULL, 'student', 'Peter2', '2025-10-05 11:08:30', 1, '2025-10-07 09:56:27'),
(100, NULL, NULL, 'student', 'Bela2', '2025-09-22 12:06:08', 1, '2025-10-01 14:11:56'),
(101, NULL, NULL, 'student', 'Nico2', '2025-10-01 17:12:32', 1, '2025-09-12 11:55:12'),
(102, NULL, NULL, 'student', 'Joanne2', '2025-10-07 01:27:08', 0, '2025-09-18 20:23:56'),
(103, NULL, NULL, 'student', 'Kiko2', '2025-09-29 15:52:11', 1, '2025-10-08 19:27:12'),
(104, NULL, NULL, 'student', 'Raissa2', '2025-10-06 12:54:03', 1, '2025-09-11 05:02:31'),
(105, NULL, NULL, 'student', 'Jolo2', '2025-09-19 05:33:52', 1, '2025-09-14 04:04:28'),
(106, NULL, NULL, 'student', 'Bea2', '2025-10-03 11:54:31', 1, '2025-10-03 09:06:45'),
(107, NULL, NULL, 'student', 'Toni2', '2025-10-07 07:02:47', 1, '2025-09-06 19:04:00'),
(108, NULL, NULL, 'student', 'Rhea2', '2025-10-08 09:31:49', 1, '2025-10-03 08:47:01'),
(109, NULL, NULL, 'student', 'Nadz2', '2025-10-05 03:19:44', 1, '2025-10-06 19:56:30'),
(110, NULL, NULL, 'student', 'Miko2', '2025-10-08 07:12:12', 1, '2025-10-04 16:35:24'),
(111, NULL, NULL, 'student', 'Sora2', '2025-10-07 19:31:17', 1, '2025-09-07 16:18:40'),
(112, NULL, NULL, 'student', 'Nonoy2', '2025-10-01 14:08:55', 0, '2025-09-10 23:59:36'),
(113, NULL, NULL, 'student', 'Dutz2', '2025-10-11 02:24:41', 1, '2025-09-29 04:43:05'),
(114, NULL, NULL, 'student', 'Cai2', '2025-09-27 02:30:10', 1, '2025-10-10 02:25:28'),
(115, NULL, NULL, 'student', 'Luz2', '2025-10-02 17:30:34', 1, '2025-10-03 14:20:16'),
(116, NULL, NULL, 'student', 'Boyet2', '2025-09-09 12:22:42', 1, '2025-09-03 20:44:35'),
(117, NULL, NULL, 'student', 'Ivy2', '2025-10-05 07:39:55', 1, '2025-09-05 13:32:48');

-- INSERT counselor_profile (passwords are placeholders)
INSERT INTO counselor_profile (user_id, password, department, contact_number, availability, year_experience, created_at) VALUES
(1, 'HASHED_PASSWORD_1', 'Wellness Center', '+63-979-175-7244', 'Tue/Thu 10:00-12:00; Fri 13:00-16:00', 7, '2025-10-07 03:13:57'),
(2, 'HASHED_PASSWORD_2', 'Student Affairs', '+63-966-323-7021', 'Tue/Thu 10:00-12:00; Fri 13:00-16:00', 16, '2025-10-08 05:55:47'),
(3, 'HASHED_PASSWORD_3', 'Clinical Psychology', '+63-973-402-1963', 'Tue/Thu 10:00-12:00; Fri 13:00-16:00', 13, '2025-10-06 06:10:35'),
(4, 'HASHED_PASSWORD_4', 'Clinical Psychology', '+63-948-455-4238', 'Mon-Fri 08:30-11:30; Wed 14:00-16:00', 18, '2025-10-10 11:51:11'),
(5, 'HASHED_PASSWORD_5', 'Student Affairs', '+63-928-825-3310', 'Tue/Thu 10:00-12:00; Fri 13:00-16:00', 13, '2025-09-28 13:19:52'),
(6, 'HASHED_PASSWORD_6', 'Guidance and Counseling', '+63-940-240-4226', 'Mon/Wed 09:00-12:00; Tue 14:00-17:00', 7, '2025-10-12 12:00:00'),
(7, 'HASHED_PASSWORD_7', 'Clinical Psychology', '+63-958-555-2213', 'Mon/Wed 09:00-12:00; Tue 14:00-17:00', 18, '2025-10-11 18:08:29');

-- INSERT journals and journal_sentiment
INSERT INTO journal (user_id, content, deleted_at, created_at) VALUES
(8, 'Natatakot ako mag-apply ng trabaho, insecure pa.', NULL, '2025-10-11 00:02:08'),
(9, 'Nai-stress ako sa exam schedule, kailangan ng study plan.', NULL, '2025-10-07 17:51:19'),
(10, 'May nag-away sa bahay, hindi kami nagkakaintindihan ng kuya ko.', NULL, '2025-10-07 23:50:43'),
(11, 'Natatakot ako mag-apply ng trabaho, insecure pa.', NULL, '2025-10-06 09:17:33'),
(12, 'Natatakot ako mag-apply ng trabaho, insecure pa.', NULL, '2025-10-05 16:27:43'),
(13, 'Natatakot ako mag-apply ng trabaho, insecure pa.', NULL, '2025-09-20 01:24:13'),
(14, 'Natatakot ako mag-apply ng trabaho, insecure pa.', NULL, '2025-09-09 18:10:57'),
(15, 'May nag-away sa bahay, hindi kami nagkakaintindihan ng kuya ko.', NULL, '2025-10-04 00:14:06'),
(16, 'Nai-stress ako sa exam schedule, kailangan ng study plan.', NULL, '2025-10-01 14:52:19'),
(17, 'Sobrang dami ng tasks, hindi ko alam paano simulan. Procrastinate ako lagi.', '2025-10-11 06:26:55', '2025-10-10 06:26:55'),
(18, 'Natatakot ako mag-apply ng trabaho, insecure pa.', NULL, '2025-10-12 01:20:41'),
(19, 'Nagpapasalamat ako sa maliit na achievement ko sa project.', NULL, '2025-10-01 18:10:11'),
(20, 'Medyo okay ngayon, naglakad-lakad sa park at nakatulong sa mood.', NULL, '2025-10-08 11:44:20'),
(21, 'Nai-stress ako sa exam schedule, kailangan ng study plan.', NULL, '2025-10-07 14:31:50'),
(22, 'Nagpapasalamat ako sa maliit na achievement ko sa project.', NULL, '2025-10-05 12:57:54'),
(23, 'Natatakot ako mag-apply ng trabaho, insecure pa.', NULL, '2025-10-04 15:35:19'),
(24, 'May nag-away sa bahay, hindi kami nagkakaintindihan ng kuya ko.', NULL, '2025-10-10 06:00:41'),
(25, 'Sobrang dami ng tasks, hindi ko alam paano simulan. Procrastinate ako lagi.', NULL, '2025-09-30 09:24:39'),
(26, 'May nag-away sa bahay, hindi kami nagkakaintindihan ng kuya ko.', NULL, '2025-10-06 18:50:05'),
(27, 'Nagpapasalamat ako sa maliit na achievement ko sa project.', '2025-09-03 11:45:32', '2025-09-02 11:45:32'),
(28, 'Natatakot ako mag-apply ng trabaho, insecure pa.', NULL, '2025-10-12 10:55:20'),
(29, 'Medyo okay ngayon, naglakad-lakad sa park at nakatulong sa mood.', NULL, '2025-10-01 18:34:53'),
(30, 'Nagpapasalamat ako sa maliit na achievement ko sa project.', NULL, '2025-10-11 20:27:43'),
(31, 'Sobrang dami ng tasks, hindi ko alam paano simulan. Procrastinate ako lagi.', NULL, '2025-10-03 13:02:18'),
(32, 'Nagpapasalamat ako sa maliit na achievement ko sa project.', NULL, '2025-10-11 16:02:16'),
(33, 'Natatakot ako mag-apply ng trabaho, insecure pa.', NULL, '2025-10-05 16:16:44'),
(34, 'Nai-stress ako sa exam schedule, kailangan ng study plan.', NULL, '2025-10-02 19:25:04'),
(35, 'May nag-away sa bahay, hindi kami nagkakaintindihan ng kuya ko.', '2025-10-06 21:39:15', '2025-10-05 21:39:15'),
(36, 'Natatakot ako mag-apply ng trabaho, insecure pa.', NULL, '2025-09-07 08:19:34'),
(37, 'May nag-away sa bahay, hindi kami nagkakaintindihan ng kuya ko.', NULL, '2025-10-10 17:38:57'),
(38, 'Nagpapasalamat ako sa maliit na achievement ko sa project.', NULL, '2025-09-03 16:17:35'),
(39, 'Medyo okay ngayon, naglakad-lakad sa park at nakatulong sa mood.', NULL, '2025-09-30 12:33:36'),
(40, 'Medyo okay ngayon, naglakad-lakad sa park at nakatulong sa mood.', NULL, '2025-10-02 20:33:53'),
(41, 'Medyo okay ngayon, naglakad-lakad sa park at nakatulong sa mood.', NULL, '2025-10-06 20:09:26'),
(42, 'Natatakot ako mag-apply ng trabaho, insecure pa.', NULL, '2025-09-20 10:34:27'),
(43, 'Natatakot ako mag-apply ng trabaho, insecure pa.', NULL, '2025-10-11 03:49:07'),
(44, 'Natatakot ako mag-apply ng trabaho, insecure pa.', NULL, '2025-10-09 00:06:38'),
(45, 'May nag-away sa bahay, hindi kami nagkakaintindihan ng kuya ko.', NULL, '2025-10-04 06:53:15'),
(46, 'Natatakot ako mag-apply ng trabaho, insecure pa.', NULL, '2025-10-07 18:09:54'),
(47, 'Medyo okay ngayon, naglakad-lakad sa park at nakatulong sa mood.', NULL, '2025-10-07 17:35:10'),
(48, 'Natatakot ako mag-apply ng trabaho, insecure pa.', NULL, '2025-09-28 20:10:15'),
(49, 'Nai-stress ako sa exam schedule, kailangan ng study plan.', NULL, '2025-10-10 02:07:07'),
(50, 'Sobrang dami ng tasks, hindi ko alam paano simulan. Procrastinate ako lagi.', NULL, '2025-09-11 16:55:23'),
(51, 'Medyo okay ngayon, naglakad-lakad sa park at nakatulong sa mood.', NULL, '2025-10-09 07:04:53'),
(52, 'Nagpapasalamat ako sa maliit na achievement ko sa project.', NULL, '2025-10-06 17:22:38'),
(53, 'Natatakot ako mag-apply ng trabaho, insecure pa.', NULL, '2025-09-15 19:26:17'),
(54, 'Medyo okay ngayon, naglakad-lakad sa park at nakatulong sa mood.', NULL, '2025-09-17 07:56:33'),
(55, 'Nagpapasalamat ako sa maliit na achievement ko sa project.', NULL, '2025-09-30 06:53:34'),
(56, 'Nai-stress ako sa exam schedule, kailangan ng study plan.', NULL, '2025-10-01 12:59:44'),
(57, 'Nai-stress ako sa exam schedule, kailangan ng study plan.', NULL, '2025-10-08 20:12:54'),
(58, 'Medyo okay ngayon, naglakad-lakad sa park at nakatulong sa mood.', NULL, '2025-10-05 05:27:44'),
(59, 'Nagpapasalamat ako sa maliit na achievement ko sa project.', NULL, '2025-10-12 11:24:03'),
(60, 'Nagpapasalamat ako sa maliit na achievement ko sa project.', NULL, '2025-09-20 05:49:15'),
(61, 'May nag-away sa bahay, hindi kami nagkakaintindihan ng kuya ko.', NULL, '2025-09-10 11:46:29'),
(62, 'Medyo okay ngayon, naglakad-lakad sa park at nakatulong sa mood.', NULL, '2025-10-09 17:10:19'),
(63, 'May nag-away sa bahay, hindi kami nagkakaintindihan ng kuya ko.', NULL, '2025-09-21 00:11:50'),
(64, 'Natatakot ako mag-apply ng trabaho, insecure pa.', NULL, '2025-10-01 09:13:41'),
(65, 'Nagpapasalamat ako sa maliit na achievement ko sa project.', NULL, '2025-09-08 17:22:14'),
(66, 'Nagpapasalamat ako sa maliit na achievement ko sa project.', NULL, '2025-10-10 22:30:27'),
(67, 'Sobrang dami ng tasks, hindi ko alam paano simulan. Procrastinate ako lagi.', NULL, '2025-10-09 17:11:27'),
(68, 'Natatakot ako mag-apply ng trabaho, insecure pa.', NULL, '2025-10-10 22:18:58'),
(69, 'Natatakot ako mag-apply ng trabaho, insecure pa.', NULL, '2025-10-01 17:54:56'),
(70, 'Nai-stress ako sa exam schedule, kailangan ng study plan.', NULL, '2025-10-03 20:20:55'),
(71, 'May nag-away sa bahay, hindi kami nagkakaintindihan ng kuya ko.', NULL, '2025-09-28 01:34:52'),
(72, 'Nai-stress ako sa exam schedule, kailangan ng study plan.', NULL, '2025-10-03 02:12:20'),
(73, 'May nag-away sa bahay, hindi kami nagkakaintindihan ng kuya ko.', NULL, '2025-10-01 00:54:00'),
(74, 'Nai-stress ako sa exam schedule, kailangan ng study plan.', NULL, '2025-09-01 11:22:28'),
(75, 'Medyo okay ngayon, naglakad-lakad sa park at nakatulong sa mood.', NULL, '2025-09-04 03:18:15'),
(76, 'Medyo okay ngayon, naglakad-lakad sa park at nakatulong sa mood.', NULL, '2025-10-11 02:16:44'),
(77, 'Nagpapasalamat ako sa maliit na achievement ko sa project.', NULL, '2025-10-11 03:32:55'),
(78, 'Medyo okay ngayon, naglakad-lakad sa park at nakatulong sa mood.', NULL, '2025-10-07 13:45:02'),
(79, 'Nagpapasalamat ako sa maliit na achievement ko sa project.', NULL, '2025-09-05 17:18:23'),
(80, 'Nai-stress ako sa exam schedule, kailangan ng study plan.', NULL, '2025-09-14 16:13:54'),
(81, 'Natatakot ako mag-apply ng trabaho, insecure pa.', NULL, '2025-09-03 06:19:21'),
(82, 'Sobrang dami ng tasks, hindi ko alam paano simulan. Procrastinate ako lagi.', NULL, '2025-10-08 18:07:48'),
(83, 'Nai-stress ako sa exam schedule, kailangan ng study plan.', NULL, '2025-10-12 17:10:28'),
(84, 'Natatakot ako mag-apply ng trabaho, insecure pa.', NULL, '2025-10-10 18:21:09'),
(85, 'Natatakot ako mag-apply ng trabaho, insecure pa.', NULL, '2025-09-16 03:26:36'),
(86, 'Sobrang dami ng tasks, hindi ko alam paano simulan. Procrastinate ako lagi.', NULL, '2025-10-03 00:33:07'),
(87, 'Medyo okay ngayon, naglakad-lakad sa park at nakatulong sa mood.', NULL, '2025-10-02 14:05:10'),
(88, 'May nag-away sa bahay, hindi kami nagkakaintindihan ng kuya ko.', NULL, '2025-10-02 18:20:36'),
(89, 'Sobrang dami ng tasks, hindi ko alam paano simulan. Procrastinate ako lagi.', NULL, '2025-09-19 19:41:14'),
(90, 'Natatakot ako mag-apply ng trabaho, insecure pa.', NULL, '2025-10-06 17:37:03'),
(91, 'Medyo okay ngayon, naglakad-lakad sa park at nakatulong sa mood.', NULL, '2025-10-09 17:09:57'),
(92, 'Nai-stress ako sa exam schedule, kailangan ng study plan.', NULL, '2025-10-09 12:37:30'),
(93, 'May nag-away sa bahay, hindi kami nagkakaintindihan ng kuya ko.', NULL, '2025-10-05 02:31:23'),
(94, 'Natatakot ako mag-apply ng trabaho, insecure pa.', NULL, '2025-10-06 01:56:56'),
(95, 'Natatakot ako mag-apply ng trabaho, insecure pa.', NULL, '2025-10-09 20:53:21'),
(96, 'Nai-stress ako sa exam schedule, kailangan ng study plan.', NULL, '2025-10-10 03:37:05'),
(97, 'Natatakot ako mag-apply ng trabaho, insecure pa.', NULL, '2025-10-10 07:31:32'),
(98, 'May nag-away sa bahay, hindi kami nagkakaintindihan ng kuya ko.', NULL, '2025-10-01 11:11:02'),
(99, 'Nai-stress ako sa exam schedule, kailangan ng study plan.', NULL, '2025-10-05 09:00:46'),
(100, 'Nagpapasalamat ako sa maliit na achievement ko sa project.', NULL, '2025-09-30 06:52:15'),
(101, 'May nag-away sa bahay, hindi kami nagkakaintindihan ng kuya ko.', NULL, '2025-10-12 17:25:02'),
(102, 'Natatakot ako mag-apply ng trabaho, insecure pa.', NULL, '2025-10-08 21:02:23'),
(103, 'Nagpapasalamat ako sa maliit na achievement ko sa project.', NULL, '2025-09-29 22:08:33'),
(104, 'Nagpapasalamat ako sa maliit na achievement ko sa project.', NULL, '2025-09-29 23:15:04'),
(105, 'Natatakot ako mag-apply ng trabaho, insecure pa.', NULL, '2025-10-11 10:14:44'),
(106, 'May nag-away sa bahay, hindi kami nagkakaintindihan ng kuya ko.', NULL, '2025-09-30 00:13:04'),
(107, 'Nagpapasalamat ako sa maliit na achievement ko sa project.', NULL, '2025-10-01 07:54:07'),
(108, 'May nag-away sa bahay, hindi kami nagkakaintindihan ng kuya ko.', NULL, '2025-09-26 16:20:56'),
(109, 'Medyo okay ngayon, naglakad-lakad sa park at nakatulong sa mood.', NULL, '2025-09-09 13:43:06'),
(110, 'Natatakot ako mag-apply ng trabaho, insecure pa.', NULL, '2025-09-14 10:02:09'),
(111, 'Natatakot ako mag-apply ng trabaho, insecure pa.', NULL, '2025-09-21 06:25:11'),
(112, 'May nag-away sa bahay, hindi kami nagkakaintindihan ng kuya ko.', NULL, '2025-10-03 23:51:44'),
(113, 'Nagpapasalamat ako sa maliit na achievement ko sa project.', NULL, '2025-10-11 06:16:13'),
(114, 'Medyo okay ngayon, naglakad-lakad sa park at nakatulong sa mood.', NULL, '2025-09-05 13:11:54'),
(115, 'Nagpapasalamat ako sa maliit na achievement ko sa project.', NULL, '2025-10-07 23:17:28'),
(116, 'Sobrang dami ng tasks, hindi ko alam paano simulan. Procrastinate ako lagi.', NULL, '2025-10-12 12:00:00'),
(117, 'Nagpapasalamat ako sa maliit na achievement ko sa project.', NULL, '2025-10-11 18:30:27');

INSERT INTO journal_sentiment (journal_id, sentiment, emotions, confidence, model_version, analyzed_at) VALUES
(1, 'mixed', 'stress, frustration', 0.74, 'v1.2.0', '2025-10-11 01:11:08'),
(2, 'positive', 'neutral, calm', 0.72, 'v1.2.0', '2025-10-07 18:37:19'),
(3, 'negative', 'neutral, calm', 0.62, 'v1.2.0', '2025-10-08 00:18:43'),
(4, 'mixed', 'joy, relief', 0.96, 'v1.2.0', '2025-10-06 09:43:33'),
(5, 'mixed', 'neutral, calm', 0.99, 'v1.2.0', '2025-10-05 17:54:43'),
(6, 'positive', 'neutral, calm', 0.64, 'v1.2.0', '2025-09-20 03:50:13'),
(7, 'positive', 'stress, frustration', 0.9, 'v1.2.0', '2025-09-09 20:43:57'),
(8, 'negative', 'stress, frustration', 0.81, 'v1.2.0', '2025-10-04 01:59:06'),
(9, 'negative', 'sadness, anxiety', 0.69, 'v1.2.0', '2025-10-01 16:30:19'),
(10, 'positive', 'stress, frustration', 0.81, 'v1.2.0', '2025-10-10 08:50:55'),
(11, 'neutral', 'sadness, anxiety', 0.67, 'v1.2.0', '2025-10-12 02:53:41'),
(12, 'neutral', 'neutral, calm', 0.89, 'v1.2.0', '2025-10-01 20:34:11'),
(13, 'positive', 'stress, frustration', 0.62, 'v1.2.0', '2025-10-08 13:53:20'),
(14, 'mixed', 'hope, anxiety', 0.81, 'v1.2.0', '2025-10-07 15:28:50'),
(15, 'mixed', 'hope, anxiety', 0.87, 'v1.2.0', '2025-10-05 13:42:54'),
(16, 'negative', 'stress, frustration', 0.65, 'v1.2.0', '2025-10-04 18:18:19'),
(17, 'positive', 'hope, anxiety', 0.87, 'v1.2.0', '2025-10-10 07:03:41'),
(18, 'neutral', 'neutral, calm', 0.74, 'v1.2.0', '2025-09-30 09:33:39'),
(19, 'mixed', 'neutral, calm', 0.94, 'v1.2.0', '2025-10-06 21:12:05'),
(20, 'negative', 'sadness, anxiety', 0.68, 'v1.2.0', '2025-09-02 14:00:32'),
(21, 'neutral', 'hope, anxiety', 0.89, 'v1.2.0', '2025-10-12 12:16:20'),
(22, 'neutral', 'neutral, calm', 0.75, 'v1.2.0', '2025-10-01 20:57:53'),
(23, 'neutral', 'hope, anxiety', 0.74, 'v1.2.0', '2025-10-11 23:22:43'),
(24, 'mixed', 'joy, relief', 0.78, 'v1.2.0', '2025-10-03 15:36:18'),
(25, 'negative', 'hope, anxiety', 0.91, 'v1.2.0', '2025-10-11 17:42:16'),
(26, 'positive', 'joy, relief', 0.65, 'v1.2.0', '2025-10-05 18:19:44'),
(27, 'neutral', 'joy, relief', 0.91, 'v1.2.0', '2025-10-02 22:14:04'),
(28, 'neutral', 'neutral, calm', 0.84, 'v1.2.0', '2025-10-05 22:55:15'),
(29, 'negative', 'stress, frustration', 0.61, 'v1.2.0', '2025-09-07 08:52:34'),
(30, 'mixed', 'hope, anxiety', 0.61, 'v1.2.0', '2025-10-10 20:25:57'),
(31, 'mixed', 'neutral, calm', 0.97, 'v1.2.0', '2025-09-03 16:33:35'),
(32, 'positive', 'sadness, anxiety', 0.97, 'v1.2.0', '2025-09-30 13:37:36'),
(33, 'neutral', 'sadness, anxiety', 0.64, 'v1.2.0', '2025-10-02 21:50:53'),
(34, 'neutral', 'sadness, anxiety', 0.95, 'v1.2.0', '2025-10-06 21:51:26'),
(35, 'negative', 'hope, anxiety', 0.75, 'v1.2.0', '2025-09-20 12:46:27'),
(36, 'negative', 'stress, frustration', 0.96, 'v1.2.0', '2025-10-11 06:43:07'),
(37, 'negative', 'sadness, anxiety', 0.9, 'v1.2.0', '2025-10-09 01:17:38'),
(38, 'mixed', 'joy, relief', 0.71, 'v1.2.0', '2025-10-04 08:05:15'),
(39, 'positive', 'stress, frustration', 0.91, 'v1.2.0', '2025-10-07 20:42:54'),
(40, 'positive', 'sadness, anxiety', 0.61, 'v1.2.0', '2025-10-07 18:07:10'),
(41, 'negative', 'joy, relief', 0.62, 'v1.2.0', '2025-09-28 21:28:15'),
(42, 'positive', 'joy, relief', 0.97, 'v1.2.0', '2025-10-10 02:51:07'),
(43, 'neutral', 'hope, anxiety', 0.74, 'v1.2.0', '2025-09-11 19:44:23'),
(44, 'mixed', 'neutral, calm', 0.81, 'v1.2.0', '2025-10-09 08:20:53'),
(45, 'neutral', 'hope, anxiety', 0.83, 'v1.2.0', '2025-10-06 17:30:38'),
(46, 'neutral', 'stress, frustration', 0.6, 'v1.2.0', '2025-09-15 21:04:17'),
(47, 'neutral', 'hope, anxiety', 0.94, 'v1.2.0', '2025-09-17 10:21:33'),
(48, 'positive', 'joy, relief', 0.95, 'v1.2.0', '2025-09-30 07:03:34'),
(49, 'positive', 'joy, relief', 0.62, 'v1.2.0', '2025-10-01 14:39:44'),
(50, 'positive', 'stress, frustration', 0.78, 'v1.2.0', '2025-10-08 23:11:54'),
(51, 'positive', 'hope, anxiety', 0.88, 'v1.2.0', '2025-10-05 07:56:44'),
(52, 'mixed', 'neutral, calm', 0.97, 'v1.2.0', '2025-10-12 13:36:03'),
(53, 'neutral', 'joy, relief', 0.83, 'v1.2.0', '2025-09-20 07:30:15'),
(54, 'mixed', 'neutral, calm', 0.86, 'v1.2.0', '2025-09-10 12:00:29'),
(55, 'mixed', 'stress, frustration', 0.87, 'v1.2.0', '2025-10-09 18:55:19'),
(56, 'negative', 'sadness, anxiety', 0.77, 'v1.2.0', '2025-09-21 02:19:50'),
(57, 'mixed', 'hope, anxiety', 0.94, 'v1.2.0', '2025-10-01 09:25:41'),
(58, 'neutral', 'sadness, anxiety', 0.63, 'v1.2.0', '2025-09-08 19:32:14'),
(59, 'positive', 'sadness, anxiety', 0.82, 'v1.2.0', '2025-10-10 23:32:27'),
(60, 'negative', 'joy, relief', 0.98, 'v1.2.0', '2025-10-09 17:24:27'),
(61, 'negative', 'stress, frustration', 0.96, 'v1.2.0', '2025-10-10 23:38:58'),
(62, 'neutral', 'stress, frustration', 0.92, 'v1.2.0', '2025-10-01 19:46:56'),
(63, 'neutral', 'sadness, anxiety', 0.8, 'v1.2.0', '2025-10-03 20:38:55'),
(64, 'neutral', 'hope, anxiety', 0.67, 'v1.2.0', '2025-09-28 02:05:52'),
(65, 'positive', 'sadness, anxiety', 0.96, 'v1.2.0', '2025-10-03 03:49:20'),
(66, 'neutral', 'hope, anxiety', 0.75, 'v1.2.0', '2025-10-01 02:17:00'),
(67, 'mixed', 'neutral, calm', 0.76, 'v1.2.0', '2025-09-01 11:55:28'),
(68, 'neutral', 'neutral, calm', 0.89, 'v1.2.0', '2025-09-04 04:23:15'),
(69, 'negative', 'neutral, calm', 0.85, 'v1.2.0', '2025-10-11 02:44:44'),
(70, 'mixed', 'neutral, calm', 0.76, 'v1.2.0', '2025-10-11 03:47:55'),
(71, 'positive', 'joy, relief', 0.83, 'v1.2.0', '2025-10-07 14:46:02'),
(72, 'positive', 'stress, frustration', 0.72, 'v1.2.0', '2025-09-05 17:37:23'),
(73, 'negative', 'joy, relief', 0.96, 'v1.2.0', '2025-09-14 16:37:54'),
(74, 'neutral', 'neutral, calm', 0.75, 'v1.2.0', '2025-09-03 07:45:21'),
(75, 'positive', 'stress, frustration', 0.76, 'v1.2.0', '2025-10-08 20:34:48'),
(76, 'positive', 'hope, anxiety', 0.66, 'v1.2.0', '2025-10-12 17:42:28'),
(77, 'positive', 'sadness, anxiety', 0.83, 'v1.2.0', '2025-10-10 20:02:09'),
(78, 'positive', 'joy, relief', 0.89, 'v1.2.0', '2025-09-16 04:23:36'),
(79, 'negative', 'joy, relief', 0.85, 'v1.2.0', '2025-10-03 02:26:07'),
(80, 'negative', 'sadness, anxiety', 0.85, 'v1.2.0', '2025-10-02 14:24:10'),
(81, 'mixed', 'stress, frustration', 0.85, 'v1.2.0', '2025-10-02 20:49:36'),
(82, 'mixed', 'joy, relief', 0.73, 'v1.2.0', '2025-09-19 20:46:14'),
(83, 'neutral', 'neutral, calm', 0.86, 'v1.2.0', '2025-10-06 18:02:03'),
(84, 'mixed', 'neutral, calm', 0.96, 'v1.2.0', '2025-10-09 18:17:57'),
(85, 'negative', 'hope, anxiety', 0.74, 'v1.2.0', '2025-10-09 13:52:30'),
(86, 'negative', 'joy, relief', 0.87, 'v1.2.0', '2025-10-05 03:53:23'),
(87, 'positive', 'sadness, anxiety', 0.81, 'v1.2.0', '2025-10-06 03:14:56'),
(88, 'mixed', 'neutral, calm', 0.78, 'v1.2.0', '2025-10-09 21:29:21'),
(89, 'negative', 'stress, frustration', 0.82, 'v1.2.0', '2025-10-10 06:10:05'),
(90, 'positive', 'hope, anxiety', 0.76, 'v1.2.0', '2025-10-10 08:26:32'),
(91, 'neutral', 'stress, frustration', 0.81, 'v1.2.0', '2025-10-01 12:11:02'),
(92, 'positive', 'stress, frustration', 0.67, 'v1.2.0', '2025-10-05 11:48:46'),
(93, 'neutral', 'sadness, anxiety', 0.9, 'v1.2.0', '2025-09-30 07:00:15'),
(94, 'positive', 'hope, anxiety', 0.95, 'v1.2.0', '2025-10-12 18:37:02'),
(95, 'negative', 'neutral, calm', 0.74, 'v1.2.0', '2025-10-08 21:48:23'),
(96, 'positive', 'sadness, anxiety', 0.73, 'v1.2.0', '2025-09-30 01:03:33'),
(97, 'negative', 'joy, relief', 0.76, 'v1.2.0', '2025-09-30 01:33:04'),
(98, 'neutral', 'hope, anxiety', 0.74, 'v1.2.0', '2025-10-11 10:45:44'),
(99, 'mixed', 'hope, anxiety', 0.62, 'v1.2.0', '2025-09-30 02:31:04'),
(100, 'neutral', 'joy, relief', 0.98, 'v1.2.0', '2025-10-01 07:59:07'),
(101, 'neutral', 'hope, anxiety', 0.99, 'v1.2.0', '2025-09-26 18:52:56'),
(102, 'negative', 'neutral, calm', 0.67, 'v1.2.0', '2025-09-09 16:36:06'),
(103, 'positive', 'hope, anxiety', 0.98, 'v1.2.0', '2025-09-14 11:39:09'),
(104, 'mixed', 'sadness, anxiety', 0.84, 'v1.2.0', '2025-09-21 09:10:11'),
(105, 'negative', 'hope, anxiety', 0.6, 'v1.2.0', '2025-10-04 02:17:44'),
(106, 'negative', 'stress, frustration', 0.82, 'v1.2.0', '2025-10-11 09:14:13'),
(107, 'neutral', 'sadness, anxiety', 0.82, 'v1.2.0', '2025-09-05 13:45:54'),
(108, 'negative', 'sadness, anxiety', 0.89, 'v1.2.0', '2025-10-08 01:56:28'),
(109, 'positive', 'neutral, calm', 0.69, 'v1.2.0', '2025-10-12 13:32:00'),
(110, 'mixed', 'sadness, anxiety', 0.85, 'v1.2.0', '2025-10-11 19:05:27');

-- INSERT emotional_checkin and checkin_sentiment (new enum columns)
INSERT INTO emotional_checkin (user_id, mood_level, energy_level, stress_level, comment, created_at) VALUES
(8, 'Sad', 'Low', 'Moderate', 'Medyo stressed sa school projects.', '2025-09-16 22:54:31'),
(8, 'Neutral', 'Low', 'No Stress', 'Tired pero nagpupush pa rin.', '2025-10-02 07:27:38'),
(9, 'Happy', 'Low', 'No Stress', 'Gigil sa deadlines, kelangan ng plano.', '2025-10-01 18:02:20'),
(10, 'Sad', 'Very Low', 'High Stress', 'Okay naman, nag-break lang ako kanina.', '2025-10-09 20:35:25'),
(11, 'Very Sad', 'Very High', 'Low Stress', 'Masaya ako ngayon, may good news.', '2025-10-12 12:00:00'),
(11, 'Very Sad', 'Very High', 'Moderate', 'Okay naman, nag-break lang ako kanina.', '2025-10-08 17:28:08'),
(12, 'Very Happy', 'Low', 'Very High Stress', 'Okay naman, nag-break lang ako kanina.', '2025-10-12 12:00:00'),
(13, 'Very Happy', 'Very High', 'Low Stress', 'Medyo stressed sa school projects.', '2025-09-14 09:00:23'),
(14, 'Neutral', 'Very High', 'High Stress', 'Masaya ako ngayon, may good news.', '2025-09-29 09:01:35'),
(14, 'Neutral', 'Very High', 'Moderate', 'Medyo stressed sa school projects.', '2025-10-11 10:33:52'),
(15, 'Neutral', 'Very Low', 'High Stress', 'Gigil sa deadlines, kelangan ng plano.', '2025-10-12 08:27:03'),
(15, 'Very Happy', 'Low', 'Low Stress', 'Medyo stressed sa school projects.', '2025-10-07 04:03:22'),
(16, 'Happy', 'Low', 'High Stress', 'Okay naman, nag-break lang ako kanina.', '2025-10-09 06:14:07'),
(17, 'Very Happy', 'Very High', 'Low Stress', 'Masaya ako ngayon, may good news.', '2025-10-09 14:11:46'),
(17, 'Good', 'Very High', 'Moderate', 'Gigil sa deadlines, kelangan ng plano.', '2025-10-02 08:09:02'),
(18, 'Happy', 'Moderate', 'No Stress', 'Medyo stressed sa school projects.', '2025-10-05 09:30:15'),
(18, 'Good', 'High', 'Very High Stress', 'Masaya ako ngayon, may good news.', '2025-10-05 12:41:57'),
(19, 'Very Happy', 'High', 'Low Stress', 'Medyo stressed sa school projects.', '2025-10-10 03:25:32'),
(19, 'Happy', 'Moderate', 'High Stress', 'Medyo stressed sa school projects.', '2025-09-29 16:30:43'),
(20, 'Excellent', 'Very High', 'Moderate', 'Okay naman, nag-break lang ako kanina.', '2025-09-29 11:47:38'),
(21, 'Sad', 'High', 'Low Stress', 'Medyo stressed sa school projects.', '2025-09-01 17:34:01'),
(22, 'Very Sad', 'Moderate', 'Low Stress', 'Gigil sa deadlines, kelangan ng plano.', '2025-10-08 01:03:41'),
(23, 'Sad', 'Low', 'Low Stress', 'Masaya ako ngayon, may good news.', '2025-10-03 20:25:19'),
(24, 'Good', 'Low', 'High Stress', 'Masaya ako ngayon, may good news.', '2025-10-09 23:51:42'),
(24, 'Excellent', 'Very High', 'Low Stress', 'Masaya ako ngayon, may good news.', '2025-10-08 21:23:37'),
(25, 'Good', 'Moderate', 'Low Stress', 'Medyo stressed sa school projects.', '2025-10-09 02:36:38'),
(26, 'Sad', 'Very High', 'Very High Stress', 'Okay naman, nag-break lang ako kanina.', '2025-09-06 04:10:34'),
(27, 'Excellent', 'High', 'No Stress', 'Gigil sa deadlines, kelangan ng plano.', '2025-09-26 20:05:40'),
(28, 'Happy', 'Low', 'Very High Stress', 'Gigil sa deadlines, kelangan ng plano.', '2025-09-30 15:21:51'),
(29, 'Happy', 'Low', 'Very High Stress', 'Tired pero nagpupush pa rin.', '2025-10-11 23:27:57'),
(30, 'Excellent', 'Moderate', 'No Stress', 'Masaya ako ngayon, may good news.', '2025-10-10 05:17:08'),
(31, 'Excellent', 'High', 'Moderate', 'Okay naman, nag-break lang ako kanina.', '2025-10-05 19:15:38'),
(32, 'Very Happy', 'Low', 'Moderate', 'Gigil sa deadlines, kelangan ng plano.', '2025-09-03 05:47:24'),
(33, 'Excellent', 'Moderate', 'Moderate', 'Medyo stressed sa school projects.', '2025-10-11 14:20:06'),
(34, 'Neutral', 'Moderate', 'Low Stress', 'Okay naman, nag-break lang ako kanina.', '2025-09-28 01:25:13'),
(34, 'Neutral', 'Low', 'High Stress', 'Masaya ako ngayon, may good news.', '2025-09-29 13:29:22'),
(35, 'Happy', 'Low', 'High Stress', 'Tired pero nagpupush pa rin.', '2025-09-11 14:54:26'),
(36, 'Neutral', 'Very High', 'Moderate', 'Medyo stressed sa school projects.', '2025-10-08 14:33:31'),
(37, 'Neutral', 'High', 'Moderate', 'Gigil sa deadlines, kelangan ng plano.', '2025-09-18 03:57:20'),
(37, 'Very Sad', 'High', 'Moderate', 'Okay naman, nag-break lang ako kanina.', '2025-10-12 19:16:30'),
(38, 'Happy', 'Moderate', 'Low Stress', 'Medyo stressed sa school projects.', '2025-10-12 12:00:00'),
(38, 'Good', 'Moderate', 'Low Stress', 'Masaya ako ngayon, may good news.', '2025-09-02 04:57:45'),
(39, 'Very Sad', 'Low', 'Low Stress', 'Medyo stressed sa school projects.', '2025-10-12 20:58:21'),
(39, 'Happy', 'Very High', 'No Stress', 'Medyo stressed sa school projects.', '2025-10-12 21:23:56'),
(40, 'Excellent', 'High', 'Very High Stress', 'Okay naman, nag-break lang ako kanina.', '2025-10-08 16:51:35'),
(41, 'Good', 'High', 'Very High Stress', 'Okay naman, nag-break lang ako kanina.', '2025-09-10 23:29:45'),
(41, 'Happy', 'Low', 'Moderate', 'Tired pero nagpupush pa rin.', '2025-10-08 12:08:03'),
(42, 'Happy', 'Very High', 'Very High Stress', 'Okay naman, nag-break lang ako kanina.', '2025-10-11 23:48:43'),
(42, 'Excellent', 'High', 'Low Stress', 'Gigil sa deadlines, kelangan ng plano.', '2025-09-02 21:20:09'),
(43, 'Good', 'Very High', 'No Stress', 'Masaya ako ngayon, may good news.', '2025-09-03 15:52:48'),
(44, 'Happy', 'Very High', 'Very High Stress', 'Gigil sa deadlines, kelangan ng plano.', '2025-09-08 14:46:29'),
(45, 'Good', 'High', 'High Stress', 'Okay naman, nag-break lang ako kanina.', '2025-10-04 07:14:37'),
(46, 'Happy', 'High', 'Low Stress', 'Tired pero nagpupush pa rin.', '2025-09-25 15:22:44'),
(47, 'Very Happy', 'Very High', 'No Stress', 'Masaya ako ngayon, may good news.', '2025-10-02 08:26:27'),
(48, 'Very Happy', 'Very Low', 'Moderate', 'Gigil sa deadlines, kelangan ng plano.', '2025-09-11 15:10:18'),
(49, 'Very Sad', 'Moderate', 'Very High Stress', 'Tired pero nagpupush pa rin.', '2025-10-08 23:43:07'),
(50, 'Happy', 'Moderate', 'No Stress', 'Gigil sa deadlines, kelangan ng plano.', '2025-10-09 21:07:59'),
(51, 'Very Sad', 'Very High', 'Low Stress', 'Tired pero nagpupush pa rin.', '2025-09-06 10:59:58'),
(52, 'Very Sad', 'Very Low', 'High Stress', 'Medyo stressed sa school projects.', '2025-10-06 18:51:40'),
(53, 'Very Happy', 'Low', 'No Stress', 'Masaya ako ngayon, may good news.', '2025-10-01 11:58:06'),
(54, 'Very Sad', 'Low', 'High Stress', 'Masaya ako ngayon, may good news.', '2025-10-02 12:09:46'),
(55, 'Good', 'Low', 'Very High Stress', 'Tired pero nagpupush pa rin.', '2025-10-08 01:36:56'),
(56, 'Sad', 'Moderate', 'Very High Stress', 'Gigil sa deadlines, kelangan ng plano.', '2025-09-09 13:55:00'),
(57, 'Good', 'High', 'No Stress', 'Gigil sa deadlines, kelangan ng plano.', '2025-09-03 17:38:07'),
(58, 'Good', 'Moderate', 'Very High Stress', 'Medyo stressed sa school projects.', '2025-10-01 13:49:37'),
(59, 'Happy', 'High', 'No Stress', 'Medyo stressed sa school projects.', '2025-10-10 14:16:50'),
(60, 'Excellent', 'Moderate', 'High Stress', 'Okay naman, nag-break lang ako kanina.', '2025-10-11 09:05:27'),
(60, 'Very Happy', 'Low', 'Moderate', 'Tired pero nagpupush pa rin.', '2025-10-01 16:30:58'),
(61, 'Happy', 'High', 'Low Stress', 'Tired pero nagpupush pa rin.', '2025-09-24 22:07:34'),
(61, 'Very Sad', 'High', 'No Stress', 'Tired pero nagpupush pa rin.', '2025-10-10 19:06:17'),
(62, 'Happy', 'Very Low', 'Very High Stress', 'Gigil sa deadlines, kelangan ng plano.', '2025-09-29 10:35:43'),
(62, 'Sad', 'High', 'Moderate', 'Tired pero nagpupush pa rin.', '2025-10-02 22:20:06'),
(63, 'Excellent', 'Low', 'Very High Stress', 'Gigil sa deadlines, kelangan ng plano.', '2025-10-07 17:19:03'),
(64, 'Sad', 'High', 'High Stress', 'Tired pero nagpupush pa rin.', '2025-10-02 16:16:02'),
(64, 'Happy', 'Low', 'Low Stress', 'Okay naman, nag-break lang ako kanina.', '2025-09-25 01:37:12'),
(65, 'Sad', 'Moderate', 'Moderate', 'Gigil sa deadlines, kelangan ng plano.', '2025-10-05 00:40:59'),
(66, 'Good', 'Very Low', 'No Stress', 'Tired pero nagpupush pa rin.', '2025-09-29 16:02:05'),
(67, 'Happy', 'Very Low', 'No Stress', 'Medyo stressed sa school projects.', '2025-10-06 14:06:05'),
(67, 'Very Sad', 'Very Low', 'Very High Stress', 'Gigil sa deadlines, kelangan ng plano.', '2025-10-06 13:37:12'),
(68, 'Happy', 'Moderate', 'Low Stress', 'Gigil sa deadlines, kelangan ng plano.', '2025-10-11 11:49:59'),
(68, 'Excellent', 'Very Low', 'Very High Stress', 'Medyo stressed sa school projects.', '2025-10-08 10:01:32'),
(69, 'Very Happy', 'Very High', 'Low Stress', 'Gigil sa deadlines, kelangan ng plano.', '2025-10-08 20:57:07'),
(69, 'Very Happy', 'High', 'No Stress', 'Masaya ako ngayon, may good news.', '2025-09-30 11:05:02'),
(70, 'Very Sad', 'Very Low', 'No Stress', 'Tired pero nagpupush pa rin.', '2025-10-12 16:46:15'),
(71, 'Very Sad', 'Very Low', 'Very High Stress', 'Gigil sa deadlines, kelangan ng plano.', '2025-09-23 15:01:35'),
(72, 'Sad', 'Very High', 'Very High Stress', 'Masaya ako ngayon, may good news.', '2025-10-07 12:31:48'),
(72, 'Happy', 'Low', 'High Stress', 'Okay naman, nag-break lang ako kanina.', '2025-10-04 17:00:28'),
(73, 'Good', 'Very High', 'Moderate', 'Gigil sa deadlines, kelangan ng plano.', '2025-10-02 21:01:41'),
(74, 'Happy', 'High', 'Low Stress', 'Okay naman, nag-break lang ako kanina.', '2025-09-30 10:08:10'),
(74, 'Happy', 'Low', 'No Stress', 'Medyo stressed sa school projects.', '2025-09-28 03:02:23'),
(75, 'Good', 'High', 'High Stress', 'Tired pero nagpupush pa rin.', '2025-10-06 14:13:09'),
(75, 'Very Happy', 'Low', 'Very High Stress', 'Masaya ako ngayon, may good news.', '2025-09-14 12:17:36'),
(76, 'Very Sad', 'Very Low', 'Moderate', 'Medyo stressed sa school projects.', '2025-09-15 11:00:24'),
(77, 'Very Happy', 'Moderate', 'High Stress', 'Okay naman, nag-break lang ako kanina.', '2025-10-08 00:21:32'),
(77, 'Very Sad', 'Very High', 'Moderate', 'Masaya ako ngayon, may good news.', '2025-10-05 04:15:58'),
(78, 'Very Sad', 'Very Low', 'Moderate', 'Medyo stressed sa school projects.', '2025-10-12 03:36:07'),
(78, 'Sad', 'Very High', 'No Stress', 'Okay naman, nag-break lang ako kanina.', '2025-09-25 09:16:03'),
(79, 'Very Sad', 'Very High', 'High Stress', 'Masaya ako ngayon, may good news.', '2025-09-30 03:51:11'),
(79, 'Excellent', 'High', 'Moderate', 'Gigil sa deadlines, kelangan ng plano.', '2025-10-03 04:25:41'),
(80, 'Happy', 'Low', 'Very High Stress', 'Masaya ako ngayon, may good news.', '2025-09-30 12:38:11'),
(81, 'Excellent', 'Moderate', 'Low Stress', 'Gigil sa deadlines, kelangan ng plano.', '2025-10-03 22:01:59'),
(82, 'Very Happy', 'Very Low', 'Very High Stress', 'Masaya ako ngayon, may good news.', '2025-10-03 03:34:31'),
(83, 'Very Happy', 'Very Low', 'Very High Stress', 'Medyo stressed sa school projects.', '2025-10-08 01:39:00'),
(84, 'Excellent', 'Low', 'Low Stress', 'Gigil sa deadlines, kelangan ng plano.', '2025-09-04 11:49:34'),
(85, 'Happy', 'High', 'High Stress', 'Masaya ako ngayon, may good news.', '2025-09-02 05:33:27'),
(85, 'Sad', 'High', 'No Stress', 'Tired pero nagpupush pa rin.', '2025-10-05 07:38:37'),
(86, 'Neutral', 'Low', 'Low Stress', 'Medyo stressed sa school projects.', '2025-10-04 14:10:07'),
(87, 'Happy', 'Very High', 'High Stress', 'Tired pero nagpupush pa rin.', '2025-09-24 07:02:56'),
(88, 'Very Sad', 'Moderate', 'No Stress', 'Gigil sa deadlines, kelangan ng plano.', '2025-10-03 10:36:43'),
(89, 'Very Sad', 'Low', 'Very High Stress', 'Tired pero nagpupush pa rin.', '2025-10-12 07:40:34'),
(90, 'Very Sad', 'Moderate', 'Very High Stress', 'Gigil sa deadlines, kelangan ng plano.', '2025-10-09 21:42:05'),
(91, 'Very Sad', 'Very High', 'High Stress', 'Tired pero nagpupush pa rin.', '2025-09-12 05:34:16'),
(91, 'Good', 'Low', 'No Stress', 'Okay naman, nag-break lang ako kanina.', '2025-09-30 18:37:54'),
(92, 'Neutral', 'Very Low', 'Moderate', 'Okay naman, nag-break lang ako kanina.', '2025-10-11 22:37:36'),
(93, 'Sad', 'High', 'Moderate', 'Gigil sa deadlines, kelangan ng plano.', '2025-10-10 00:39:56'),
(94, 'Very Sad', 'Low', 'No Stress', 'Gigil sa deadlines, kelangan ng plano.', '2025-10-05 06:44:02'),
(95, 'Excellent', 'High', 'No Stress', 'Gigil sa deadlines, kelangan ng plano.', '2025-10-07 19:23:41'),
(96, 'Very Happy', 'Low', 'High Stress', 'Gigil sa deadlines, kelangan ng plano.', '2025-09-23 06:59:25'),
(97, 'Very Sad', 'Very Low', 'Low Stress', 'Gigil sa deadlines, kelangan ng plano.', '2025-10-08 01:31:17'),
(98, 'Happy', 'High', 'Very High Stress', 'Medyo stressed sa school projects.', '2025-09-05 10:30:57'),
(99, 'Very Happy', 'High', 'Very High Stress', 'Masaya ako ngayon, may good news.', '2025-10-07 12:31:32'),
(100, 'Sad', 'Low', 'High Stress', 'Masaya ako ngayon, may good news.', '2025-10-03 22:42:23'),
(101, 'Excellent', 'Moderate', 'Low Stress', 'Medyo stressed sa school projects.', '2025-10-07 09:31:07'),
(102, 'Happy', 'Very High', 'Very High Stress', 'Masaya ako ngayon, may good news.', '2025-09-29 06:44:26'),
(103, 'Excellent', 'Very High', 'Very High Stress', 'Okay naman, nag-break lang ako kanina.', '2025-09-06 03:58:29'),
(103, 'Very Happy', 'Very Low', 'Low Stress', 'Masaya ako ngayon, may good news.', '2025-09-29 00:46:49'),
(104, 'Sad', 'Very Low', 'Very High Stress', 'Medyo stressed sa school projects.', '2025-09-27 10:23:22'),
(105, 'Neutral', 'Very High', 'No Stress', 'Medyo stressed sa school projects.', '2025-09-23 00:55:34'),
(105, 'Excellent', 'Low', 'Very High Stress', 'Okay naman, nag-break lang ako kanina.', '2025-10-08 15:37:15'),
(106, 'Happy', 'Very High', 'No Stress', 'Okay naman, nag-break lang ako kanina.', '2025-09-26 14:39:38'),
(107, 'Excellent', 'Moderate', 'High Stress', 'Medyo stressed sa school projects.', '2025-09-22 16:04:48'),
(108, 'Very Sad', 'Moderate', 'Low Stress', 'Gigil sa deadlines, kelangan ng plano.', '2025-10-05 23:54:40'),
(108, 'Very Sad', 'Low', 'No Stress', 'Okay naman, nag-break lang ako kanina.', '2025-10-10 04:46:06'),
(109, 'Neutral', 'High', 'Very High Stress', 'Tired pero nagpupush pa rin.', '2025-09-14 02:55:03'),
(110, 'Very Happy', 'Very High', 'Low Stress', 'Medyo stressed sa school projects.', '2025-09-29 16:58:16'),
(110, 'Very Happy', 'Moderate', 'Moderate', 'Okay naman, nag-break lang ako kanina.', '2025-09-27 05:34:59'),
(111, 'Good', 'High', 'Moderate', 'Tired pero nagpupush pa rin.', '2025-10-10 21:37:06'),
(112, 'Very Happy', 'Very High', 'No Stress', 'Okay naman, nag-break lang ako kanina.', '2025-10-08 04:47:23'),
(112, 'Sad', 'Low', 'Very High Stress', 'Gigil sa deadlines, kelangan ng plano.', '2025-10-01 13:16:17'),
(113, 'Happy', 'Very Low', 'Low Stress', 'Medyo stressed sa school projects.', '2025-10-11 21:17:20'),
(114, 'Very Happy', 'Moderate', 'Very High Stress', 'Tired pero nagpupush pa rin.', '2025-10-09 18:02:12'),
(115, 'Very Happy', 'Very Low', 'No Stress', 'Gigil sa deadlines, kelangan ng plano.', '2025-10-11 21:18:31'),
(116, 'Very Sad', 'Very High', 'No Stress', 'Medyo stressed sa school projects.', '2025-09-03 21:02:12'),
(117, 'Very Happy', 'High', 'Very High Stress', 'Tired pero nagpupush pa rin.', '2025-10-01 09:05:04');

INSERT INTO checkin_sentiment (checkin_id, sentiment, emotions, confidence, model_version, analyzed_at) VALUES
(1, 'positive', 'neutral, thoughtful', 0.85, 'v1.2.0', '2025-09-16 23:20:31'),
(2, 'positive', 'sadness, worry', 0.76, 'v1.2.0', '2025-10-02 08:42:38'),
(3, 'positive', 'calm, relief', 0.98, 'v1.2.0', '2025-10-01 19:57:20'),
(4, 'mixed', 'anxiety, stress', 0.87, 'v1.2.0', '2025-10-09 22:23:25'),
(5, 'positive', 'neutral, thoughtful', 0.89, 'v1.2.0', '2025-10-12 13:42:00'),
(6, 'mixed', 'anxiety, stress', 0.93, 'v1.2.0', '2025-10-08 19:20:08'),
(7, 'positive', 'sadness, worry', 0.94, 'v1.2.0', '2025-10-12 13:55:00'),
(8, 'mixed', 'sadness, worry', 0.93, 'v1.2.0', '2025-09-14 09:35:23'),
(9, 'positive', 'neutral, thoughtful', 0.99, 'v1.2.0', '2025-09-29 09:04:35'),
(10, 'positive', 'anxiety, stress', 0.98, 'v1.2.0', '2025-10-11 11:08:52'),
(11, 'neutral', 'calm, relief', 0.74, 'v1.2.0', '2025-10-12 10:21:03'),
(12, 'positive', 'sadness, worry', 0.97, 'v1.2.0', '2025-10-07 05:33:22'),
(13, 'mixed', 'neutral, thoughtful', 0.9, 'v1.2.0', '2025-10-09 08:13:07'),
(14, 'neutral', 'sadness, worry', 0.97, 'v1.2.0', '2025-10-09 14:39:46'),
(15, 'negative', 'anxiety, stress', 0.89, 'v1.2.0', '2025-10-02 09:23:02'),
(16, 'neutral', 'sadness, worry', 0.83, 'v1.2.0', '2025-10-05 10:23:15'),
(17, 'negative', 'anxiety, stress', 0.85, 'v1.2.0', '2025-10-05 14:14:57'),
(18, 'negative', 'calm, relief', 0.65, 'v1.2.0', '2025-10-10 04:32:32'),
(19, 'mixed', 'sadness, worry', 0.82, 'v1.2.0', '2025-09-29 17:16:43'),
(20, 'negative', 'sadness, worry', 0.81, 'v1.2.0', '2025-09-29 11:55:38'),
(21, 'mixed', 'calm, relief', 0.97, 'v1.2.0', '2025-09-01 19:01:01'),
(22, 'positive', 'calm, relief', 0.62, 'v1.2.0', '2025-10-08 02:51:41'),
(23, 'neutral', 'anxiety, stress', 0.71, 'v1.2.0', '2025-10-03 20:32:19'),
(24, 'negative', 'calm, relief', 0.84, 'v1.2.0', '2025-10-10 01:24:42'),
(25, 'mixed', 'sadness, worry', 0.81, 'v1.2.0', '2025-10-08 21:40:37'),
(26, 'mixed', 'calm, relief', 0.72, 'v1.2.0', '2025-10-09 04:29:38'),
(27, 'mixed', 'neutral, thoughtful', 0.62, 'v1.2.0', '2025-09-06 05:57:34'),
(28, 'neutral', 'calm, relief', 0.8, 'v1.2.0', '2025-09-26 21:32:40'),
(29, 'positive', 'neutral, thoughtful', 0.91, 'v1.2.0', '2025-09-30 16:30:51'),
(30, 'negative', 'anxiety, stress', 0.71, 'v1.2.0', '2025-10-12 00:40:57'),
(31, 'neutral', 'neutral, thoughtful', 0.6, 'v1.2.0', '2025-10-10 05:42:08'),
(32, 'negative', 'calm, relief', 0.61, 'v1.2.0', '2025-10-05 20:12:38'),
(33, 'neutral', 'neutral, thoughtful', 0.69, 'v1.2.0', '2025-09-03 07:36:24'),
(34, 'positive', 'calm, relief', 0.98, 'v1.2.0', '2025-10-11 16:01:06'),
(35, 'mixed', 'sadness, worry', 0.64, 'v1.2.0', '2025-09-28 03:14:13'),
(36, 'neutral', 'anxiety, stress', 0.9, 'v1.2.0', '2025-09-29 14:11:22'),
(37, 'positive', 'calm, relief', 0.67, 'v1.2.0', '2025-09-11 16:30:26'),
(38, 'positive', 'anxiety, stress', 0.89, 'v1.2.0', '2025-10-08 14:39:31'),
(39, 'positive', 'neutral, thoughtful', 0.9, 'v1.2.0', '2025-09-18 05:18:20'),
(40, 'negative', 'calm, relief', 0.63, 'v1.2.0', '2025-10-12 20:15:30'),
(41, 'negative', 'calm, relief', 0.73, 'v1.2.0', '2025-10-12 12:45:00'),
(42, 'negative', 'sadness, worry', 0.61, 'v1.2.0', '2025-09-02 05:13:45'),
(43, 'positive', 'neutral, thoughtful', 0.87, 'v1.2.0', '2025-10-12 22:56:21'),
(44, 'positive', 'anxiety, stress', 0.72, 'v1.2.0', '2025-10-12 23:07:56'),
(45, 'neutral', 'neutral, thoughtful', 0.89, 'v1.2.0', '2025-10-08 17:10:35'),
(46, 'mixed', 'sadness, worry', 0.91, 'v1.2.0', '2025-09-11 00:47:45'),
(47, 'mixed', 'sadness, worry', 0.83, 'v1.2.0', '2025-10-08 12:37:03'),
(48, 'neutral', 'calm, relief', 0.8, 'v1.2.0', '2025-10-12 01:15:43'),
(49, 'neutral', 'calm, relief', 0.96, 'v1.2.0', '2025-09-02 21:53:09'),
(50, 'positive', 'calm, relief', 0.63, 'v1.2.0', '2025-09-03 17:40:48'),
(51, 'negative', 'sadness, worry', 0.76, 'v1.2.0', '2025-09-08 14:55:29'),
(52, 'negative', 'sadness, worry', 0.79, 'v1.2.0', '2025-10-04 09:09:37'),
(53, 'neutral', 'anxiety, stress', 0.88, 'v1.2.0', '2025-09-25 16:50:44'),
(54, 'mixed', 'calm, relief', 0.76, 'v1.2.0', '2025-10-02 09:42:27'),
(55, 'mixed', 'anxiety, stress', 0.74, 'v1.2.0', '2025-09-11 15:18:18'),
(56, 'mixed', 'anxiety, stress', 0.67, 'v1.2.0', '2025-10-09 01:09:07'),
(57, 'mixed', 'neutral, thoughtful', 0.82, 'v1.2.0', '2025-10-09 21:21:59'),
(58, 'mixed', 'calm, relief', 0.94, 'v1.2.0', '2025-09-06 11:01:58'),
(59, 'negative', 'neutral, thoughtful', 0.76, 'v1.2.0', '2025-10-06 19:20:40'),
(60, 'neutral', 'sadness, worry', 0.91, 'v1.2.0', '2025-10-01 12:55:06'),
(61, 'neutral', 'anxiety, stress', 0.93, 'v1.2.0', '2025-10-02 13:53:46'),
(62, 'positive', 'sadness, worry', 0.69, 'v1.2.0', '2025-10-08 02:54:56'),
(63, 'negative', 'calm, relief', 0.74, 'v1.2.0', '2025-09-09 14:50:00'),
(64, 'negative', 'anxiety, stress', 0.98, 'v1.2.0', '2025-09-03 17:39:07'),
(65, 'mixed', 'sadness, worry', 0.62, 'v1.2.0', '2025-10-01 14:12:37'),
(66, 'neutral', 'calm, relief', 0.91, 'v1.2.0', '2025-10-10 15:25:50'),
(67, 'mixed', 'neutral, thoughtful', 0.81, 'v1.2.0', '2025-10-11 10:23:27'),
(68, 'mixed', 'calm, relief', 0.66, 'v1.2.0', '2025-10-01 17:24:58'),
(69, 'positive', 'calm, relief', 0.89, 'v1.2.0', '2025-09-24 23:09:34'),
(70, 'neutral', 'sadness, worry', 0.78, 'v1.2.0', '2025-10-10 19:31:17'),
(71, 'mixed', 'calm, relief', 0.81, 'v1.2.0', '2025-09-29 10:52:43'),
(72, 'negative', 'anxiety, stress', 0.79, 'v1.2.0', '2025-10-03 00:12:06'),
(73, 'neutral', 'sadness, worry', 0.81, 'v1.2.0', '2025-10-07 18:30:03'),
(74, 'positive', 'sadness, worry', 0.81, 'v1.2.0', '2025-10-02 16:21:02'),
(75, 'negative', 'neutral, thoughtful', 0.94, 'v1.2.0', '2025-09-25 02:07:12'),
(76, 'negative', 'calm, relief', 0.79, 'v1.2.0', '2025-10-05 01:44:59'),
(77, 'neutral', 'anxiety, stress', 0.94, 'v1.2.0', '2025-09-29 16:56:05'),
(78, 'neutral', 'calm, relief', 0.94, 'v1.2.0', '2025-10-06 14:53:05'),
(79, 'negative', 'neutral, thoughtful', 0.81, 'v1.2.0', '2025-10-06 15:35:12'),
(80, 'neutral', 'calm, relief', 0.91, 'v1.2.0', '2025-10-11 12:31:59'),
(81, 'positive', 'anxiety, stress', 0.72, 'v1.2.0', '2025-10-08 11:33:32'),
(82, 'mixed', 'calm, relief', 0.72, 'v1.2.0', '2025-10-08 21:09:07'),
(83, 'positive', 'neutral, thoughtful', 0.75, 'v1.2.0', '2025-09-30 11:09:02'),
(84, 'negative', 'calm, relief', 0.85, 'v1.2.0', '2025-10-12 18:32:15'),
(85, 'positive', 'calm, relief', 0.94, 'v1.2.0', '2025-09-23 16:23:35'),
(86, 'positive', 'neutral, thoughtful', 0.88, 'v1.2.0', '2025-10-07 12:37:48'),
(87, 'neutral', 'anxiety, stress', 0.64, 'v1.2.0', '2025-10-04 17:50:28'),
(88, 'mixed', 'calm, relief', 0.87, 'v1.2.0', '2025-10-02 21:26:41'),
(89, 'positive', 'neutral, thoughtful', 0.75, 'v1.2.0', '2025-09-30 12:00:10'),
(90, 'mixed', 'calm, relief', 0.85, 'v1.2.0', '2025-09-28 03:56:23'),
(91, 'neutral', 'neutral, thoughtful', 0.85, 'v1.2.0', '2025-10-06 14:21:09'),
(92, 'neutral', 'anxiety, stress', 0.7, 'v1.2.0', '2025-09-14 14:04:36'),
(93, 'mixed', 'anxiety, stress', 0.74, 'v1.2.0', '2025-09-15 12:53:24'),
(94, 'neutral', 'calm, relief', 0.81, 'v1.2.0', '2025-10-08 00:53:32'),
(95, 'positive', 'sadness, worry', 0.61, 'v1.2.0', '2025-10-05 05:19:58'),
(96, 'neutral', 'sadness, worry', 0.89, 'v1.2.0', '2025-10-12 05:20:07'),
(97, 'mixed', 'anxiety, stress', 0.79, 'v1.2.0', '2025-09-25 09:51:03'),
(98, 'mixed', 'neutral, thoughtful', 0.69, 'v1.2.0', '2025-09-30 04:53:11'),
(99, 'negative', 'sadness, worry', 0.98, 'v1.2.0', '2025-10-03 04:49:41'),
(100, 'mixed', 'sadness, worry', 0.85, 'v1.2.0', '2025-09-30 14:31:11'),
(101, 'negative', 'anxiety, stress', 0.96, 'v1.2.0', '2025-10-03 23:49:59'),
(102, 'neutral', 'sadness, worry', 0.85, 'v1.2.0', '2025-10-03 05:15:31'),
(103, 'negative', 'calm, relief', 0.63, 'v1.2.0', '2025-10-08 01:56:00'),
(104, 'neutral', 'sadness, worry', 0.84, 'v1.2.0', '2025-09-04 13:07:34'),
(105, 'neutral', 'calm, relief', 0.68, 'v1.2.0', '2025-09-02 06:39:27'),
(106, 'mixed', 'neutral, thoughtful', 0.71, 'v1.2.0', '2025-10-05 08:45:37'),
(107, 'negative', 'sadness, worry', 0.68, 'v1.2.0', '2025-10-04 14:57:07'),
(108, 'negative', 'calm, relief', 0.64, 'v1.2.0', '2025-09-24 07:59:56'),
(109, 'mixed', 'anxiety, stress', 0.91, 'v1.2.0', '2025-10-03 11:11:43'),
(110, 'mixed', 'calm, relief', 0.69, 'v1.2.0', '2025-10-12 09:19:34'),
(111, 'negative', 'neutral, thoughtful', 0.97, 'v1.2.0', '2025-10-09 21:55:05'),
(112, 'mixed', 'sadness, worry', 0.62, 'v1.2.0', '2025-09-12 07:12:16'),
(113, 'positive', 'sadness, worry', 0.87, 'v1.2.0', '2025-09-30 19:45:54'),
(114, 'negative', 'sadness, worry', 0.92, 'v1.2.0', '2025-10-12 00:27:36'),
(115, 'mixed', 'sadness, worry', 0.8, 'v1.2.0', '2025-10-10 01:22:56'),
(116, 'positive', 'anxiety, stress', 0.63, 'v1.2.0', '2025-10-05 06:46:02'),
(117, 'neutral', 'anxiety, stress', 0.84, 'v1.2.0', '2025-10-07 20:24:41'),
(118, 'mixed', 'calm, relief', 0.94, 'v1.2.0', '2025-09-23 08:18:25'),
(119, 'neutral', 'calm, relief', 0.97, 'v1.2.0', '2025-10-08 02:09:17'),
(120, 'neutral', 'sadness, worry', 0.88, 'v1.2.0', '2025-09-05 11:12:57'),
(121, 'negative', 'calm, relief', 0.78, 'v1.2.0', '2025-10-07 13:05:32'),
(122, 'positive', 'calm, relief', 0.83, 'v1.2.0', '2025-10-04 00:02:23'),
(123, 'positive', 'anxiety, stress', 0.65, 'v1.2.0', '2025-10-07 10:40:07'),
(124, 'positive', 'anxiety, stress', 0.76, 'v1.2.0', '2025-09-29 07:33:26'),
(125, 'positive', 'anxiety, stress', 0.88, 'v1.2.0', '2025-09-06 04:03:29'),
(126, 'negative', 'calm, relief', 0.81, 'v1.2.0', '2025-09-29 02:46:49'),
(127, 'neutral', 'sadness, worry', 0.63, 'v1.2.0', '2025-09-27 11:17:22'),
(128, 'positive', 'sadness, worry', 0.72, 'v1.2.0', '2025-09-23 02:50:34'),
(129, 'positive', 'neutral, thoughtful', 0.77, 'v1.2.0', '2025-10-08 17:07:15'),
(130, 'positive', 'sadness, worry', 0.87, 'v1.2.0', '2025-09-26 16:25:38'),
(131, 'neutral', 'sadness, worry', 0.72, 'v1.2.0', '2025-09-22 17:44:48'),
(132, 'mixed', 'calm, relief', 0.82, 'v1.2.0', '2025-10-06 00:22:40'),
(133, 'positive', 'neutral, thoughtful', 0.92, 'v1.2.0', '2025-10-10 05:51:06'),
(134, 'neutral', 'anxiety, stress', 0.77, 'v1.2.0', '2025-09-14 04:52:03'),
(135, 'negative', 'calm, relief', 0.77, 'v1.2.0', '2025-09-29 18:08:16'),
(136, 'mixed', 'anxiety, stress', 0.98, 'v1.2.0', '2025-09-27 06:13:59'),
(137, 'neutral', 'neutral, thoughtful', 0.78, 'v1.2.0', '2025-10-10 22:31:06'),
(138, 'positive', 'anxiety, stress', 0.66, 'v1.2.0', '2025-10-08 05:00:23'),
(139, 'neutral', 'anxiety, stress', 0.76, 'v1.2.0', '2025-10-01 14:13:17'),
(140, 'mixed', 'calm, relief', 0.77, 'v1.2.0', '2025-10-11 22:04:20'),
(141, 'mixed', 'neutral, thoughtful', 0.74, 'v1.2.0', '2025-10-09 18:29:12'),
(142, 'mixed', 'sadness, worry', 0.93, 'v1.2.0', '2025-10-11 22:01:31'),
(143, 'negative', 'sadness, worry', 0.81, 'v1.2.0', '2025-09-03 21:52:12'),
(144, 'neutral', 'calm, relief', 0.75, 'v1.2.0', '2025-10-01 09:36:04');

-- INSERT conversations and messages (students initiate; counselors reply). At least 5 convs per counselor.
INSERT INTO conversations (conversation_id, initiator_user_id, initiator_role, subject, status, created_at, last_activity_at) VALUES
(1, 25, 'student', 'Relationship problem', 'open', '2025-10-07 22:11:50', '2025-10-08 02:09:50'),
(2, 33, 'student', 'Procrastination', 'open', '2025-10-11 12:00:00', '2025-10-11 17:47:00'),
(3, 112, 'student', 'Request for appointment', 'open', '2025-10-05 10:42:05', '2025-10-05 15:44:05'),
(4, 48, 'student', 'Procrastination', 'open', '2025-10-09 11:01:00', '2025-10-09 15:43:00'),
(5, 87, 'student', 'Relationship problem', 'open', '2025-09-10 21:27:07', '2025-09-11 03:35:07'),
(6, 102, 'student', 'Relationship problem', 'open', '2025-10-01 00:31:15', '2025-10-01 04:37:15'),
(7, 60, 'student', 'Tulong sa anxiety', 'open', '2025-09-15 15:41:18', '2025-09-15 20:48:18'),
(8, 15, 'student', 'Relationship problem', 'open', '2025-10-10 23:05:50', '2025-10-11 06:13:50'),
(9, 18, 'student', 'Request for appointment', 'open', '2025-10-10 07:05:26', '2025-10-10 10:42:26'),
(10, 27, 'student', 'Career advice', 'open', '2025-09-30 02:49:35', '2025-09-30 05:26:35'),
(11, 75, 'student', 'Request for appointment', 'open', '2025-10-03 06:54:22', '2025-10-03 10:52:22'),
(12, 20, 'student', 'Stress sa exams', 'open', '2025-10-09 15:43:32', '2025-10-09 17:44:32'),
(13, 62, 'student', 'Relationship problem', 'open', '2025-10-09 23:17:37', '2025-10-10 07:56:37'),
(14, 103, 'student', 'Relationship problem', 'open', '2025-10-12 05:03:52', '2025-10-12 09:12:52'),
(15, 16, 'student', 'Family issue', 'open', '2025-10-07 22:17:10', '2025-10-08 01:59:10'),
(16, 28, 'student', 'Career advice', 'open', '2025-10-06 10:44:37', '2025-10-06 17:54:37'),
(17, 44, 'student', 'Career advice', 'open', '2025-09-05 21:12:28', '2025-09-06 00:56:28'),
(18, 89, 'student', 'Relationship problem', 'open', '2025-10-11 01:00:24', '2025-10-11 07:29:24'),
(19, 49, 'student', 'Stress sa exams', 'open', '2025-10-12 10:53:05', '2025-10-12 17:08:05'),
(20, 76, 'student', 'Procrastination', 'open', '2025-10-09 21:43:47', '2025-10-09 23:12:47'),
(21, 92, 'student', 'Stress sa exams', 'open', '2025-09-08 16:10:06', '2025-09-08 20:09:06'),
(22, 88, 'student', 'Family issue', 'open', '2025-10-08 02:02:15', '2025-10-08 05:37:15'),
(23, 36, 'student', 'Relationship problem', 'open', '2025-10-09 19:26:48', '2025-10-09 23:56:48'),
(24, 101, 'student', 'Relationship problem', 'open', '2025-09-26 09:22:39', '2025-09-26 15:31:39'),
(25, 13, 'student', 'Tulong sa anxiety', 'open', '2025-10-03 18:44:32', '2025-10-04 02:51:32'),
(26, 90, 'student', 'Procrastination', 'open', '2025-10-11 03:17:54', '2025-10-11 06:34:54'),
(27, 115, 'student', 'Request for appointment', 'open', '2025-09-26 07:42:44', '2025-09-26 14:19:44'),
(28, 106, 'student', 'Relationship problem', 'open', '2025-10-01 18:42:09', '2025-10-01 22:53:09'),
(29, 81, 'student', 'Career advice', 'open', '2025-09-25 19:40:50', '2025-09-26 01:05:50'),
(30, 82, 'student', 'Stress sa exams', 'open', '2025-09-26 20:32:45', '2025-09-27 00:33:45'),
(31, 43, 'student', 'Relationship problem', 'open', '2025-09-09 00:22:47', '2025-09-09 06:33:47'),
(32, 41, 'student', 'Procrastination', 'open', '2025-10-03 13:05:49', '2025-10-03 17:14:49'),
(33, 50, 'student', 'Career advice', 'open', '2025-10-07 00:06:07', '2025-10-07 01:36:07'),
(34, 21, 'student', 'Family issue', 'open', '2025-10-01 12:08:33', '2025-10-01 17:18:33'),
(35, 55, 'student', 'Family issue', 'open', '2025-10-09 16:28:18', '2025-10-09 21:35:18'),
(36, 91, 'student', 'Career advice', 'open', '2025-10-12 04:37:35', '2025-10-12 06:39:35'),
(37, 67, 'student', 'Tulong sa anxiety', 'open', '2025-09-29 14:25:34', '2025-09-29 18:44:34'),
(38, 100, 'student', 'Procrastination', 'open', '2025-09-22 12:26:41', '2025-09-22 14:21:41'),
(39, 69, 'student', 'Family issue', 'open', '2025-09-23 19:37:20', '2025-09-23 23:40:20'),
(40, 34, 'student', 'Family issue', 'open', '2025-10-05 21:09:53', '2025-10-06 03:06:53'),
(41, 42, 'student', 'Request for appointment', 'open', '2025-10-12 04:20:08', '2025-10-12 09:24:08'),
(42, 113, 'student', 'Request for appointment', 'open', '2025-10-04 02:18:25', '2025-10-04 05:57:25'),
(43, 78, 'student', 'Family issue', 'open', '2025-09-22 19:15:29', '2025-09-22 22:50:29'),
(44, 117, 'student', 'Request for appointment', 'open', '2025-10-12 20:11:40', '2025-10-13 01:26:40'),
(45, 116, 'student', 'Procrastination', 'open', '2025-10-11 22:14:37', '2025-10-12 05:40:37'),
(46, 59, 'student', 'Stress sa exams', 'open', '2025-10-11 12:00:00', '2025-10-11 16:31:00'),
(47, 79, 'student', 'Relationship problem', 'open', '2025-09-30 10:05:01', '2025-09-30 14:57:01'),
(48, 53, 'student', 'Relationship problem', 'open', '2025-09-24 01:15:30', '2025-09-24 04:41:30'),
(49, 19, 'student', 'Career advice', 'open', '2025-09-17 12:24:18', '2025-09-17 13:49:18'),
(50, 61, 'student', 'Relationship problem', 'open', '2025-09-21 15:16:52', '2025-09-21 20:39:52'),
(51, 73, 'student', 'Relationship problem', 'open', '2025-09-29 21:52:54', '2025-09-30 03:45:54'),
(52, 39, 'student', 'Procrastination', 'open', '2025-10-04 22:18:34', '2025-10-05 04:12:34'),
(53, 66, 'student', 'Tulong sa anxiety', 'open', '2025-09-20 12:05:20', '2025-09-20 19:05:20'),
(54, 45, 'student', 'Career advice', 'open', '2025-10-01 00:24:09', '2025-10-01 07:05:09'),
(55, 35, 'student', 'Procrastination', 'open', '2025-09-20 13:40:40', '2025-09-20 21:39:40'),
(56, 95, 'student', 'Career advice', 'open', '2025-10-04 23:38:42', '2025-10-05 04:33:42'),
(57, 75, 'student', 'Request for appointment', 'open', '2025-09-16 03:39:00', '2025-09-16 04:47:00'),
(58, 70, 'student', 'Procrastination', 'open', '2025-09-17 05:30:54', '2025-09-17 12:43:54'),
(59, 61, 'student', 'Family issue', 'open', '2025-10-09 09:39:24', '2025-10-09 13:28:24'),
(60, 54, 'student', 'Family issue', 'open', '2025-10-01 00:53:56', '2025-10-01 04:07:56'),
(61, 49, 'student', 'Career advice', 'open', '2025-10-07 06:05:35', '2025-10-07 12:35:35'),
(62, 63, 'student', 'Stress sa exams', 'open', '2025-09-04 04:23:47', '2025-09-04 09:38:47'),
(63, 37, 'student', 'Relationship problem', 'open', '2025-10-01 14:40:01', '2025-10-01 21:25:01'),
(64, 67, 'student', 'Request for appointment', 'open', '2025-09-21 11:53:02', '2025-09-21 13:29:02'),
(65, 54, 'student', 'Family issue', 'open', '2025-10-01 17:59:23', '2025-10-01 21:44:23'),
(66, 81, 'student', 'Procrastination', 'open', '2025-10-09 11:43:00', '2025-10-09 15:50:00'),
(67, 75, 'student', 'Relationship problem', 'open', '2025-10-08 02:49:14', '2025-10-08 08:08:14'),
(68, 79, 'student', 'Relationship problem', 'open', '2025-09-25 16:21:38', '2025-09-25 20:39:38'),
(69, 39, 'student', 'Family issue', 'open', '2025-10-12 12:00:00', '2025-10-12 18:57:00'),
(70, 110, 'student', 'Procrastination', 'open', '2025-10-02 15:10:24', '2025-10-02 17:15:24'),
(71, 50, 'student', 'Request for appointment', 'open', '2025-10-05 15:21:19', '2025-10-05 22:12:19'),
(72, 115, 'student', 'Tulong sa anxiety', 'open', '2025-10-10 18:41:40', '2025-10-10 22:09:40'),
(73, 66, 'student', 'Request for appointment', 'open', '2025-09-08 15:47:19', '2025-09-08 19:55:19'),
(74, 101, 'student', 'Request for appointment', 'open', '2025-10-03 10:08:24', '2025-10-03 11:31:24'),
(75, 102, 'student', 'Procrastination', 'open', '2025-09-04 18:53:54', '2025-09-04 22:52:54'),
(76, 116, 'student', 'Career advice', 'open', '2025-09-01 21:08:57', '2025-09-02 01:07:57'),
(77, 41, 'student', 'Career advice', 'open', '2025-10-02 04:24:20', '2025-10-02 10:27:20'),
(78, 15, 'student', 'Family issue', 'open', '2025-10-09 22:53:18', '2025-10-10 04:15:18'),
(79, 36, 'student', 'Career advice', 'open', '2025-10-02 11:13:55', '2025-10-02 15:06:55'),
(80, 67, 'student', 'Family issue', 'open', '2025-09-29 09:06:01', '2025-09-29 13:06:01'),
(81, 26, 'student', 'Career advice', 'open', '2025-09-17 22:13:19', '2025-09-18 03:39:19'),
(82, 49, 'student', 'Family issue', 'open', '2025-09-28 08:17:40', '2025-09-28 10:05:40'),
(83, 68, 'student', 'Family issue', 'open', '2025-10-11 12:17:38', '2025-10-11 15:28:38'),
(84, 15, 'student', 'Procrastination', 'open', '2025-10-07 01:10:03', '2025-10-07 02:20:03'),
(85, 18, 'student', 'Career advice', 'open', '2025-10-09 14:48:04', '2025-10-09 23:09:04'),
(86, 37, 'student', 'Tulong sa anxiety', 'open', '2025-09-22 20:04:24', '2025-09-22 23:40:24'),
(87, 52, 'student', 'Relationship problem', 'open', '2025-10-11 20:06:58', '2025-10-11 22:38:58'),
(88, 43, 'student', 'Tulong sa anxiety', 'open', '2025-09-05 08:46:30', '2025-09-05 11:10:30'),
(89, 70, 'student', 'Stress sa exams', 'open', '2025-09-08 15:20:13', '2025-09-08 19:29:13'),
(90, 46, 'student', 'Stress sa exams', 'open', '2025-10-08 00:00:28', '2025-10-08 05:46:28'),
(91, 16, 'student', 'Tulong sa anxiety', 'open', '2025-09-18 14:20:15', '2025-09-18 17:31:15'),
(92, 56, 'student', 'Relationship problem', 'open', '2025-09-07 02:00:07', '2025-09-07 07:30:07'),
(93, 67, 'student', 'Request for appointment', 'open', '2025-10-08 14:19:48', '2025-10-08 17:04:48'),
(94, 63, 'student', 'Tulong sa anxiety', 'open', '2025-09-08 19:51:41', '2025-09-09 02:26:41'),
(95, 83, 'student', 'Family issue', 'open', '2025-10-10 21:56:40', '2025-10-11 02:41:40'),
(96, 70, 'student', 'Request for appointment', 'open', '2025-09-27 20:38:26', '2025-09-28 01:49:26'),
(97, 82, 'student', 'Stress sa exams', 'open', '2025-10-05 10:12:50', '2025-10-05 14:41:50'),
(98, 54, 'student', 'Relationship problem', 'open', '2025-10-04 18:46:46', '2025-10-04 22:41:46'),
(99, 28, 'student', 'Request for appointment', 'open', '2025-09-23 01:04:19', '2025-09-23 07:15:19'),
(100, 57, 'student', 'Procrastination', 'open', '2025-09-15 06:17:25', '2025-09-15 12:32:25'),
(101, 58, 'student', 'Request for appointment', 'open', '2025-10-05 18:46:22', '2025-10-05 21:22:22'),
(102, 37, 'student', 'Stress sa exams', 'open', '2025-10-11 22:39:45', '2025-10-12 04:19:45'),
(103, 39, 'student', 'Family issue', 'open', '2025-09-30 00:47:13', '2025-09-30 07:33:13'),
(104, 67, 'student', 'Relationship problem', 'open', '2025-10-11 12:00:00', '2025-10-11 13:53:00'),
(105, 43, 'student', 'Procrastination', 'open', '2025-10-06 16:53:07', '2025-10-06 20:53:07'),
(106, 45, 'student', 'Tulong sa anxiety', 'open', '2025-10-03 22:00:45', '2025-10-04 04:51:45'),
(107, 23, 'student', 'Request for appointment', 'open', '2025-10-09 06:33:17', '2025-10-09 09:44:17'),
(108, 89, 'student', 'Relationship problem', 'open', '2025-10-04 11:32:28', '2025-10-04 16:02:28'),
(109, 25, 'student', 'Career advice', 'open', '2025-10-12 12:00:00', '2025-10-12 17:30:00'),
(110, 82, 'student', 'Relationship problem', 'open', '2025-10-09 08:14:35', '2025-10-09 12:59:35'),
(111, 51, 'student', 'Family issue', 'open', '2025-09-12 08:02:55', '2025-09-12 11:24:55'),
(112, 64, 'student', 'Procrastination', 'open', '2025-10-05 10:43:36', '2025-10-05 16:45:36'),
(113, 93, 'student', 'Family issue', 'open', '2025-09-01 19:19:04', '2025-09-01 19:52:04'),
(114, 109, 'student', 'Family issue', 'open', '2025-09-18 09:28:32', '2025-09-18 16:03:32'),
(115, 115, 'student', 'Family issue', 'open', '2025-10-11 20:28:10', '2025-10-12 01:24:10'),
(116, 66, 'student', 'Stress sa exams', 'open', '2025-10-01 00:05:33', '2025-10-01 06:42:33'),
(117, 24, 'student', 'Stress sa exams', 'open', '2025-10-08 21:01:04', '2025-10-08 22:32:04'),
(118, 17, 'student', 'Stress sa exams', 'open', '2025-09-28 10:55:32', '2025-09-28 16:43:32'),
(119, 26, 'student', 'Stress sa exams', 'open', '2025-10-09 08:05:53', '2025-10-09 11:23:53'),
(120, 59, 'student', 'Relationship problem', 'open', '2025-10-08 05:27:19', '2025-10-08 08:06:19');

INSERT INTO messages (conversation_id, sender_id, content, is_read, timestamp) VALUES
(1, 25, 'Hello, kailangan ko ng advice tungkol sa group project.', 0, '2025-10-07 22:46:50'),
(1, 1, 'Naiintindihan ko ang sitwasyon. Pwede tayong mag-schedule para gumawa ng coping plan.', 0, '2025-10-08 00:33:50'),
(1, 25, 'Pwede online muna? Salamat.', 0, '2025-10-08 02:09:50'),
(2, 33, 'Hello, kailangan ko ng advice tungkol sa group project.', 0, '2025-10-11 13:57:00'),
(2, 1, 'Salamat sa pagbabahagi. Naiintindihan koavailable ako bukas 10:00-12:00.', 0, '2025-10-11 14:54:00'),
(2, 33, 'Pwede online muna? Salamat.', 0, '2025-10-11 17:47:00'),
(3, 112, 'Hi po, puwede magpa-appointment? Na-stress ako sa exams.', 0, '2025-10-05 11:13:05'),
(3, 1, 'Pasensya sa pinagdadaanan mo. Importanteng gumawa tayo ng small steps para mag-improve ang sleep at routine.', 0, '2025-10-05 12:42:05'),
(3, 112, 'Salamat po, available ako next week.', 0, '2025-10-05 15:44:05'),
(4, 48, 'Hi, nagkakaroon po ako ng panic attacks nitong mga nakaraang araw.', 0, '2025-10-09 11:50:00'),
(4, 1, 'Salamat sa pagbabahagi. Naiintindihan koavailable ako bukas 10:00-12:00.', 0, '2025-10-09 14:10:00'),
(4, 48, 'Sige po, magpapadala ako ng schedule.', 0, '2025-10-09 15:43:00'),
(5, 87, 'Hello, kailangan ko ng advice tungkol sa group project.', 0, '2025-09-10 22:48:07'),
(5, 1, 'Pasensya sa pinagdadaanan mo. Importanteng gumawa tayo ng small steps para mag-improve ang sleep at routine.', 0, '2025-09-11 00:16:07'),
(5, 87, 'Sige po, magpapadala ako ng schedule.', 0, '2025-09-11 03:35:07'),
(6, 102, 'Hello, kailangan ko ng advice tungkol sa group project.', 0, '2025-10-01 02:13:15'),
(6, 1, 'Naiintindihan ko ang sitwasyon. Pwede tayong mag-schedule para gumawa ng coping plan.', 0, '2025-10-01 02:27:15'),
(6, 102, 'Salamat po, available ako next week.', 0, '2025-10-01 04:37:15'),
(7, 60, 'Hi, nagkakaroon po ako ng panic attacks nitong mga nakaraang araw.', 0, '2025-09-15 16:50:18'),
(7, 1, 'Salamat sa pagbabahagi. Naiintindihan koavailable ako bukas 10:00-12:00.', 0, '2025-09-15 19:47:18'),
(7, 60, 'Pwede online muna? Salamat.', 0, '2025-09-15 20:48:18'),
(8, 15, 'Hi po, puwede magpa-appointment? Na-stress ako sa exams.', 0, '2025-10-11 00:27:50'),
(8, 1, 'Pasensya sa pinagdadaanan mo. Importanteng gumawa tayo ng small steps para mag-improve ang sleep at routine.', 0, '2025-10-11 03:30:50'),
(8, 15, 'Salamat po, available ako next week.', 0, '2025-10-11 06:13:50'),
(9, 18, 'Hi, nagkakaroon po ako ng panic attacks nitong mga nakaraang araw.', 0, '2025-10-10 07:54:26'),
(9, 2, 'Pasensya sa pinagdadaanan mo. Importanteng gumawa tayo ng small steps para mag-improve ang sleep at routine.', 0, '2025-10-10 10:09:26'),
(9, 18, 'Sige po, magpapadala ako ng schedule.', 0, '2025-10-10 10:42:26'),
(10, 27, 'Hi, nagkakaroon po ako ng panic attacks nitong mga nakaraang araw.', 0, '2025-09-30 04:03:35'),
(10, 2, 'Salamat sa pagbabahagi. Naiintindihan koavailable ako bukas 10:00-12:00.', 0, '2025-09-30 04:59:35'),
(10, 27, 'Salamat po, available ako next week.', 0, '2025-09-30 05:26:35'),
(11, 75, 'Hi, nagkakaroon po ako ng panic attacks nitong mga nakaraang araw.', 0, '2025-10-03 08:08:22'),
(11, 2, 'Pasensya sa pinagdadaanan mo. Importanteng gumawa tayo ng small steps para mag-improve ang sleep at routine.', 0, '2025-10-03 09:59:22'),
(11, 75, 'Pwede online muna? Salamat.', 0, '2025-10-03 10:52:22'),
(12, 20, 'Hello, kailangan ko ng advice tungkol sa group project.', 0, '2025-10-09 16:19:32'),
(12, 2, 'Pasensya sa pinagdadaanan mo. Importanteng gumawa tayo ng small steps para mag-improve ang sleep at routine.', 0, '2025-10-09 17:03:32'),
(12, 20, 'Pwede online muna? Salamat.', 0, '2025-10-09 17:44:32'),
(13, 62, 'Hi po, puwede magpa-appointment? Na-stress ako sa exams.', 0, '2025-10-10 01:02:37'),
(13, 2, 'Pasensya sa pinagdadaanan mo. Importanteng gumawa tayo ng small steps para mag-improve ang sleep at routine.', 0, '2025-10-10 04:39:37'),
(13, 62, 'Salamat po, available ako next week.', 0, '2025-10-10 07:56:37'),
(14, 103, 'Hi po, puwede magpa-appointment? Na-stress ako sa exams.', 0, '2025-10-12 05:27:52'),
(14, 2, 'Salamat sa pagbabahagi. Naiintindihan koavailable ako bukas 10:00-12:00.', 0, '2025-10-12 08:05:52'),
(14, 103, 'Pwede online muna? Salamat.', 0, '2025-10-12 09:12:52'),
(15, 16, 'Hi po, puwede magpa-appointment? Na-stress ako sa exams.', 0, '2025-10-07 22:20:10'),
(15, 2, 'Naiintindihan ko ang sitwasyon. Pwede tayong mag-schedule para gumawa ng coping plan.', 0, '2025-10-08 01:59:10'),
(16, 28, 'Hello, kailangan ko ng advice tungkol sa group project.', 0, '2025-10-06 11:27:37'),
(16, 2, 'Pasensya sa pinagdadaanan mo. Importanteng gumawa tayo ng small steps para mag-improve ang sleep at routine.', 0, '2025-10-06 15:01:37'),
(16, 28, 'Pwede online muna? Salamat.', 0, '2025-10-06 17:54:37'),
(17, 44, 'Hi, nagkakaroon po ako ng panic attacks nitong mga nakaraang araw.', 0, '2025-09-05 23:10:28'),
(17, 3, 'Pasensya sa pinagdadaanan mo. Importanteng gumawa tayo ng small steps para mag-improve ang sleep at routine.', 0, '2025-09-06 00:11:28'),
(17, 44, 'Pwede online muna? Salamat.', 0, '2025-09-06 00:56:28'),
(18, 89, 'Hi po, puwede magpa-appointment? Na-stress ako sa exams.', 0, '2025-10-11 01:17:24'),
(18, 3, 'Naiintindihan ko ang sitwasyon. Pwede tayong mag-schedule para gumawa ng coping plan.', 0, '2025-10-11 04:16:24'),
(18, 89, 'Sige po, magpapadala ako ng schedule.', 0, '2025-10-11 07:29:24'),
(19, 49, 'Hello, kailangan ko ng advice tungkol sa group project.', 0, '2025-10-12 12:47:05'),
(19, 3, 'Naiintindihan ko ang sitwasyon. Pwede tayong mag-schedule para gumawa ng coping plan.', 0, '2025-10-12 14:16:05'),
(19, 49, 'Salamat po, available ako next week.', 0, '2025-10-12 17:08:05'),
(20, 76, 'Hello, kailangan ko ng advice tungkol sa group project.', 0, '2025-10-09 21:58:47'),
(20, 3, 'Naiintindihan ko ang sitwasyon. Pwede tayong mag-schedule para gumawa ng coping plan.', 0, '2025-10-09 23:06:47'),
(20, 76, 'Sige po, magpapadala ako ng schedule.', 0, '2025-10-09 23:12:47'),
(21, 92, 'Hello, kailangan ko ng advice tungkol sa group project.', 0, '2025-09-08 17:23:06'),
(21, 3, 'Naiintindihan ko ang sitwasyon. Pwede tayong mag-schedule para gumawa ng coping plan.', 0, '2025-09-08 18:49:06'),
(21, 92, 'Pwede online muna? Salamat.', 0, '2025-09-08 20:09:06'),
(22, 88, 'Hi po, puwede magpa-appointment? Na-stress ako sa exams.', 0, '2025-10-08 03:23:15'),
(22, 3, 'Naiintindihan ko ang sitwasyon. Pwede tayong mag-schedule para gumawa ng coping plan.', 0, '2025-10-08 03:37:15'),
(22, 88, 'Sige po, magpapadala ako ng schedule.', 0, '2025-10-08 05:37:15'),
(23, 36, 'Hi po, puwede magpa-appointment? Na-stress ako sa exams.', 0, '2025-10-09 20:08:48'),
(23, 3, 'Pasensya sa pinagdadaanan mo. Importanteng gumawa tayo ng small steps para mag-improve ang sleep at routine.', 0, '2025-10-09 23:56:48'),
(24, 101, 'Hello, kailangan ko ng advice tungkol sa group project.', 0, '2025-09-26 10:09:39'),
(24, 3, 'Pasensya sa pinagdadaanan mo. Importanteng gumawa tayo ng small steps para mag-improve ang sleep at routine.', 0, '2025-09-26 12:57:39'),
(24, 101, 'Sige po, magpapadala ako ng schedule.', 0, '2025-09-26 15:31:39'),
(25, 13, 'Hello, kailangan ko ng advice tungkol sa group project.', 0, '2025-10-03 20:33:32'),
(25, 4, 'Salamat sa pagbabahagi. Naiintindihan koavailable ako bukas 10:00-12:00.', 0, '2025-10-04 00:17:32'),
(25, 13, 'Salamat po, available ako next week.', 0, '2025-10-04 02:51:32'),
(26, 90, 'Hello, kailangan ko ng advice tungkol sa group project.', 0, '2025-10-11 03:48:54'),
(26, 4, 'Salamat sa pagbabahagi. Naiintindihan koavailable ako bukas 10:00-12:00.', 0, '2025-10-11 05:49:54'),
(26, 90, 'Salamat po, available ako next week.', 0, '2025-10-11 06:34:54'),
(27, 115, 'Hello, kailangan ko ng advice tungkol sa group project.', 0, '2025-09-26 09:16:44'),
(27, 4, 'Naiintindihan ko ang sitwasyon. Pwede tayong mag-schedule para gumawa ng coping plan.', 0, '2025-09-26 12:37:44'),
(27, 115, 'Salamat po, available ako next week.', 0, '2025-09-26 14:19:44'),
(28, 106, 'Hi po, puwede magpa-appointment? Na-stress ako sa exams.', 0, '2025-10-01 18:47:09'),
(28, 4, 'Salamat sa pagbabahagi. Naiintindihan koavailable ako bukas 10:00-12:00.', 0, '2025-10-01 19:35:09'),
(28, 106, 'Sige po, magpapadala ako ng schedule.', 0, '2025-10-01 22:53:09'),
(29, 81, 'Hi, nagkakaroon po ako ng panic attacks nitong mga nakaraang araw.', 0, '2025-09-25 20:38:50'),
(29, 4, 'Pasensya sa pinagdadaanan mo. Importanteng gumawa tayo ng small steps para mag-improve ang sleep at routine.', 0, '2025-09-26 00:27:50'),
(29, 81, 'Sige po, magpapadala ako ng schedule.', 0, '2025-09-26 01:05:50'),
(30, 82, 'Hi, nagkakaroon po ako ng panic attacks nitong mga nakaraang araw.', 0, '2025-09-26 21:05:45'),
(30, 4, 'Pasensya sa pinagdadaanan mo. Importanteng gumawa tayo ng small steps para mag-improve ang sleep at routine.', 0, '2025-09-26 22:45:45'),
(30, 82, 'Sige po, magpapadala ako ng schedule.', 0, '2025-09-27 00:33:45'),
(31, 43, 'Hi, nagkakaroon po ako ng panic attacks nitong mga nakaraang araw.', 0, '2025-09-09 01:52:47'),
(31, 4, 'Salamat sa pagbabahagi. Naiintindihan koavailable ako bukas 10:00-12:00.', 0, '2025-09-09 04:49:47'),
(31, 43, 'Salamat po, available ako next week.', 0, '2025-09-09 06:33:47'),
(32, 41, 'Hi po, puwede magpa-appointment? Na-stress ako sa exams.', 0, '2025-10-03 14:17:49'),
(32, 4, 'Pasensya sa pinagdadaanan mo. Importanteng gumawa tayo ng small steps para mag-improve ang sleep at routine.', 0, '2025-10-03 16:03:49'),
(32, 41, 'Salamat po, available ako next week.', 0, '2025-10-03 17:14:49'),
(33, 50, 'Hi, nagkakaroon po ako ng panic attacks nitong mga nakaraang araw.', 0, '2025-10-07 00:41:07'),
(33, 5, 'Salamat sa pagbabahagi. Naiintindihan koavailable ako bukas 10:00-12:00.', 0, '2025-10-07 01:36:07'),
(34, 21, 'Hello, kailangan ko ng advice tungkol sa group project.', 0, '2025-10-01 13:04:33'),
(34, 5, 'Pasensya sa pinagdadaanan mo. Importanteng gumawa tayo ng small steps para mag-improve ang sleep at routine.', 0, '2025-10-01 14:15:33'),
(34, 21, 'Sige po, magpapadala ako ng schedule.', 0, '2025-10-01 17:18:33'),
(35, 55, 'Hi, nagkakaroon po ako ng panic attacks nitong mga nakaraang araw.', 0, '2025-10-09 16:58:18'),
(35, 5, 'Naiintindihan ko ang sitwasyon. Pwede tayong mag-schedule para gumawa ng coping plan.', 0, '2025-10-09 20:17:18'),
(35, 55, 'Sige po, magpapadala ako ng schedule.', 0, '2025-10-09 21:35:18'),
(36, 91, 'Hi, nagkakaroon po ako ng panic attacks nitong mga nakaraang araw.', 0, '2025-10-12 05:34:35'),
(36, 5, 'Naiintindihan ko ang sitwasyon. Pwede tayong mag-schedule para gumawa ng coping plan.', 0, '2025-10-12 05:51:35'),
(36, 91, 'Sige po, magpapadala ako ng schedule.', 0, '2025-10-12 06:39:35'),
(37, 67, 'Hello, kailangan ko ng advice tungkol sa group project.', 0, '2025-09-29 14:56:34'),
(37, 5, 'Salamat sa pagbabahagi. Naiintindihan koavailable ako bukas 10:00-12:00.', 0, '2025-09-29 15:54:34'),
(37, 67, 'Pwede online muna? Salamat.', 0, '2025-09-29 18:44:34'),
(38, 100, 'Hi, nagkakaroon po ako ng panic attacks nitong mga nakaraang araw.', 0, '2025-09-22 13:42:41'),
(38, 5, 'Salamat sa pagbabahagi. Naiintindihan koavailable ako bukas 10:00-12:00.', 0, '2025-09-22 14:21:41'),
(39, 69, 'Hi po, puwede magpa-appointment? Na-stress ako sa exams.', 0, '2025-09-23 21:33:20'),
(39, 5, 'Pasensya sa pinagdadaanan mo. Importanteng gumawa tayo ng small steps para mag-improve ang sleep at routine.', 0, '2025-09-23 22:13:20'),
(39, 69, 'Pwede online muna? Salamat.', 0, '2025-09-23 23:40:20'),
(40, 34, 'Hello, kailangan ko ng advice tungkol sa group project.', 0, '2025-10-05 22:42:53'),
(40, 5, 'Pasensya sa pinagdadaanan mo. Importanteng gumawa tayo ng small steps para mag-improve ang sleep at routine.', 0, '2025-10-05 23:58:53'),
(40, 34, 'Sige po, magpapadala ako ng schedule.', 0, '2025-10-06 03:06:53'),
(41, 42, 'Hello, kailangan ko ng advice tungkol sa group project.', 0, '2025-10-12 05:57:08'),
(41, 6, 'Naiintindihan ko ang sitwasyon. Pwede tayong mag-schedule para gumawa ng coping plan.', 0, '2025-10-12 08:19:08'),
(41, 42, 'Sige po, magpapadala ako ng schedule.', 0, '2025-10-12 09:24:08'),
(42, 113, 'Hi po, puwede magpa-appointment? Na-stress ako sa exams.', 0, '2025-10-04 02:54:25'),
(42, 6, 'Salamat sa pagbabahagi. Naiintindihan koavailable ako bukas 10:00-12:00.', 0, '2025-10-04 05:57:25'),
(43, 78, 'Hi po, puwede magpa-appointment? Na-stress ako sa exams.', 0, '2025-09-22 19:22:29'),
(43, 6, 'Pasensya sa pinagdadaanan mo. Importanteng gumawa tayo ng small steps para mag-improve ang sleep at routine.', 0, '2025-09-22 22:13:29'),
(43, 78, 'Sige po, magpapadala ako ng schedule.', 0, '2025-09-22 22:50:29'),
(44, 117, 'Hi, nagkakaroon po ako ng panic attacks nitong mga nakaraang araw.', 0, '2025-10-12 20:54:40'),
(44, 6, 'Salamat sa pagbabahagi. Naiintindihan koavailable ako bukas 10:00-12:00.', 0, '2025-10-12 22:49:40'),
(44, 117, 'Salamat po, available ako next week.', 0, '2025-10-13 01:26:40'),
(45, 116, 'Hello, kailangan ko ng advice tungkol sa group project.', 0, '2025-10-12 00:13:37'),
(45, 6, 'Naiintindihan ko ang sitwasyon. Pwede tayong mag-schedule para gumawa ng coping plan.', 0, '2025-10-12 03:51:37'),
(45, 116, 'Salamat po, available ako next week.', 0, '2025-10-12 05:40:37'),
(46, 59, 'Hi, nagkakaroon po ako ng panic attacks nitong mga nakaraang araw.', 0, '2025-10-11 12:32:00'),
(46, 6, 'Salamat sa pagbabahagi. Naiintindihan koavailable ako bukas 10:00-12:00.', 0, '2025-10-11 16:31:00'),
(47, 79, 'Hello, kailangan ko ng advice tungkol sa group project.', 0, '2025-09-30 11:01:01'),
(47, 6, 'Pasensya sa pinagdadaanan mo. Importanteng gumawa tayo ng small steps para mag-improve ang sleep at routine.', 0, '2025-09-30 14:46:01'),
(47, 79, 'Salamat po, available ako next week.', 0, '2025-09-30 14:57:01'),
(48, 53, 'Hello, kailangan ko ng advice tungkol sa group project.', 0, '2025-09-24 02:19:30'),
(48, 6, 'Pasensya sa pinagdadaanan mo. Importanteng gumawa tayo ng small steps para mag-improve ang sleep at routine.', 0, '2025-09-24 03:07:30'),
(48, 53, 'Salamat po, available ako next week.', 0, '2025-09-24 04:41:30'),
(49, 19, 'Hello, kailangan ko ng advice tungkol sa group project.', 0, '2025-09-17 12:40:18'),
(49, 7, 'Salamat sa pagbabahagi. Naiintindihan koavailable ako bukas 10:00-12:00.', 0, '2025-09-17 13:49:18'),
(50, 61, 'Hi po, puwede magpa-appointment? Na-stress ako sa exams.', 0, '2025-09-21 15:32:52'),
(50, 7, 'Salamat sa pagbabahagi. Naiintindihan koavailable ako bukas 10:00-12:00.', 0, '2025-09-21 18:29:52'),
(50, 61, 'Salamat po, available ako next week.', 0, '2025-09-21 20:39:52'),
(51, 73, 'Hello, kailangan ko ng advice tungkol sa group project.', 0, '2025-09-29 23:44:54'),
(51, 7, 'Pasensya sa pinagdadaanan mo. Importanteng gumawa tayo ng small steps para mag-improve ang sleep at routine.', 0, '2025-09-30 02:12:54'),
(51, 73, 'Pwede online muna? Salamat.', 0, '2025-09-30 03:45:54'),
(52, 39, 'Hello, kailangan ko ng advice tungkol sa group project.', 0, '2025-10-04 23:23:34'),
(52, 7, 'Pasensya sa pinagdadaanan mo. Importanteng gumawa tayo ng small steps para mag-improve ang sleep at routine.', 0, '2025-10-05 02:12:34'),
(52, 39, 'Salamat po, available ako next week.', 0, '2025-10-05 04:12:34'),
(53, 66, 'Hi, nagkakaroon po ako ng panic attacks nitong mga nakaraang araw.', 0, '2025-09-20 13:30:20'),
(53, 7, 'Pasensya sa pinagdadaanan mo. Importanteng gumawa tayo ng small steps para mag-improve ang sleep at routine.', 0, '2025-09-20 16:11:20'),
(53, 66, 'Pwede online muna? Salamat.', 0, '2025-09-20 19:05:20'),
(54, 45, 'Hello, kailangan ko ng advice tungkol sa group project.', 0, '2025-10-01 00:52:09'),
(54, 7, 'Naiintindihan ko ang sitwasyon. Pwede tayong mag-schedule para gumawa ng coping plan.', 0, '2025-10-01 04:17:09'),
(54, 45, 'Pwede online muna? Salamat.', 0, '2025-10-01 07:05:09'),
(55, 35, 'Hi, nagkakaroon po ako ng panic attacks nitong mga nakaraang araw.', 0, '2025-09-20 15:10:40'),
(55, 7, 'Naiintindihan ko ang sitwasyon. Pwede tayong mag-schedule para gumawa ng coping plan.', 0, '2025-09-20 18:39:40'),
(55, 35, 'Sige po, magpapadala ako ng schedule.', 0, '2025-09-20 21:39:40'),
(56, 95, 'Hello, kailangan ko ng advice tungkol sa group project.', 0, '2025-10-05 01:12:42'),
(56, 7, 'Pasensya sa pinagdadaanan mo. Importanteng gumawa tayo ng small steps para mag-improve ang sleep at routine.', 0, '2025-10-05 02:49:42'),
(56, 95, 'Pwede online muna? Salamat.', 0, '2025-10-05 04:33:42'),
(57, 75, 'Hello, need ko ng advice.', 0, '2025-09-16 03:45:00'),
(57, 6, 'Salamat sa pagbabahagi. Available ako bukas.', 0, '2025-09-16 04:47:00'),
(58, 70, 'Hello, need ko ng advice.', 0, '2025-09-17 05:55:54'),
(58, 7, 'Salamat sa pagbabahagi. Available ako bukas.', 0, '2025-09-17 09:23:54'),
(58, 70, 'Sige po, salamat.', 0, '2025-09-17 12:43:54'),
(59, 61, 'Hi po, puwede magpa-appointment?', 0, '2025-10-09 10:19:24'),
(59, 5, 'Salamat sa pagbabahagi. Available ako bukas.', 0, '2025-10-09 11:26:24'),
(59, 61, 'Available ako next week.', 0, '2025-10-09 13:28:24'),
(60, 54, 'Hi po, puwede magpa-appointment?', 0, '2025-10-01 01:05:56'),
(60, 4, 'Salamat sa pagbabahagi. Available ako bukas.', 0, '2025-10-01 01:56:56'),
(60, 54, 'Sige po, salamat.', 0, '2025-10-01 04:07:56'),
(61, 49, 'Hi po, puwede magpa-appointment?', 0, '2025-10-07 07:24:35'),
(61, 4, 'Salamat sa pagbabahagi. Available ako bukas.', 0, '2025-10-07 10:24:35'),
(61, 49, 'Available ako next week.', 0, '2025-10-07 12:35:35'),
(62, 63, 'Hi po, puwede magpa-appointment?', 0, '2025-09-04 05:52:47'),
(62, 5, 'Maaari kitang tulungan, mag-schedule tayo.', 0, '2025-09-04 07:02:47'),
(62, 63, 'Sige po, salamat.', 0, '2025-09-04 09:38:47'),
(63, 37, 'Hi po, puwede magpa-appointment?', 0, '2025-10-01 15:47:01'),
(63, 4, 'Salamat sa pagbabahagi. Available ako bukas.', 0, '2025-10-01 18:07:01'),
(63, 37, 'Sige po, salamat.', 0, '2025-10-01 21:25:01'),
(64, 67, 'Hello, need ko ng advice.', 0, '2025-09-21 12:48:02'),
(64, 4, 'Salamat sa pagbabahagi. Available ako bukas.', 0, '2025-09-21 13:29:02'),
(65, 54, 'Hello, need ko ng advice.', 0, '2025-10-01 19:30:23'),
(65, 7, 'Maaari kitang tulungan, mag-schedule tayo.', 0, '2025-10-01 21:44:23'),
(66, 81, 'Hi po, puwede magpa-appointment?', 0, '2025-10-09 12:50:00'),
(66, 3, 'Maaari kitang tulungan, mag-schedule tayo.', 0, '2025-10-09 15:50:00'),
(67, 75, 'Hi po, puwede magpa-appointment?', 0, '2025-10-08 03:48:14'),
(67, 4, 'Maaari kitang tulungan, mag-schedule tayo.', 0, '2025-10-08 06:48:14'),
(67, 75, 'Sige po, salamat.', 0, '2025-10-08 08:08:14'),
(68, 79, 'Hello, need ko ng advice.', 0, '2025-09-25 17:28:38'),
(68, 6, 'Maaari kitang tulungan, mag-schedule tayo.', 0, '2025-09-25 20:39:38'),
(69, 39, 'Hello, need ko ng advice.', 0, '2025-10-12 13:37:00'),
(69, 1, 'Salamat sa pagbabahagi. Available ako bukas.', 0, '2025-10-12 16:16:00'),
(69, 39, 'Sige po, salamat.', 0, '2025-10-12 18:57:00'),
(70, 110, 'Hi po, puwede magpa-appointment?', 0, '2025-10-02 15:37:24'),
(70, 4, 'Salamat sa pagbabahagi. Available ako bukas.', 0, '2025-10-02 17:15:24'),
(71, 50, 'Hello, need ko ng advice.', 0, '2025-10-05 17:03:19'),
(71, 4, 'Salamat sa pagbabahagi. Available ako bukas.', 0, '2025-10-05 20:33:19'),
(71, 50, 'Available ako next week.', 0, '2025-10-05 22:12:19'),
(72, 115, 'Hi po, puwede magpa-appointment?', 0, '2025-10-10 19:10:40'),
(72, 3, 'Maaari kitang tulungan, mag-schedule tayo.', 0, '2025-10-10 22:09:40'),
(73, 66, 'Hello, need ko ng advice.', 0, '2025-09-08 17:11:19'),
(73, 2, 'Maaari kitang tulungan, mag-schedule tayo.', 0, '2025-09-08 18:18:19'),
(73, 66, 'Sige po, salamat.', 0, '2025-09-08 19:55:19'),
(74, 101, 'Hello, need ko ng advice.', 0, '2025-10-03 10:17:24'),
(74, 7, 'Salamat sa pagbabahagi. Available ako bukas.', 0, '2025-10-03 11:31:24'),
(75, 102, 'Hi po, puwede magpa-appointment?', 0, '2025-09-04 19:52:54'),
(75, 2, 'Salamat sa pagbabahagi. Available ako bukas.', 0, '2025-09-04 20:59:54'),
(75, 102, 'Sige po, salamat.', 0, '2025-09-04 22:52:54'),
(76, 116, 'Hello, need ko ng advice.', 0, '2025-09-01 21:57:57'),
(76, 7, 'Salamat sa pagbabahagi. Available ako bukas.', 0, '2025-09-02 01:07:57'),
(77, 41, 'Hello, need ko ng advice.', 0, '2025-10-02 06:05:20'),
(77, 3, 'Maaari kitang tulungan, mag-schedule tayo.', 0, '2025-10-02 08:31:20'),
(77, 41, 'Available ako next week.', 0, '2025-10-02 10:27:20'),
(78, 15, 'Hello, need ko ng advice.', 0, '2025-10-10 00:31:18'),
(78, 6, 'Maaari kitang tulungan, mag-schedule tayo.', 0, '2025-10-10 04:15:18'),
(79, 36, 'Hello, need ko ng advice.', 0, '2025-10-02 11:34:55'),
(79, 2, 'Maaari kitang tulungan, mag-schedule tayo.', 0, '2025-10-02 15:06:55'),
(80, 67, 'Hi po, puwede magpa-appointment?', 0, '2025-09-29 09:59:01'),
(80, 1, 'Salamat sa pagbabahagi. Available ako bukas.', 0, '2025-09-29 13:06:01'),
(81, 26, 'Hello, need ko ng advice.', 0, '2025-09-17 22:50:19'),
(81, 2, 'Maaari kitang tulungan, mag-schedule tayo.', 0, '2025-09-18 00:37:19'),
(81, 26, 'Sige po, salamat.', 0, '2025-09-18 03:39:19'),
(82, 49, 'Hello, need ko ng advice.', 0, '2025-09-28 08:34:40'),
(82, 6, 'Salamat sa pagbabahagi. Available ako bukas.', 0, '2025-09-28 09:17:40'),
(82, 49, 'Available ako next week.', 0, '2025-09-28 10:05:40'),
(83, 68, 'Hi po, puwede magpa-appointment?', 0, '2025-10-11 12:22:38'),
(83, 1, 'Salamat sa pagbabahagi. Available ako bukas.', 0, '2025-10-11 15:28:38'),
(84, 15, 'Hi po, puwede magpa-appointment?', 0, '2025-10-07 01:14:03'),
(84, 7, 'Salamat sa pagbabahagi. Available ako bukas.', 0, '2025-10-07 02:20:03'),
(85, 18, 'Hello, need ko ng advice.', 0, '2025-10-09 15:49:04'),
(85, 3, 'Maaari kitang tulungan, mag-schedule tayo.', 0, '2025-10-09 19:49:04'),
(85, 18, 'Available ako next week.', 0, '2025-10-09 23:09:04'),
(86, 37, 'Hi po, puwede magpa-appointment?', 0, '2025-09-22 21:09:24'),
(86, 4, 'Maaari kitang tulungan, mag-schedule tayo.', 0, '2025-09-22 23:40:24'),
(87, 52, 'Hi po, puwede magpa-appointment?', 0, '2025-10-11 20:43:58'),
(87, 2, 'Maaari kitang tulungan, mag-schedule tayo.', 0, '2025-10-11 22:38:58'),
(88, 43, 'Hello, need ko ng advice.', 0, '2025-09-05 09:09:30'),
(88, 6, 'Maaari kitang tulungan, mag-schedule tayo.', 0, '2025-09-05 11:10:30'),
(89, 70, 'Hi po, puwede magpa-appointment?', 0, '2025-09-08 15:28:13'),
(89, 5, 'Salamat sa pagbabahagi. Available ako bukas.', 0, '2025-09-08 19:14:13'),
(89, 70, 'Sige po, salamat.', 0, '2025-09-08 19:29:13'),
(90, 46, 'Hi po, puwede magpa-appointment?', 0, '2025-10-08 00:33:28'),
(90, 7, 'Maaari kitang tulungan, mag-schedule tayo.', 0, '2025-10-08 03:06:28'),
(90, 46, 'Available ako next week.', 0, '2025-10-08 05:46:28'),
(91, 16, 'Hi po, puwede magpa-appointment?', 0, '2025-09-18 14:40:15'),
(91, 3, 'Salamat sa pagbabahagi. Available ako bukas.', 0, '2025-09-18 17:31:15'),
(92, 56, 'Hi po, puwede magpa-appointment?', 0, '2025-09-07 02:08:07'),
(92, 3, 'Salamat sa pagbabahagi. Available ako bukas.', 0, '2025-09-07 05:43:07'),
(92, 56, 'Sige po, salamat.', 0, '2025-09-07 07:30:07'),
(93, 67, 'Hello, need ko ng advice.', 0, '2025-10-08 14:25:48'),
(93, 4, 'Salamat sa pagbabahagi. Available ako bukas.', 0, '2025-10-08 15:46:48'),
(93, 67, 'Sige po, salamat.', 0, '2025-10-08 17:04:48'),
(94, 63, 'Hi po, puwede magpa-appointment?', 0, '2025-09-08 21:41:41'),
(94, 4, 'Maaari kitang tulungan, mag-schedule tayo.', 0, '2025-09-08 23:47:41'),
(94, 63, 'Sige po, salamat.', 0, '2025-09-09 02:26:41'),
(95, 83, 'Hi po, puwede magpa-appointment?', 0, '2025-10-10 23:23:40'),
(95, 6, 'Salamat sa pagbabahagi. Available ako bukas.', 0, '2025-10-10 23:53:40'),
(95, 83, 'Available ako next week.', 0, '2025-10-11 02:41:40'),
(96, 70, 'Hello, need ko ng advice.', 0, '2025-09-27 21:46:26'),
(96, 3, 'Maaari kitang tulungan, mag-schedule tayo.', 0, '2025-09-28 01:20:26'),
(96, 70, 'Available ako next week.', 0, '2025-09-28 01:49:26'),
(97, 82, 'Hi po, puwede magpa-appointment?', 0, '2025-10-05 10:22:50'),
(97, 3, 'Maaari kitang tulungan, mag-schedule tayo.', 0, '2025-10-05 12:27:50'),
(97, 82, 'Sige po, salamat.', 0, '2025-10-05 14:41:50'),
(98, 54, 'Hello, need ko ng advice.', 0, '2025-10-04 19:48:46'),
(98, 2, 'Maaari kitang tulungan, mag-schedule tayo.', 0, '2025-10-04 21:49:46'),
(98, 54, 'Available ako next week.', 0, '2025-10-04 22:41:46'),
(99, 28, 'Hi po, puwede magpa-appointment?', 0, '2025-09-23 02:41:19'),
(99, 5, 'Maaari kitang tulungan, mag-schedule tayo.', 0, '2025-09-23 06:10:19'),
(99, 28, 'Available ako next week.', 0, '2025-09-23 07:15:19'),
(100, 57, 'Hi po, puwede magpa-appointment?', 0, '2025-09-15 06:56:25'),
(100, 7, 'Salamat sa pagbabahagi. Available ako bukas.', 0, '2025-09-15 09:43:25'),
(100, 57, 'Available ako next week.', 0, '2025-09-15 12:32:25'),
(101, 58, 'Hello, need ko ng advice.', 0, '2025-10-05 20:43:22'),
(101, 3, 'Maaari kitang tulungan, mag-schedule tayo.', 0, '2025-10-05 21:22:22'),
(102, 37, 'Hello, need ko ng advice.', 0, '2025-10-11 23:55:45'),
(102, 4, 'Maaari kitang tulungan, mag-schedule tayo.', 0, '2025-10-12 01:57:45'),
(102, 37, 'Available ako next week.', 0, '2025-10-12 04:19:45'),
(103, 39, 'Hello, need ko ng advice.', 0, '2025-09-30 00:52:13'),
(103, 6, 'Maaari kitang tulungan, mag-schedule tayo.', 0, '2025-09-30 04:48:13'),
(103, 39, 'Available ako next week.', 0, '2025-09-30 07:33:13'),
(104, 67, 'Hi po, puwede magpa-appointment?', 0, '2025-10-11 12:17:00'),
(104, 2, 'Maaari kitang tulungan, mag-schedule tayo.', 0, '2025-10-11 13:53:00'),
(105, 43, 'Hello, need ko ng advice.', 0, '2025-10-06 17:30:07'),
(105, 3, 'Maaari kitang tulungan, mag-schedule tayo.', 0, '2025-10-06 19:57:07'),
(105, 43, 'Available ako next week.', 0, '2025-10-06 20:53:07'),
(106, 45, 'Hi po, puwede magpa-appointment?', 0, '2025-10-03 23:41:45'),
(106, 6, 'Salamat sa pagbabahagi. Available ako bukas.', 0, '2025-10-04 03:23:45'),
(106, 45, 'Available ako next week.', 0, '2025-10-04 04:51:45'),
(107, 23, 'Hello, need ko ng advice.', 0, '2025-10-09 08:11:17'),
(107, 1, 'Maaari kitang tulungan, mag-schedule tayo.', 0, '2025-10-09 09:44:17'),
(108, 89, 'Hello, need ko ng advice.', 0, '2025-10-04 12:17:28'),
(108, 1, 'Maaari kitang tulungan, mag-schedule tayo.', 0, '2025-10-04 13:01:28'),
(108, 89, 'Available ako next week.', 0, '2025-10-04 16:02:28'),
(109, 25, 'Hi po, puwede magpa-appointment?', 0, '2025-10-12 12:43:00'),
(109, 6, 'Maaari kitang tulungan, mag-schedule tayo.', 0, '2025-10-12 14:58:00'),
(109, 25, 'Sige po, salamat.', 0, '2025-10-12 17:30:00'),
(110, 82, 'Hello, need ko ng advice.', 0, '2025-10-09 09:18:35'),
(110, 1, 'Maaari kitang tulungan, mag-schedule tayo.', 0, '2025-10-09 12:59:35'),
(111, 51, 'Hello, need ko ng advice.', 0, '2025-09-12 08:18:55'),
(111, 7, 'Maaari kitang tulungan, mag-schedule tayo.', 0, '2025-09-12 11:24:55'),
(112, 64, 'Hello, need ko ng advice.', 0, '2025-10-05 12:09:36'),
(112, 2, 'Maaari kitang tulungan, mag-schedule tayo.', 0, '2025-10-05 15:19:36'),
(112, 64, 'Available ako next week.', 0, '2025-10-05 16:45:36'),
(113, 93, 'Hi po, puwede magpa-appointment?', 0, '2025-09-01 19:24:04'),
(113, 2, 'Maaari kitang tulungan, mag-schedule tayo.', 0, '2025-09-01 19:52:04'),
(114, 109, 'Hi po, puwede magpa-appointment?', 0, '2025-09-18 10:55:32'),
(114, 1, 'Salamat sa pagbabahagi. Available ako bukas.', 0, '2025-09-18 14:40:32'),
(114, 109, 'Available ako next week.', 0, '2025-09-18 16:03:32'),
(115, 115, 'Hello, need ko ng advice.', 0, '2025-10-11 21:22:10'),
(115, 5, 'Salamat sa pagbabahagi. Available ako bukas.', 0, '2025-10-11 23:21:10'),
(115, 115, 'Sige po, salamat.', 0, '2025-10-12 01:24:10'),
(116, 66, 'Hello, need ko ng advice.', 0, '2025-10-01 01:36:33'),
(116, 2, 'Salamat sa pagbabahagi. Available ako bukas.', 0, '2025-10-01 05:34:33'),
(116, 66, 'Available ako next week.', 0, '2025-10-01 06:42:33'),
(117, 24, 'Hello, need ko ng advice.', 0, '2025-10-08 21:33:04'),
(117, 7, 'Maaari kitang tulungan, mag-schedule tayo.', 0, '2025-10-08 21:57:04'),
(117, 24, 'Sige po, salamat.', 0, '2025-10-08 22:32:04'),
(118, 17, 'Hello, need ko ng advice.', 0, '2025-09-28 12:20:32'),
(118, 4, 'Maaari kitang tulungan, mag-schedule tayo.', 0, '2025-09-28 14:06:32'),
(118, 17, 'Available ako next week.', 0, '2025-09-28 16:43:32'),
(119, 26, 'Hello, need ko ng advice.', 0, '2025-10-09 08:30:53'),
(119, 1, 'Salamat sa pagbabahagi. Available ako bukas.', 0, '2025-10-09 11:23:53'),
(120, 59, 'Hi po, puwede magpa-appointment?', 0, '2025-10-08 06:31:19'),
(120, 7, 'Salamat sa pagbabahagi. Available ako bukas.', 0, '2025-10-08 08:06:19');

-- INSERT notifications (~150)
INSERT INTO notification (user_id, message, type, is_read, created_at) VALUES
(8, 'Resource suggestion: Time management article.', 'info', 0, '2025-10-01 05:16:38'),
(31, 'Reminder: appointment bukas sa wellness center.', 'info', 0, '2025-09-04 11:26:15'),
(62, 'Workshop invite: Stress management this Friday.', 'info', 0, '2025-10-04 13:14:23'),
(75, 'Resource suggestion: Time management article.', 'info', 1, '2025-09-16 04:08:09'),
(41, 'Workshop invite: Stress management this Friday.', 'info', 1, '2025-09-27 13:22:41'),
(107, 'Workshop invite: Stress management this Friday.', 'info', 1, '2025-09-30 08:11:39'),
(49, 'Reminder: appointment bukas sa wellness center.', 'info', 1, '2025-09-14 00:08:26'),
(17, 'May bagong reply mula sa counselor mo.', 'info', 0, '2025-09-29 01:53:34'),
(35, 'May bagong reply mula sa counselor mo.', 'info', 0, '2025-09-20 17:35:00'),
(76, 'May bagong reply mula sa counselor mo.', 'info', 1, '2025-10-08 12:46:25'),
(37, 'May bagong reply mula sa counselor mo.', 'info', 1, '2025-09-08 02:31:31'),
(4, 'Reminder: appointment bukas sa wellness center.', 'info', 1, '2025-10-09 11:16:33'),
(35, 'Reminder: appointment bukas sa wellness center.', 'info', 1, '2025-10-07 20:07:12'),
(42, 'May bagong reply mula sa counselor mo.', 'info', 1, '2025-10-08 21:35:49'),
(63, 'Workshop invite: Stress management this Friday.', 'info', 1, '2025-09-13 14:24:10'),
(67, 'May bagong reply mula sa counselor mo.', 'info', 0, '2025-09-09 17:48:24'),
(114, 'Reminder: appointment bukas sa wellness center.', 'info', 1, '2025-09-15 12:16:18'),
(48, 'Reminder: appointment bukas sa wellness center.', 'info', 0, '2025-09-28 23:03:48'),
(52, 'Reminder: appointment bukas sa wellness center.', 'info', 0, '2025-09-30 15:37:54'),
(36, 'Resource suggestion: Time management article.', 'info', 1, '2025-10-11 02:06:51'),
(54, 'May bagong reply mula sa counselor mo.', 'info', 1, '2025-10-04 22:10:01'),
(104, 'Workshop invite: Stress management this Friday.', 'info', 0, '2025-10-07 00:13:45'),
(14, 'May bagong reply mula sa counselor mo.', 'info', 1, '2025-10-03 10:45:37'),
(27, 'Workshop invite: Stress management this Friday.', 'info', 1, '2025-10-12 10:35:23'),
(17, 'Reminder: appointment bukas sa wellness center.', 'info', 0, '2025-10-09 00:47:31'),
(12, 'Reminder: appointment bukas sa wellness center.', 'info', 1, '2025-09-16 06:16:40'),
(87, 'Workshop invite: Stress management this Friday.', 'info', 0, '2025-10-11 06:53:06'),
(6, 'May bagong reply mula sa counselor mo.', 'info', 1, '2025-09-17 22:03:38'),
(90, 'Resource suggestion: Time management article.', 'info', 1, '2025-10-01 11:51:02'),
(41, 'May bagong reply mula sa counselor mo.', 'info', 1, '2025-09-30 12:08:24'),
(19, 'Workshop invite: Stress management this Friday.', 'info', 1, '2025-10-06 23:20:40'),
(90, 'May bagong reply mula sa counselor mo.', 'info', 1, '2025-10-02 20:38:55'),
(112, 'Resource suggestion: Time management article.', 'info', 0, '2025-10-07 12:00:38'),
(86, 'Reminder: appointment bukas sa wellness center.', 'info', 0, '2025-10-11 08:30:47'),
(89, 'Resource suggestion: Time management article.', 'info', 0, '2025-09-15 22:28:49'),
(39, 'May bagong reply mula sa counselor mo.', 'info', 1, '2025-10-03 03:38:45'),
(21, 'Workshop invite: Stress management this Friday.', 'info', 1, '2025-10-08 15:55:06'),
(72, 'Reminder: appointment bukas sa wellness center.', 'info', 1, '2025-10-10 06:26:57'),
(76, 'Resource suggestion: Time management article.', 'info', 1, '2025-10-12 00:37:55'),
(113, 'Resource suggestion: Time management article.', 'info', 0, '2025-09-24 00:34:34'),
(18, 'Reminder: appointment bukas sa wellness center.', 'info', 0, '2025-10-08 15:13:50'),
(96, 'May bagong reply mula sa counselor mo.', 'info', 0, '2025-10-12 12:00:00'),
(26, 'Reminder: appointment bukas sa wellness center.', 'info', 1, '2025-10-02 06:03:31'),
(9, 'Workshop invite: Stress management this Friday.', 'info', 1, '2025-09-15 11:48:25'),
(66, 'May bagong reply mula sa counselor mo.', 'info', 1, '2025-09-13 21:19:39'),
(79, 'Workshop invite: Stress management this Friday.', 'info', 0, '2025-10-07 05:18:47'),
(101, 'Workshop invite: Stress management this Friday.', 'info', 0, '2025-09-19 01:19:05'),
(59, 'Resource suggestion: Time management article.', 'info', 1, '2025-10-06 07:28:25'),
(68, 'Workshop invite: Stress management this Friday.', 'info', 1, '2025-10-01 21:10:54'),
(105, 'May bagong reply mula sa counselor mo.', 'info', 0, '2025-10-05 09:28:04'),
(8, 'Resource suggestion: Time management article.', 'info', 0, '2025-10-10 08:36:56'),
(38, 'Reminder: appointment bukas sa wellness center.', 'info', 0, '2025-10-06 09:20:06'),
(78, 'Workshop invite: Stress management this Friday.', 'info', 1, '2025-09-24 05:47:10'),
(66, 'Workshop invite: Stress management this Friday.', 'info', 0, '2025-10-05 00:21:55'),
(103, 'Reminder: appointment bukas sa wellness center.', 'info', 0, '2025-10-11 11:40:24'),
(13, 'Reminder: appointment bukas sa wellness center.', 'info', 0, '2025-09-01 22:29:49'),
(17, 'May bagong reply mula sa counselor mo.', 'info', 1, '2025-09-07 22:21:31'),
(69, 'May bagong reply mula sa counselor mo.', 'info', 1, '2025-10-03 21:21:28'),
(7, 'Workshop invite: Stress management this Friday.', 'info', 0, '2025-10-05 07:49:10'),
(69, 'Workshop invite: Stress management this Friday.', 'info', 0, '2025-09-16 08:49:24'),
(93, 'Resource suggestion: Time management article.', 'info', 0, '2025-10-05 20:45:03'),
(8, 'Reminder: appointment bukas sa wellness center.', 'info', 0, '2025-10-11 01:20:23'),
(114, 'Reminder: appointment bukas sa wellness center.', 'info', 1, '2025-10-04 11:16:48'),
(26, 'May bagong reply mula sa counselor mo.', 'info', 0, '2025-09-28 08:30:34'),
(8, 'Workshop invite: Stress management this Friday.', 'info', 1, '2025-10-08 22:25:40'),
(65, 'Reminder: appointment bukas sa wellness center.', 'info', 0, '2025-10-08 17:30:09'),
(28, 'Reminder: appointment bukas sa wellness center.', 'info', 0, '2025-09-10 07:23:07'),
(61, 'Reminder: appointment bukas sa wellness center.', 'info', 1, '2025-09-20 00:36:50'),
(57, 'Workshop invite: Stress management this Friday.', 'info', 0, '2025-09-30 00:10:27'),
(11, 'Reminder: appointment bukas sa wellness center.', 'info', 0, '2025-10-12 11:40:14'),
(55, 'Resource suggestion: Time management article.', 'info', 0, '2025-10-02 10:56:14'),
(28, 'Resource suggestion: Time management article.', 'info', 0, '2025-09-08 01:59:50'),
(59, 'Workshop invite: Stress management this Friday.', 'info', 1, '2025-09-10 03:48:03'),
(17, 'Workshop invite: Stress management this Friday.', 'info', 1, '2025-10-03 18:18:33'),
(57, 'Resource suggestion: Time management article.', 'info', 1, '2025-10-04 03:14:54'),
(79, 'Resource suggestion: Time management article.', 'info', 1, '2025-10-02 18:51:11'),
(91, 'Resource suggestion: Time management article.', 'info', 0, '2025-09-27 02:02:26'),
(81, 'May bagong reply mula sa counselor mo.', 'info', 0, '2025-10-03 01:35:46'),
(46, 'Resource suggestion: Time management article.', 'info', 1, '2025-09-13 04:20:17'),
(87, 'Reminder: appointment bukas sa wellness center.', 'info', 1, '2025-09-26 14:20:58'),
(97, 'Reminder: appointment bukas sa wellness center.', 'info', 1, '2025-09-25 19:24:05'),
(84, 'Reminder: appointment bukas sa wellness center.', 'info', 1, '2025-10-04 19:28:05'),
(16, 'Reminder: appointment bukas sa wellness center.', 'info', 1, '2025-09-04 21:37:56'),
(48, 'Reminder: appointment bukas sa wellness center.', 'info', 0, '2025-09-03 07:42:43'),
(95, 'Reminder: appointment bukas sa wellness center.', 'info', 0, '2025-10-03 17:18:08'),
(109, 'May bagong reply mula sa counselor mo.', 'info', 1, '2025-09-04 15:30:06'),
(51, 'Workshop invite: Stress management this Friday.', 'info', 1, '2025-10-08 18:31:03'),
(65, 'May bagong reply mula sa counselor mo.', 'info', 1, '2025-10-01 20:14:52'),
(15, 'Reminder: appointment bukas sa wellness center.', 'info', 0, '2025-10-08 15:34:04'),
(105, 'Resource suggestion: Time management article.', 'info', 0, '2025-10-02 07:00:44'),
(59, 'May bagong reply mula sa counselor mo.', 'info', 1, '2025-10-06 14:04:49'),
(57, 'Reminder: appointment bukas sa wellness center.', 'info', 0, '2025-09-01 14:37:48'),
(95, 'Workshop invite: Stress management this Friday.', 'info', 0, '2025-10-05 09:38:11'),
(34, 'May bagong reply mula sa counselor mo.', 'info', 1, '2025-10-07 19:21:45'),
(5, 'Reminder: appointment bukas sa wellness center.', 'info', 1, '2025-10-01 06:47:05'),
(29, 'Resource suggestion: Time management article.', 'info', 0, '2025-09-26 22:08:06'),
(16, 'Resource suggestion: Time management article.', 'info', 1, '2025-10-03 00:12:46'),
(80, 'May bagong reply mula sa counselor mo.', 'info', 0, '2025-10-09 18:51:52'),
(83, 'Workshop invite: Stress management this Friday.', 'info', 0, '2025-09-13 19:12:53'),
(75, 'Resource suggestion: Time management article.', 'info', 0, '2025-10-04 21:54:59'),
(47, 'Reminder: appointment bukas sa wellness center.', 'info', 0, '2025-09-23 20:08:22'),
(18, 'Resource suggestion: Time management article.', 'info', 1, '2025-10-06 05:28:05'),
(12, 'Workshop invite: Stress management this Friday.', 'info', 1, '2025-10-08 04:54:36'),
(90, 'May bagong reply mula sa counselor mo.', 'info', 1, '2025-10-12 19:50:30'),
(53, 'May bagong reply mula sa counselor mo.', 'info', 0, '2025-10-02 21:07:56'),
(30, 'Reminder: appointment bukas sa wellness center.', 'info', 1, '2025-09-12 07:31:18'),
(19, 'May bagong reply mula sa counselor mo.', 'info', 0, '2025-10-08 23:12:30'),
(80, 'May bagong reply mula sa counselor mo.', 'info', 1, '2025-09-03 01:06:23'),
(2, 'Reminder: appointment bukas sa wellness center.', 'info', 0, '2025-10-01 03:00:55'),
(31, 'Reminder: appointment bukas sa wellness center.', 'info', 0, '2025-10-02 09:29:07'),
(60, 'Workshop invite: Stress management this Friday.', 'info', 1, '2025-09-04 09:08:51'),
(107, 'Workshop invite: Stress management this Friday.', 'info', 1, '2025-10-02 23:40:33'),
(33, 'Reminder: appointment bukas sa wellness center.', 'info', 0, '2025-09-08 05:08:50'),
(48, 'May bagong reply mula sa counselor mo.', 'info', 0, '2025-10-09 17:02:04'),
(3, 'Workshop invite: Stress management this Friday.', 'info', 1, '2025-10-04 03:25:32'),
(74, 'Reminder: appointment bukas sa wellness center.', 'info', 1, '2025-10-01 18:12:40'),
(52, 'May bagong reply mula sa counselor mo.', 'info', 0, '2025-09-01 14:39:55'),
(107, 'Reminder: appointment bukas sa wellness center.', 'info', 0, '2025-09-23 23:16:16'),
(73, 'Resource suggestion: Time management article.', 'info', 0, '2025-09-04 06:13:16'),
(64, 'Resource suggestion: Time management article.', 'info', 1, '2025-10-06 04:20:47'),
(12, 'May bagong reply mula sa counselor mo.', 'info', 1, '2025-10-05 12:08:01'),
(82, 'Resource suggestion: Time management article.', 'info', 1, '2025-10-08 10:54:25'),
(101, 'Reminder: appointment bukas sa wellness center.', 'info', 0, '2025-10-10 21:47:23'),
(105, 'Workshop invite: Stress management this Friday.', 'info', 1, '2025-09-26 01:01:20'),
(51, 'Resource suggestion: Time management article.', 'info', 1, '2025-09-23 01:54:51'),
(53, 'May bagong reply mula sa counselor mo.', 'info', 1, '2025-09-08 10:19:04'),
(35, 'Reminder: appointment bukas sa wellness center.', 'info', 1, '2025-10-12 17:14:41'),
(74, 'Resource suggestion: Time management article.', 'info', 1, '2025-09-22 20:59:32'),
(57, 'Workshop invite: Stress management this Friday.', 'info', 1, '2025-10-03 21:31:01'),
(89, 'Workshop invite: Stress management this Friday.', 'info', 0, '2025-10-01 12:12:41'),
(29, 'May bagong reply mula sa counselor mo.', 'info', 1, '2025-10-04 20:01:56'),
(72, 'Reminder: appointment bukas sa wellness center.', 'info', 1, '2025-10-11 07:21:42'),
(103, 'Resource suggestion: Time management article.', 'info', 0, '2025-09-06 16:24:58'),
(101, 'Reminder: appointment bukas sa wellness center.', 'info', 1, '2025-10-10 16:16:30'),
(38, 'Reminder: appointment bukas sa wellness center.', 'info', 0, '2025-09-15 18:26:47'),
(28, 'Workshop invite: Stress management this Friday.', 'info', 1, '2025-10-05 07:13:33'),
(18, 'May bagong reply mula sa counselor mo.', 'info', 1, '2025-09-16 16:21:09'),
(50, 'Workshop invite: Stress management this Friday.', 'info', 1, '2025-10-06 23:08:27'),
(65, 'May bagong reply mula sa counselor mo.', 'info', 0, '2025-10-04 23:16:10'),
(74, 'Resource suggestion: Time management article.', 'info', 0, '2025-10-09 13:09:16'),
(59, 'Reminder: appointment bukas sa wellness center.', 'info', 0, '2025-10-03 16:14:28'),
(94, 'Resource suggestion: Time management article.', 'info', 1, '2025-10-03 20:50:15'),
(87, 'Workshop invite: Stress management this Friday.', 'info', 1, '2025-10-07 05:07:55'),
(111, 'Reminder: appointment bukas sa wellness center.', 'info', 1, '2025-09-29 00:56:29'),
(76, 'Reminder: appointment bukas sa wellness center.', 'info', 0, '2025-10-06 13:11:52'),
(102, 'Reminder: appointment bukas sa wellness center.', 'info', 0, '2025-09-21 08:54:15'),
(13, 'Workshop invite: Stress management this Friday.', 'info', 1, '2025-10-08 11:13:26'),
(72, 'May bagong reply mula sa counselor mo.', 'info', 1, '2025-10-05 03:55:51'),
(114, 'May bagong reply mula sa counselor mo.', 'info', 1, '2025-09-12 21:52:48'),
(75, 'Workshop invite: Stress management this Friday.', 'info', 1, '2025-10-10 23:59:38');

-- resource_log (15)
INSERT INTO resource_log (title, content, category, created_at) VALUES
('Time Management Tips', 'Mga practical na tips para hindi ma-procrastinate.', 'article', '2025-10-02 11:47:35'),
('Breathing Exercise Guide', 'Step-by-step breathing exercise para sa anxiety.', 'article', '2025-10-04 23:59:26'),
('Campus Wellness Workshop', 'Workshop schedule for stress management.', 'workshop', '2025-10-12 19:05:47'),
('Financial Aid Form', 'Form para sa emergency financial aid application.', 'form', '2025-09-20 10:33:35'),
('Helpline 24/7', 'Philippine helpline for crisis: 0917-123-4567.', 'article', '2025-09-01 17:23:38'),
('Study Planner Template', 'Downloadable study planner (PDF).', 'form', '2025-10-06 16:23:35'),
('Mindfulness Session', 'Weekly guided mindfulness session.', 'workshop', '2025-10-12 04:00:31'),
('Sleep Hygiene Tips', 'Tips para sa better sleep hygiene.', 'article', '2025-09-26 20:39:35'),
('Counseling Consent Form', 'Form needed before counseling sessions.', 'form', '2025-10-12 00:59:31'),
('Peer Support Group', 'Info about peer support meetings.', 'article', '2025-10-09 13:53:23'),
('Career Counseling Tips', 'Paano ihanda resume at interview.', 'article', '2025-10-10 21:42:50'),
('Exam Prep Workshop', 'Workshop schedule para sa exam prep.', 'workshop', '2025-10-02 11:19:31'),
('Budgeting 101', 'Basic budgeting tips for students.', 'article', '2025-10-03 09:12:20'),
('Self-care Checklist', 'Checklist ng self-care activities.', 'article', '2025-09-29 00:36:56'),
('Local Helplines', 'List of Philippine mental health helplines.', 'article', '2025-10-05 13:00:35');

-- user_activities (~220)
INSERT INTO user_activities (user_id, action, target_type, target_id, started_at, ended_at, duration_seconds) VALUES
(80, 'viewed_resource', 'resource', 54, '2025-10-06 00:13:16', '2025-10-06 00:21:12', 476),
(12, 'completed_survey', 'survey', 30, '2025-09-14 11:47:29', '2025-09-14 12:14:58', 1649),
(88, 'bookmarked_resource', 'form', 58, '2025-10-02 04:10:27', '2025-10-02 05:04:04', 3217),
(66, 'completed_survey', 'form', 56, '2025-10-01 12:02:43', '2025-10-01 13:01:24', 3521),
(92, 'bookmarked_resource', 'resource', 59, '2025-10-08 12:29:21', '2025-10-08 12:52:55', 1414),
(77, 'completed_survey', 'survey', 2, '2025-09-04 17:11:42', '2025-09-04 17:24:23', 761),
(77, 'started_chat', 'resource', 44, '2025-09-30 06:37:34', '2025-09-30 06:50:21', 767),
(54, 'completed_survey', 'form', 3, '2025-10-06 00:55:17', '2025-10-06 01:24:51', 1774),
(58, 'viewed_resource', 'resource', 14, '2025-10-01 20:28:01', '2025-10-01 21:23:42', 3341),
(110, 'started_chat', 'resource', 27, '2025-10-06 04:27:33', '2025-10-06 04:47:25', 1192),
(22, 'completed_survey', 'conversation', 26, '2025-09-20 23:52:53', '2025-09-21 00:21:13', 1700),
(77, 'downloaded_form', 'conversation', 22, '2025-10-04 16:09:01', '2025-10-04 17:06:45', 3464),
(40, 'viewed_resource', 'form', 17, '2025-09-05 20:38:42', '2025-09-05 21:22:50', 2648),
(3, 'downloaded_form', 'survey', 21, '2025-10-11 11:49:51', '2025-10-11 12:33:38', 2627),
(66, 'downloaded_form', 'survey', 2, '2025-09-27 16:13:19', '2025-09-27 16:46:01', 1962),
(47, 'bookmarked_resource', 'form', 50, '2025-09-28 00:48:42', '2025-09-28 01:39:29', 3047),
(55, 'completed_survey', 'resource', 3, '2025-09-15 05:08:53', '2025-09-15 06:02:28', 3215),
(107, 'downloaded_form', 'resource', 51, '2025-09-29 00:12:41', '2025-09-29 00:19:14', 393),
(29, 'bookmarked_resource', 'resource', 25, '2025-10-05 05:54:52', '2025-10-05 06:47:10', 3138),
(4, 'completed_survey', 'survey', 41, '2025-09-08 12:20:51', '2025-09-08 12:39:45', 1134),
(94, 'viewed_resource', 'conversation', 4, '2025-10-08 23:23:28', '2025-10-09 00:10:34', 2826),
(22, 'completed_survey', 'conversation', 2, '2025-10-12 09:58:09', '2025-10-12 10:02:27', 258),
(76, 'bookmarked_resource', 'conversation', 25, '2025-09-27 11:12:14', '2025-09-27 11:56:56', 2682),
(114, 'downloaded_form', 'conversation', 22, '2025-10-09 23:48:49', '2025-10-09 23:56:23', 454),
(91, 'completed_survey', 'resource', 26, '2025-09-08 13:44:44', '2025-09-08 14:24:27', 2383),
(47, 'completed_survey', 'conversation', 34, '2025-10-05 22:00:00', '2025-10-05 22:05:13', 313),
(71, 'downloaded_form', 'form', 15, '2025-10-05 17:00:44', '2025-10-05 17:21:35', 1251),
(52, 'bookmarked_resource', 'survey', 55, '2025-10-12 04:48:24', '2025-10-12 05:38:55', 3031),
(69, 'bookmarked_resource', 'survey', 10, '2025-10-04 20:17:36', '2025-10-04 20:58:09', 2433),
(78, 'completed_survey', 'conversation', 11, '2025-10-01 11:50:46', '2025-10-01 12:44:44', 3238),
(25, 'downloaded_form', 'form', 7, '2025-10-07 16:22:32', '2025-10-07 17:13:49', 3077),
(116, 'bookmarked_resource', 'survey', 14, '2025-09-09 10:14:34', '2025-09-09 10:16:00', 86),
(113, 'bookmarked_resource', 'form', 22, '2025-10-06 14:56:35', '2025-10-06 15:01:39', 304),
(75, 'downloaded_form', 'form', 3, '2025-09-29 10:29:12', '2025-09-29 10:32:22', 190),
(78, 'bookmarked_resource', 'survey', 20, '2025-09-05 21:52:06', '2025-09-05 21:54:57', 171),
(48, 'bookmarked_resource', 'survey', 16, '2025-10-11 17:19:10', '2025-10-11 17:42:49', 1419),
(42, 'downloaded_form', 'conversation', 1, '2025-09-03 10:54:37', '2025-09-03 11:07:47', 790),
(23, 'completed_survey', 'form', 14, '2025-09-29 04:12:43', '2025-09-29 04:28:22', 939),
(100, 'viewed_resource', 'form', 50, '2025-10-11 00:46:01', '2025-10-11 00:51:30', 329),
(80, 'bookmarked_resource', 'form', 28, '2025-09-16 09:02:23', '2025-09-16 09:38:28', 2165),
(30, 'bookmarked_resource', 'form', 21, '2025-10-01 20:24:59', '2025-10-01 21:24:45', 3586),
(47, 'completed_survey', 'resource', 54, '2025-10-01 17:55:26', '2025-10-01 18:18:01', 1355),
(24, 'bookmarked_resource', 'survey', 8, '2025-09-29 07:03:33', '2025-09-29 07:35:21', 1908),
(102, 'viewed_resource', 'form', 37, '2025-10-10 19:08:07', '2025-10-10 20:07:00', 3533),
(51, 'bookmarked_resource', 'conversation', 42, '2025-09-29 05:00:49', '2025-09-29 05:23:45', 1376),
(86, 'downloaded_form', 'survey', 19, '2025-09-19 10:55:02', '2025-09-19 10:58:53', 231),
(111, 'bookmarked_resource', 'conversation', 41, '2025-10-09 08:53:34', '2025-10-09 09:06:18', 764),
(34, 'completed_survey', 'survey', 33, '2025-09-08 14:02:27', '2025-09-08 14:36:57', 2070),
(16, 'started_chat', 'form', 44, '2025-10-09 07:52:26', '2025-10-09 08:20:31', 1685),
(77, 'completed_survey', 'form', 1, '2025-09-10 23:05:41', '2025-09-10 23:34:56', 1755),
(82, 'downloaded_form', 'resource', 34, '2025-10-03 03:33:33', '2025-10-03 03:38:27', 294),
(67, 'started_chat', 'conversation', 28, '2025-09-29 03:33:42', '2025-09-29 03:55:07', 1285),
(43, 'completed_survey', 'resource', 4, '2025-10-09 14:41:29', '2025-10-09 15:14:19', 1970),
(50, 'completed_survey', 'survey', 9, '2025-10-09 19:46:38', '2025-10-09 20:43:53', 3435),
(25, 'started_chat', 'form', 46, '2025-10-06 18:37:17', '2025-10-06 18:52:19', 902),
(74, 'viewed_resource', 'form', 37, '2025-10-11 14:51:49', '2025-10-11 15:35:38', 2629),
(41, 'started_chat', 'resource', 46, '2025-10-04 07:26:56', '2025-10-04 07:52:53', 1557),
(19, 'bookmarked_resource', 'conversation', 49, '2025-09-30 00:02:22', '2025-09-30 00:48:02', 2740),
(28, 'started_chat', 'conversation', 1, '2025-09-12 22:04:58', '2025-09-12 22:48:10', 2592),
(7, 'bookmarked_resource', 'conversation', 30, '2025-09-04 00:12:41', '2025-09-04 01:03:12', 3031),
(53, 'downloaded_form', 'conversation', 35, '2025-10-06 11:22:52', '2025-10-06 11:41:18', 1106),
(93, 'viewed_resource', 'conversation', 24, '2025-10-03 18:54:38', '2025-10-03 19:43:18', 2920),
(30, 'downloaded_form', 'form', 33, '2025-10-02 15:48:00', '2025-10-02 16:45:05', 3425),
(78, 'completed_survey', 'form', 28, '2025-09-29 14:02:29', '2025-09-29 15:02:24', 3595),
(42, 'downloaded_form', 'survey', 44, '2025-10-09 23:36:05', '2025-10-09 23:57:10', 1265),
(57, 'started_chat', 'resource', 54, '2025-10-10 21:31:38', '2025-10-10 21:55:04', 1406),
(20, 'started_chat', 'form', 54, '2025-10-03 04:05:58', '2025-10-03 04:34:57', 1739),
(113, 'started_chat', 'form', 53, '2025-09-01 02:40:30', '2025-09-01 02:43:08', 158),
(92, 'viewed_resource', 'conversation', 51, '2025-10-05 05:34:48', '2025-10-05 06:01:43', 1615),
(14, 'started_chat', 'form', 22, '2025-10-12 10:10:02', '2025-10-12 10:34:27', 1465),
(94, 'completed_survey', 'survey', 43, '2025-10-12 12:00:00', '2025-10-12 12:11:12', 672),
(106, 'started_chat', 'survey', 55, '2025-10-05 04:06:01', '2025-10-05 04:14:13', 492),
(107, 'completed_survey', 'survey', 1, '2025-10-07 09:16:14', '2025-10-07 10:06:55', 3041),
(109, 'downloaded_form', 'resource', 3, '2025-10-10 16:12:43', '2025-10-10 16:16:10', 207),
(63, 'started_chat', 'survey', 12, '2025-10-08 17:53:43', '2025-10-08 18:21:23', 1660),
(26, 'started_chat', 'resource', 34, '2025-10-06 05:27:23', '2025-10-06 05:28:41', 78),
(116, 'started_chat', 'survey', 49, '2025-10-08 14:28:39', '2025-10-08 14:50:41', 1322),
(14, 'downloaded_form', 'resource', 42, '2025-10-06 01:04:49', '2025-10-06 01:22:33', 1064),
(94, 'downloaded_form', 'conversation', 14, '2025-10-02 15:34:50', '2025-10-02 16:02:44', 1674),
(25, 'downloaded_form', 'form', 23, '2025-10-11 22:51:49', '2025-10-11 23:13:11', 1282),
(31, 'bookmarked_resource', 'survey', 15, '2025-10-07 00:22:33', '2025-10-07 00:50:29', 1676),
(6, 'downloaded_form', 'survey', 60, '2025-10-03 14:11:49', '2025-10-03 14:19:40', 471),
(5, 'completed_survey', 'survey', 19, '2025-09-18 12:32:15', '2025-09-18 13:23:01', 3046),
(79, 'started_chat', 'form', 19, '2025-10-09 15:13:38', '2025-10-09 15:49:46', 2168),
(96, 'viewed_resource', 'resource', 22, '2025-10-05 11:14:43', '2025-10-05 11:17:44', 181),
(75, 'completed_survey', 'form', 42, '2025-10-10 10:31:37', '2025-10-10 10:57:27', 1550),
(10, 'downloaded_form', 'resource', 21, '2025-09-15 09:46:04', '2025-09-15 10:43:18', 3434),
(11, 'started_chat', 'conversation', 3, '2025-09-30 19:43:16', '2025-09-30 19:49:09', 353),
(99, 'started_chat', 'resource', 13, '2025-09-03 13:13:33', '2025-09-03 14:11:53', 3500),
(78, 'viewed_resource', 'conversation', 53, '2025-09-04 01:54:17', '2025-09-04 02:32:10', 2273),
(101, 'started_chat', 'resource', 40, '2025-10-02 01:22:10', '2025-10-02 01:51:27', 1757),
(61, 'downloaded_form', 'form', 20, '2025-10-09 11:24:14', '2025-10-09 11:33:29', 555),
(73, 'bookmarked_resource', 'resource', 47, '2025-10-09 06:55:17', '2025-10-09 07:25:54', 1837),
(55, 'completed_survey', 'form', 17, '2025-10-02 23:11:23', '2025-10-02 23:21:55', 632),
(88, 'completed_survey', 'form', 11, '2025-10-05 19:46:46', '2025-10-05 20:18:17', 1891),
(26, 'started_chat', 'resource', 1, '2025-09-30 00:41:49', '2025-09-30 01:06:33', 1484),
(94, 'viewed_resource', 'survey', 23, '2025-10-09 01:18:23', '2025-10-09 02:06:26', 2883),
(41, 'completed_survey', 'form', 55, '2025-09-27 04:39:15', '2025-09-27 05:12:28', 1993),
(107, 'started_chat', 'form', 47, '2025-10-09 19:15:55', '2025-10-09 19:50:39', 2084),
(116, 'viewed_resource', 'survey', 9, '2025-10-11 06:00:26', '2025-10-11 06:58:25', 3479),
(13, 'bookmarked_resource', 'conversation', 29, '2025-09-23 22:36:05', '2025-09-23 23:12:03', 2158),
(85, 'started_chat', 'resource', 2, '2025-09-30 15:08:57', '2025-09-30 15:56:00', 2823),
(111, 'viewed_resource', 'resource', 28, '2025-10-05 11:31:00', '2025-10-05 12:30:49', 3589),
(1, 'bookmarked_resource', 'resource', 25, '2025-10-08 11:29:15', '2025-10-08 12:17:44', 2909),
(99, 'viewed_resource', 'survey', 47, '2025-10-08 09:55:17', '2025-10-08 10:27:31', 1934),
(104, 'bookmarked_resource', 'resource', 39, '2025-09-19 08:35:26', '2025-09-19 08:44:22', 536),
(104, 'viewed_resource', 'form', 10, '2025-09-12 05:13:50', '2025-09-12 05:41:46', 1676),
(101, 'bookmarked_resource', 'conversation', 52, '2025-09-16 09:05:42', '2025-09-16 09:16:52', 670),
(13, 'completed_survey', 'form', 37, '2025-10-11 15:22:32', '2025-10-11 16:10:22', 2870),
(39, 'bookmarked_resource', 'survey', 18, '2025-10-03 03:01:13', '2025-10-03 03:41:19', 2406),
(66, 'completed_survey', 'conversation', 4, '2025-10-06 02:36:57', '2025-10-06 02:46:52', 595),
(90, 'started_chat', 'survey', 13, '2025-10-01 08:05:46', '2025-10-01 08:44:57', 2351),
(4, 'viewed_resource', 'survey', 5, '2025-09-29 03:12:53', '2025-09-29 03:16:52', 239),
(110, 'bookmarked_resource', 'conversation', 36, '2025-10-09 19:36:24', '2025-10-09 20:08:48', 1944),
(89, 'viewed_resource', 'resource', 22, '2025-09-29 04:38:41', '2025-09-29 05:02:10', 1409),
(11, 'bookmarked_resource', 'resource', 36, '2025-09-30 23:55:20', '2025-10-01 00:49:16', 3236),
(110, 'downloaded_form', 'resource', 22, '2025-09-29 12:43:54', '2025-09-29 13:15:50', 1916),
(42, 'viewed_resource', 'survey', 56, '2025-10-03 03:32:20', '2025-10-03 03:47:30', 910),
(115, 'completed_survey', 'form', 49, '2025-10-06 11:22:00', '2025-10-06 11:38:38', 998),
(93, 'bookmarked_resource', 'form', 12, '2025-09-26 07:53:00', '2025-09-26 08:15:06', 1326),
(30, 'viewed_resource', 'form', 24, '2025-09-09 03:09:31', '2025-09-09 03:55:01', 2730),
(54, 'completed_survey', 'form', 11, '2025-09-24 15:51:09', '2025-09-24 16:29:47', 2318),
(38, 'viewed_resource', 'form', 19, '2025-10-01 21:44:16', '2025-10-01 22:25:57', 2501),
(34, 'bookmarked_resource', 'survey', 42, '2025-10-03 14:55:37', '2025-10-03 15:50:49', 3312),
(86, 'bookmarked_resource', 'form', 48, '2025-10-11 12:00:00', '2025-10-11 12:43:40', 2620),
(13, 'started_chat', 'form', 2, '2025-10-04 18:09:39', '2025-10-04 18:39:46', 1807),
(6, 'completed_survey', 'form', 38, '2025-09-05 17:28:26', '2025-09-05 18:03:30', 2104),
(19, 'bookmarked_resource', 'survey', 29, '2025-10-04 11:15:31', '2025-10-04 11:58:57', 2606),
(74, 'completed_survey', 'resource', 58, '2025-09-22 04:03:30', '2025-09-22 04:42:33', 2343),
(68, 'completed_survey', 'conversation', 29, '2025-09-25 07:29:03', '2025-09-25 08:12:38', 2615),
(69, 'completed_survey', 'conversation', 13, '2025-09-01 01:43:38', '2025-09-01 01:59:57', 979),
(66, 'downloaded_form', 'form', 47, '2025-10-12 10:32:50', '2025-10-12 10:46:55', 845),
(85, 'completed_survey', 'resource', 16, '2025-10-08 10:01:03', '2025-10-08 10:14:26', 803),
(59, 'viewed_resource', 'conversation', 31, '2025-10-10 12:17:10', '2025-10-10 12:33:15', 965),
(63, 'viewed_resource', 'resource', 1, '2025-10-02 11:11:45', '2025-10-02 12:04:34', 3169),
(65, 'viewed_resource', 'conversation', 4, '2025-10-05 00:07:48', '2025-10-05 01:04:19', 3391),
(76, 'downloaded_form', 'resource', 28, '2025-10-03 11:56:38', '2025-10-03 12:01:12', 274),
(117, 'downloaded_form', 'form', 58, '2025-09-30 05:32:47', '2025-09-30 06:13:49', 2462),
(12, 'completed_survey', 'form', 8, '2025-09-11 18:12:20', '2025-09-11 18:22:20', 600),
(42, 'bookmarked_resource', 'form', 14, '2025-10-02 16:15:15', '2025-10-02 17:02:47', 2852),
(7, 'started_chat', 'survey', 37, '2025-09-16 23:35:46', '2025-09-16 23:50:54', 908),
(5, 'viewed_resource', 'conversation', 51, '2025-10-12 12:00:00', '2025-10-12 12:29:03', 1743),
(90, 'completed_survey', 'resource', 30, '2025-09-26 03:31:15', '2025-09-26 03:33:16', 121),
(79, 'viewed_resource', 'form', 11, '2025-10-07 22:49:18', '2025-10-07 22:49:58', 40),
(55, 'viewed_resource', 'resource', 46, '2025-09-24 08:51:24', '2025-09-24 09:20:54', 1770),
(80, 'bookmarked_resource', 'form', 12, '2025-10-10 03:09:08', '2025-10-10 04:02:50', 3222),
(4, 'downloaded_form', 'survey', 14, '2025-09-30 18:54:05', '2025-09-30 19:34:07', 2402),
(38, 'started_chat', 'resource', 7, '2025-10-08 01:28:08', '2025-10-08 02:26:14', 3486),
(16, 'bookmarked_resource', 'form', 20, '2025-10-11 22:46:25', '2025-10-11 23:36:45', 3020),
(104, 'downloaded_form', 'resource', 25, '2025-10-11 00:27:01', '2025-10-11 01:17:10', 3009),
(111, 'viewed_resource', 'survey', 56, '2025-10-08 02:48:04', '2025-10-08 03:27:14', 2350),
(19, 'bookmarked_resource', 'survey', 21, '2025-10-12 08:55:13', '2025-10-12 09:06:37', 684),
(68, 'bookmarked_resource', 'resource', 13, '2025-10-11 09:04:53', '2025-10-11 09:56:27', 3094),
(71, 'bookmarked_resource', 'form', 58, '2025-10-08 18:24:05', '2025-10-08 19:15:32', 3087),
(25, 'downloaded_form', 'resource', 11, '2025-10-10 18:55:19', '2025-10-10 19:47:17', 3118),
(96, 'viewed_resource', 'survey', 15, '2025-10-06 16:39:52', '2025-10-06 17:39:42', 3590),
(80, 'bookmarked_resource', 'survey', 20, '2025-10-02 14:53:03', '2025-10-02 15:37:21', 2658),
(31, 'started_chat', 'conversation', 56, '2025-10-09 05:46:16', '2025-10-09 06:29:19', 2583),
(91, 'viewed_resource', 'resource', 21, '2025-09-05 02:03:17', '2025-09-05 02:45:03', 2506),
(34, 'started_chat', 'resource', 45, '2025-10-06 20:32:21', '2025-10-06 21:02:15', 1794),
(90, 'viewed_resource', 'form', 52, '2025-09-02 04:58:03', '2025-09-02 05:25:06', 1623),
(41, 'completed_survey', 'form', 37, '2025-09-10 02:42:08', '2025-09-10 03:07:02', 1494),
(117, 'downloaded_form', 'form', 14, '2025-10-09 02:50:56', '2025-10-09 03:21:24', 1828),
(14, 'downloaded_form', 'conversation', 53, '2025-09-15 06:23:45', '2025-09-15 07:23:41', 3596),
(84, 'completed_survey', 'survey', 23, '2025-10-05 16:24:49', '2025-10-05 16:35:12', 623),
(113, 'viewed_resource', 'survey', 23, '2025-10-01 14:24:10', '2025-10-01 15:20:00', 3350),
(4, 'started_chat', 'form', 52, '2025-09-29 07:10:48', '2025-09-29 07:51:41', 2453),
(67, 'bookmarked_resource', 'survey', 16, '2025-10-06 16:50:18', '2025-10-06 17:19:55', 1777),
(18, 'viewed_resource', 'conversation', 15, '2025-10-05 01:02:44', '2025-10-05 01:44:36', 2512),
(74, 'started_chat', 'conversation', 19, '2025-10-08 21:52:49', '2025-10-08 22:41:32', 2923),
(45, 'downloaded_form', 'conversation', 36, '2025-10-03 17:37:37', '2025-10-03 18:01:24', 1427),
(54, 'completed_survey', 'survey', 14, '2025-09-26 22:10:46', '2025-09-26 22:15:26', 280),
(92, 'started_chat', 'conversation', 10, '2025-10-04 10:30:06', '2025-10-04 10:40:33', 627),
(4, 'bookmarked_resource', 'form', 9, '2025-09-27 04:34:38', '2025-09-27 04:38:10', 212),
(91, 'started_chat', 'resource', 46, '2025-09-07 10:56:50', '2025-09-07 11:47:55', 3065),
(59, 'downloaded_form', 'conversation', 26, '2025-10-11 14:29:42', '2025-10-11 14:58:01', 1699),
(78, 'started_chat', 'form', 3, '2025-10-03 13:45:54', '2025-10-03 14:13:07', 1633),
(27, 'started_chat', 'survey', 10, '2025-10-04 17:49:40', '2025-10-04 18:26:02', 2182),
(20, 'completed_survey', 'resource', 8, '2025-09-01 07:09:49', '2025-09-01 07:45:33', 2144),
(78, 'completed_survey', 'conversation', 44, '2025-10-04 21:49:16', '2025-10-04 22:37:38', 2902),
(54, 'started_chat', 'form', 18, '2025-10-06 12:04:16', '2025-10-06 12:57:46', 3210),
(27, 'started_chat', 'resource', 14, '2025-10-08 00:11:41', '2025-10-08 00:57:28', 2747),
(31, 'started_chat', 'resource', 15, '2025-09-30 05:21:03', '2025-09-30 06:07:12', 2769),
(66, 'viewed_resource', 'form', 7, '2025-10-07 22:16:01', '2025-10-07 22:49:01', 1980),
(32, 'completed_survey', 'conversation', 38, '2025-10-12 02:38:00', '2025-10-12 03:05:57', 1677),
(29, 'viewed_resource', 'resource', 20, '2025-10-03 19:46:12', '2025-10-03 20:03:28', 1036),
(82, 'viewed_resource', 'survey', 58, '2025-10-12 06:48:35', '2025-10-12 07:37:24', 2929),
(70, 'completed_survey', 'form', 1, '2025-10-11 15:23:51', '2025-10-11 16:13:31', 2980),
(15, 'downloaded_form', 'resource', 57, '2025-10-10 13:25:40', '2025-10-10 13:35:59', 619),
(64, 'downloaded_form', 'resource', 23, '2025-10-09 11:39:16', '2025-10-09 11:42:01', 165),
(13, 'completed_survey', 'form', 48, '2025-09-21 00:38:37', '2025-09-21 00:53:23', 886),
(8, 'started_chat', 'form', 6, '2025-10-03 16:56:56', '2025-10-03 17:20:28', 1412),
(83, 'viewed_resource', 'survey', 33, '2025-10-09 12:23:39', '2025-10-09 13:11:38', 2879),
(50, 'downloaded_form', 'form', 38, '2025-10-09 02:27:06', '2025-10-09 02:31:42', 276),
(81, 'viewed_resource', 'resource', 50, '2025-09-29 11:52:50', '2025-09-29 12:29:25', 2195),
(73, 'completed_survey', 'resource', 5, '2025-10-10 20:35:37', '2025-10-10 21:31:20', 3343),
(96, 'completed_survey', 'form', 13, '2025-10-08 12:48:51', '2025-10-08 12:55:09', 378),
(92, 'completed_survey', 'survey', 8, '2025-10-11 07:25:05', '2025-10-11 07:34:54', 589),
(109, 'downloaded_form', 'form', 33, '2025-10-12 09:10:15', '2025-10-12 09:21:10', 655),
(39, 'completed_survey', 'form', 31, '2025-10-04 00:41:23', '2025-10-04 01:03:56', 1353),
(114, 'completed_survey', 'survey', 35, '2025-10-11 00:12:56', '2025-10-11 00:59:18', 2782),
(90, 'bookmarked_resource', 'survey', 13, '2025-09-25 17:57:10', '2025-09-25 18:38:42', 2492),
(107, 'completed_survey', 'resource', 45, '2025-10-10 10:21:32', '2025-10-10 11:02:39', 2467),
(13, 'downloaded_form', 'resource', 59, '2025-09-23 02:05:04', '2025-09-23 02:32:07', 1623),
(67, 'completed_survey', 'survey', 37, '2025-10-02 13:27:44', '2025-10-02 13:31:39', 235),
(92, 'completed_survey', 'conversation', 58, '2025-10-07 04:19:28', '2025-10-07 04:42:46', 1398),
(117, 'downloaded_form', 'survey', 25, '2025-10-03 20:03:41', '2025-10-03 20:46:20', 2559),
(108, 'viewed_resource', 'form', 2, '2025-09-29 23:01:19', '2025-09-29 23:37:29', 2170),
(15, 'started_chat', 'survey', 39, '2025-09-23 02:42:03', '2025-09-23 02:47:45', 342),
(49, 'viewed_resource', 'resource', 31, '2025-10-02 13:21:28', '2025-10-02 13:22:45', 77),
(31, 'bookmarked_resource', 'form', 12, '2025-10-12 19:33:56', '2025-10-12 19:50:50', 1014),
(32, 'downloaded_form', 'form', 31, '2025-10-07 02:52:45', '2025-10-07 03:05:43', 778),
(37, 'viewed_resource', 'form', 25, '2025-09-30 19:54:33', '2025-09-30 20:02:16', 463),
(109, 'downloaded_form', 'form', 14, '2025-09-30 11:35:50', '2025-09-30 12:06:15', 1825),
(71, 'bookmarked_resource', 'form', 14, '2025-10-01 23:51:33', '2025-10-02 00:48:40', 3427),
(22, 'viewed_resource', 'survey', 50, '2025-10-02 02:30:19', '2025-10-02 03:22:46', 3147),
(84, 'completed_survey', 'resource', 51, '2025-10-02 16:17:17', '2025-10-02 16:48:57', 1900),
(35, 'bookmarked_resource', 'form', 41, '2025-10-01 12:17:53', '2025-10-01 12:21:38', 225),
(28, 'started_chat', 'survey', 34, '2025-09-25 06:17:17', '2025-09-25 06:37:26', 1209),
(27, 'completed_survey', 'form', 34, '2025-09-05 13:01:14', '2025-09-05 13:47:14', 2760);

-- alerts (10)
INSERT INTO alert (user_id, reason, severity, assigned_to, status, created_at, resolved_at) VALUES
(12, 'Academic decline noticed', 'low', 1, 'open', '2025-09-03 08:34:42', NULL),
(65, 'Frequent low mood reported', 'high', 5, 'in_progress', '2025-09-12 14:36:16', NULL),
(44, 'Academic decline noticed', 'low', 5, 'in_progress', '2025-10-04 07:59:49', NULL),
(83, 'Frequent low mood reported', 'critical', 4, 'open', '2025-09-02 11:02:21', NULL),
(20, 'High anxiety checkins', 'high', 5, 'in_progress', '2025-10-08 11:19:22', NULL),
(13, 'Academic decline noticed', 'medium', 5, 'open', '2025-10-12 06:58:20', NULL),
(75, 'Frequent low mood reported', 'low', 1, 'open', '2025-10-08 20:12:23', NULL),
(114, 'High anxiety checkins', 'low', 2, 'open', '2025-09-21 13:59:14', NULL),
(83, 'High anxiety checkins', 'high', 1, 'open', '2025-10-07 04:28:43', NULL),
(55, 'Frequent low mood reported', 'high', 1, 'open', '2025-09-29 01:55:30', NULL);

-- appointment_log (30)
INSERT INTO appointment_log (user_id, form_type, downloaded_at, remarks) VALUES
(52, 'Intake Form', '2025-10-12 12:00:00', 'Downloaded for appointment'),
(79, 'Authorization Form', '2025-10-03 10:43:08', 'Requested more info'),
(56, 'Intake Form', '2025-10-04 14:26:43', 'Downloaded for appointment'),
(33, 'Consent Form', '2025-10-07 05:58:38', 'Downloaded template'),
(42, 'Authorization Form', '2025-10-01 21:15:15', 'Signed and returned'),
(103, 'Intake Form', '2025-09-12 11:55:10', 'Requested more info'),
(35, 'Authorization Form', '2025-09-30 17:38:06', 'Downloaded for appointment'),
(108, 'Authorization Form', '2025-10-11 09:09:34', 'Downloaded template'),
(98, 'Consent Form', '2025-09-21 09:27:39', 'Downloaded template'),
(49, 'Followup Form', '2025-10-09 05:47:36', 'Downloaded template'),
(58, 'Followup Form', '2025-09-19 03:59:36', 'Requested more info'),
(108, 'Consent Form', '2025-09-29 05:21:16', 'Signed and returned'),
(42, 'Authorization Form', '2025-10-02 02:35:28', 'Signed and returned'),
(73, 'Followup Form', '2025-10-10 17:14:36', 'Downloaded for appointment'),
(115, 'Authorization Form', '2025-10-03 22:56:28', 'Downloaded template'),
(30, 'Authorization Form', '2025-09-03 06:11:18', 'Requested more info'),
(117, 'Authorization Form', '2025-09-29 00:00:51', 'Signed and returned'),
(108, 'Authorization Form', '2025-10-03 10:26:08', 'Requested more info'),
(30, 'Intake Form', '2025-09-29 10:05:03', 'Downloaded for appointment'),
(64, 'Consent Form', '2025-10-05 09:20:41', 'Signed and returned'),
(55, 'Followup Form', '2025-10-07 04:40:47', 'Downloaded for appointment'),
(77, 'Authorization Form', '2025-10-04 13:40:51', 'Signed and returned'),
(3, 'Authorization Form', '2025-09-30 06:54:49', 'Signed and returned'),
(81, 'Followup Form', '2025-10-12 02:13:12', 'Downloaded for appointment'),
(114, 'Consent Form', '2025-10-10 14:03:58', 'Downloaded for appointment'),
(34, 'Authorization Form', '2025-10-03 22:50:09', 'Downloaded template'),
(93, 'Consent Form', '2025-10-10 07:11:33', 'Downloaded template'),
(31, 'Authorization Form', '2025-10-12 08:03:04', 'Downloaded template'),
(104, 'Consent Form', '2025-10-03 08:15:52', 'Downloaded for appointment'),
(10, 'Authorization Form', '2025-09-06 23:24:15', 'Signed and returned');

SET FOREIGN_KEY_CHECKS=1;