-- USTP full schema + medium mock data (final)
-- Generated: 2025-10-27 12:00:00
-- Updated: 2025-12-02 - Added alert table (before notification), saved_resources table, and indexes
SET FOREIGN_KEY_CHECKS=0;
DROP TABLE IF EXISTS saved_resources, appointment_log, messages, conversations, user_activities, resource_log, notification, alert, checkin_sentiment, emotional_checkin, journal_sentiment, journal, counselor_profile, user, ai_insights;

SET FOREIGN_KEY_CHECKS=0;

-- ============================
-- USER TABLE
-- ============================
CREATE TABLE user (
    user_id INT PRIMARY KEY AUTO_INCREMENT,
    email VARCHAR(100) UNIQUE DEFAULT NULL,
    name VARCHAR(100),
    role ENUM('student', 'counselor') NOT NULL,
    password_hash VARCHAR(255),
    push_token VARCHAR(255),
    nickname VARCHAR(50),
    last_login DATETIME,
    is_active BOOLEAN DEFAULT TRUE,
    created_at DATETIME DEFAULT CURRENT_TIMESTAMP
);

-- ============================
-- COUNSELOR PROFILE
-- ============================
CREATE TABLE counselor_profile (
    user_id INT PRIMARY KEY,
    department VARCHAR(100),
    contact_number VARCHAR(20),
    availability VARCHAR(100),
    year_experience INT,
    phone VARCHAR(50),
    license_number VARCHAR(100),
    specializations TEXT,
    education TEXT,
    bio TEXT,
    languages VARCHAR(255),
    created_at DATETIME DEFAULT CURRENT_TIMESTAMP,
    FOREIGN KEY (user_id) REFERENCES user(user_id)
);

-- ============================
-- JOURNAL
-- ============================
CREATE TABLE journal (
    journal_id INT PRIMARY KEY AUTO_INCREMENT,
    user_id INT,
    content TEXT,
    deleted_at DATETIME NULL,
    created_at DATETIME DEFAULT CURRENT_TIMESTAMP,
    FOREIGN KEY (user_id) REFERENCES user(user_id)
);

CREATE TABLE journal_sentiment (
    journal_sentiment_id INT PRIMARY KEY AUTO_INCREMENT,
    journal_id INT,
    sentiment VARCHAR(50),
    emotions VARCHAR(255),
    confidence FLOAT,
    model_version VARCHAR(50),
    analyzed_at DATETIME,
    FOREIGN KEY (journal_id) REFERENCES journal(journal_id)
);

-- ============================
-- EMOTIONAL CHECKINS
-- ============================
CREATE TABLE emotional_checkin (
    checkin_id INT PRIMARY KEY AUTO_INCREMENT,
    user_id INT,
    mood_level ENUM('Awesome', 'Great', 'Loved', 'Okay', 'Meh', 'Anxious', 'Bad', 'Terrible', 'Upset'),
    energy_level ENUM('Low', 'Moderate', 'High'),
    stress_level ENUM('No Stress', 'Low Stress', 'Moderate', 'High Stress', 'Very High Stress'),
    feel_better ENUM('Yes', 'No', 'Same'),
    comment TEXT,
    created_at DATETIME DEFAULT CURRENT_TIMESTAMP,
    FOREIGN KEY (user_id) REFERENCES user(user_id)
);

CREATE TABLE checkin_sentiment (
    checkin_sentiment_id INT PRIMARY KEY AUTO_INCREMENT,
    checkin_id INT,
    sentiment VARCHAR(50),
    emotions VARCHAR(255),
    confidence FLOAT,
    model_version VARCHAR(50),
    analyzed_at DATETIME,
    FOREIGN KEY (checkin_id) REFERENCES emotional_checkin(checkin_id)
);

-- Alert table (must be created BEFORE notification due to foreign key)
CREATE TABLE alert (
    alert_id INT PRIMARY KEY AUTO_INCREMENT,
    user_id INT NOT NULL,
    reason TEXT,
    severity ENUM('low', 'medium', 'high') DEFAULT 'low',
    assigned_to INT,
    status ENUM('open', 'in_progress', 'resolved') DEFAULT 'open',
    created_at DATETIME DEFAULT CURRENT_TIMESTAMP,
    resolved_at DATETIME,
    FOREIGN KEY (user_id) REFERENCES user(user_id),
    FOREIGN KEY (assigned_to) REFERENCES user(user_id)
);

-- ============================
-- ALERT TABLE (UPDATED)
-- ============================
CREATE TABLE alert (
    alert_id INT PRIMARY KEY AUTO_INCREMENT,

    user_id INT NOT NULL,                -- student
    reason VARCHAR(255) NOT NULL,

    severity ENUM('low', 'medium', 'high') NOT NULL,

    assigned_to INT NULL,                -- counselor (also from user table)

    status ENUM('open', 'in_progress', 'resolved') NOT NULL DEFAULT 'open',

    created_at DATETIME NOT NULL,
    resolved_at DATETIME NULL,

    INDEX idx_user_id (user_id),
    INDEX idx_assigned_to (assigned_to),
    INDEX idx_severity (severity),
    INDEX idx_status (status),

    CONSTRAINT fk_alert_user
        FOREIGN KEY (user_id) REFERENCES user(user_id)
        ON DELETE CASCADE ON UPDATE CASCADE,

    CONSTRAINT fk_alert_assigned_to
        FOREIGN KEY (assigned_to) REFERENCES user(user_id)
        ON DELETE SET NULL ON UPDATE CASCADE
);

-- ============================
-- NOTIFICATIONS
-- ============================
CREATE TABLE `notification` (
    `id` INT AUTO_INCREMENT PRIMARY KEY,
    `user_id` INT NOT NULL,
    `title` VARCHAR(150) NULL,
    `message` TEXT NOT NULL,
    `category` ENUM(
        'daily_quote',
        'wellness_reminder',
        'system',
        'counselor_message',
        'insight',
        'other'
    ) NOT NULL,
    `source` ENUM(
        'scheduler',
        'alert_trigger',
        'manual',
        'system'
    ) NOT NULL,
    `related_alert_id` INT NULL,
    `is_sent` BOOLEAN DEFAULT FALSE,
    `sent_at` DATETIME NULL,
    `is_read` BOOLEAN DEFAULT FALSE,
    `read_at` DATETIME NULL,
    `created_at` DATETIME DEFAULT CURRENT_TIMESTAMP,

    CONSTRAINT `fk_notification_user`
        FOREIGN KEY (`user_id`) REFERENCES `user`(`user_id`)
        ON DELETE CASCADE,

    CONSTRAINT `fk_notification_alert`
        FOREIGN KEY (`related_alert_id`) REFERENCES `alert`(`alert_id`)
        ON DELETE SET NULL
);

-- ============================
-- RESOURCE LOG
-- ============================
CREATE TABLE resource_log (
    resource_id INT PRIMARY KEY AUTO_INCREMENT,
    title VARCHAR(100),
    content TEXT,
    category VARCHAR(50),
    created_at DATETIME DEFAULT CURRENT_TIMESTAMP
);

-- ============================
-- USER ACTIVITIES
-- ============================
CREATE TABLE user_activities (
    activity_id INT PRIMARY KEY AUTO_INCREMENT,
    user_id INT,
    action VARCHAR(50),
    target_type VARCHAR(50),
    target_id INT,
    started_at DATETIME,
    ended_at DATETIME,
    duration_seconds INT,
    created_at DATETIME DEFAULT CURRENT_TIMESTAMP,
    FOREIGN KEY (user_id) REFERENCES user(user_id)
);

-- ============================
-- CONVERSATIONS / MESSAGES
-- ============================
CREATE TABLE conversations (
    conversation_id INT PRIMARY KEY AUTO_INCREMENT,
    initiator_user_id INT NOT NULL,
    initiator_role ENUM('student') NOT NULL,
    subject VARCHAR(100),
    counselor_id INT,
    status ENUM('open', 'ended') DEFAULT 'open',
    created_at DATETIME DEFAULT CURRENT_TIMESTAMP,
    last_activity_at DATETIME,

    FOREIGN KEY (initiator_user_id) REFERENCES user(user_id),
    FOREIGN KEY (counselor_id) REFERENCES user(user_id)
);

CREATE TABLE messages (
    message_id INT PRIMARY KEY AUTO_INCREMENT,
    conversation_id INT NOT NULL,
    sender_id INT NOT NULL,
    content TEXT NOT NULL,
    is_read BOOLEAN DEFAULT FALSE,
    timestamp DATETIME DEFAULT CURRENT_TIMESTAMP,
    FOREIGN KEY (conversation_id) REFERENCES conversations(conversation_id),
    FOREIGN KEY (sender_id) REFERENCES user(user_id)
);

-- ============================
-- APPOINTMENT LOG
-- ============================
CREATE TABLE appointment_log (
    log_id INT PRIMARY KEY AUTO_INCREMENT,
    user_id INT,
    form_type VARCHAR(100),
    downloaded_at DATETIME,
    remarks TEXT,
    FOREIGN KEY (user_id) REFERENCES user(user_id)
);

-- ============================
-- AI INSIGHTS
-- ============================
CREATE TABLE ai_insights (
  insight_id INT PRIMARY KEY AUTO_INCREMENT,
  user_id INT DEFAULT NULL,
  type ENUM('weekly', 'behavioral') NOT NULL,
  timeframe_start DATE NOT NULL,
  timeframe_end DATE NOT NULL,
  data JSON NOT NULL,
  risk_level ENUM('low','medium','high','critical') DEFAULT 'low',
  generated_by VARCHAR(100),
  generated_at DATETIME DEFAULT CURRENT_TIMESTAMP,
  UNIQUE KEY uniq_insight (user_id, type, timeframe_start, timeframe_end),
  FOREIGN KEY (user_id) REFERENCES user(user_id)
);

-- Saved resources for user's bookmarked learning materials
CREATE TABLE saved_resources (
    saved_id INT PRIMARY KEY AUTO_INCREMENT,
    user_id INT NOT NULL,
    resource_type VARCHAR(50) NOT NULL DEFAULT 'topic',
    resource_id VARCHAR(100) NOT NULL,
    title VARCHAR(255),
    metadata JSON,
    saved_at DATETIME DEFAULT CURRENT_TIMESTAMP,
    CONSTRAINT fk_saved_resources_user
        FOREIGN KEY (user_id) REFERENCES user(user_id) ON DELETE CASCADE,
    UNIQUE KEY unique_user_resource (user_id, resource_type, resource_id)
);

-- Indexes for better query performance
CREATE INDEX idx_alert_user ON alert(user_id);
CREATE INDEX idx_alert_severity ON alert(severity);
CREATE INDEX idx_notification_user ON notification(user_id);
CREATE INDEX idx_notification_category ON notification(category);
CREATE INDEX idx_saved_resources_user ON saved_resources(user_id);

SET FOREIGN_KEY_CHECKS=1;


-- INSERT USERS
INSERT INTO user (user_id, email, name, role, password_hash, nickname, last_login, is_active, created_at) VALUES
(1, 'maria.santos@ustp.edu.ph', 'Dr. Maria L. Santos', 'counselor', '123456',  NULL, '2025-10-22 01:43:25', 1, '2025-08-25 23:42:15'),
(2, 'jose.cruz@ustp.edu.ph', 'Engr. Jose Rizal Cruz', 'counselor', '123456', NULL, '2025-10-22 07:28:59', 1, '2025-10-09 13:00:09'),
(3, 'analiza.villanueva@ustp.edu.ph', 'Ms. Analiza Villanueva', 'counselor', '123456', NULL, '2025-10-11 21:59:06', 1, '2025-07-17 22:44:28'),
(4, 'ramon.delacruz@ustp.edu.ph', 'Dr. Ramon De la Cruz', 'counselor', '123456', NULL, '2025-07-27 06:31:17', 1, '2025-10-07 01:20:24'),
(5, 'leila.navarro@ustp.edu.ph', 'Ms. Leila M. Navarro', 'counselor', '123456', NULL, '2025-10-05 11:08:23', 1, '2025-10-02 15:35:08'),
(6, 'carlo.reyes@ustp.edu.ph', 'Mr. Carlo P. Reyes', 'counselor', '123456', NULL, '2025-10-24 20:35:53', 1, '2025-08-14 23:50:22'),
(7, 'sheila.gomez@ustp.edu.ph', 'Dr. Sheila M. Gomez', 'counselor', '123456', NULL, '2025-10-25 04:29:08', 1, '2025-09-20 17:35:37'),
(8, NULL, NULL, 'student', NULL, 'Jun', '2025-07-01 16:27:02', 1, '2025-10-21 16:00:29'),
(9, NULL, NULL, 'student', NULL, 'Tin', '2025-10-23 17:52:54', 1, '2025-10-17 15:42:30'),
(10, NULL, NULL, 'student', NULL, 'Bogs', '2025-09-12 19:50:17', 1, '2025-10-31 05:18:26'),
(11, NULL, NULL, 'student', NULL, 'Kaye', '2025-10-31 14:53:03', 1, '2025-09-10 12:24:20'),
(12, NULL, NULL, 'student', NULL, 'Jaypee', '2025-10-12 05:30:03', 1, '2025-10-27 20:04:14'),
(13, NULL, NULL, 'student', NULL, 'Inday', '2025-10-09 03:55:56', 1, '2025-10-25 13:13:11'),
(14, NULL, NULL, 'student', NULL, 'Makoy', '2025-07-02 07:31:56', 1, '2025-10-28 12:00:00'),
(15, NULL, NULL, 'student', NULL, 'Migs', '2025-10-20 03:54:29', 1, '2025-10-03 13:19:41'),
(16, NULL, NULL, 'student', NULL, 'Cha', '2025-10-21 04:10:12', 1, '2025-09-02 07:22:15'),
(17, NULL, NULL, 'student', NULL, 'Ysay', '2025-10-19 05:43:34', 1, '2025-10-01 03:49:39'),
(18, NULL, NULL, 'student', NULL, 'Bong', '2025-10-09 04:52:52', 1, '2025-09-21 02:12:43'),
(19, NULL, NULL, 'student', NULL, 'Ning', '2025-07-02 08:42:00', 1, '2025-08-22 07:36:17'),
(20, NULL, NULL, 'student', NULL, 'Deng', '2025-09-30 23:31:47', 1, '2025-08-25 23:01:31'),
(21, NULL, NULL, 'student', NULL, 'Abe', '2025-09-27 14:06:12', 1, '2025-10-23 12:01:17'),
(22, NULL, NULL, 'student', NULL, 'Tess', '2025-08-03 14:49:47', 1, '2025-10-08 00:23:06'),
(23, NULL, NULL, 'student', NULL, 'Pinky', '2025-08-08 03:35:59', 1, '2025-10-25 13:46:41'),
(24, NULL, NULL, 'student', NULL, 'Gelo', '2025-10-19 07:24:45', 0, '2025-10-29 15:57:31'),
(25, NULL, NULL, 'student', NULL, 'Toto', '2025-10-29 07:09:14', 1, '2025-10-20 20:31:52'),
(26, NULL, NULL, 'student', NULL, 'Pao', '2025-07-03 14:28:44', 1, '2025-10-14 14:55:13'),
(27, NULL, NULL, 'student', NULL, 'Yeng', '2025-09-01 12:51:09', 1, '2025-09-27 18:33:01'),
(28, NULL, NULL, 'student', NULL, 'Eve', '2025-07-17 12:37:16', 1, '2025-10-13 11:10:18'),
(29, NULL, NULL, 'student', NULL, 'Aldo', '2025-09-19 20:20:44', 1, '2025-10-08 14:48:59'),
(30, NULL, NULL, 'student', NULL, 'Faye', '2025-10-28 12:00:00', 1, '2025-10-20 11:38:50'),
(31, NULL, NULL, 'student', NULL, 'Rex', '2025-10-07 10:37:31', 1, '2025-10-17 00:58:23'),
(32, NULL, NULL, 'student', NULL, 'Mari', '2025-10-13 20:09:21', 1, '2025-10-16 01:29:43'),
(33, NULL, NULL, 'student', NULL, 'Lou', '2025-07-27 21:32:16', 1, '2025-10-03 10:10:21'),
(34, NULL, NULL, 'student', NULL, 'Peter', '2025-10-27 12:57:48', 1, '2025-10-03 19:46:49'),
(35, NULL, NULL, 'student', NULL, 'Bela', '2025-09-22 15:16:09', 1, '2025-10-02 15:49:24'),
(36, NULL, NULL, 'student', NULL, 'Nico', '2025-09-14 10:13:11', 1, '2025-10-14 19:52:52'),
(37, NULL, NULL, 'student', NULL, 'Joanne', '2025-09-13 13:05:10', 1, '2025-10-18 12:05:13'),
(38, NULL, NULL, 'student', NULL, 'Kiko', '2025-10-22 23:44:11', 1, '2025-10-14 03:36:19'),
(39, NULL, NULL, 'student', NULL, 'Raissa', '2025-10-21 02:35:16', 1, '2025-08-31 18:04:59'),
(40, NULL, NULL, 'student', NULL, 'Jolo', '2025-08-04 14:41:21', 1, '2025-07-27 00:41:19'),
(41, NULL, NULL, 'student', NULL, 'Bea', '2025-09-24 07:52:09', 1, '2025-10-14 03:46:44'),
(42, NULL, NULL, 'student', NULL, 'Toni', '2025-10-29 06:34:59', 0, '2025-07-27 18:04:25'),
(43, NULL, NULL, 'student', NULL, 'Rhea', '2025-08-06 01:06:39', 0, '2025-10-20 02:36:15'),
(44, NULL, NULL, 'student', NULL, 'Miko', '2025-09-10 04:01:38', 1, '2025-10-25 02:45:26'),
(45, NULL, NULL, 'student', NULL, 'Sora', '2025-10-18 23:56:04', 0, '2025-10-23 01:49:40'),
(46, NULL, NULL, 'student', NULL, 'Nonoy', '2025-09-30 08:51:04', 1, '2025-10-13 13:36:46'),
(47, NULL, NULL, 'student', NULL, 'Dutz', '2025-09-20 22:49:36', 0, '2025-07-01 00:32:47'),
(48, NULL, NULL, 'student', NULL, 'Cai', '2025-09-11 03:25:39', 1, '2025-10-15 10:43:58'),
(49, NULL, NULL, 'student', NULL, 'Luz', '2025-10-16 15:18:38', 1, '2025-07-08 15:45:11'),
(50, NULL, NULL, 'student', NULL, 'Boyet', '2025-09-13 01:07:39', 1, '2025-07-07 01:53:49'),
(51, NULL, NULL, 'student', NULL, 'Ivy', '2025-10-08 03:02:41', 1, '2025-07-18 07:27:09'),
(52, NULL, NULL, 'student', NULL, 'Didi', '2025-07-13 00:02:37', 1, '2025-10-29 09:58:28'),
(53, NULL, NULL, 'student', NULL, 'Zaldy', '2025-07-22 06:38:32', 0, '2025-09-01 12:28:26'),
(54, NULL, NULL, 'student', NULL, 'Mahal', '2025-10-09 17:09:20', 1, '2025-07-26 19:01:08'),
(55, NULL, NULL, 'student', NULL, 'Dinna', '2025-08-03 11:02:50', 1, '2025-10-12 18:25:05'),
(56, NULL, NULL, 'student', NULL, 'Jaz', '2025-09-26 13:06:33', 1, '2025-08-03 19:10:11'),
(57, NULL, NULL, 'student', NULL, 'Kikoy', '2025-09-28 12:23:23', 1, '2025-10-23 22:05:10'),
(58, NULL, NULL, 'student', NULL, 'Lani', '2025-07-26 13:26:00', 1, '2025-08-20 15:48:29'),
(59, NULL, NULL, 'student', NULL, 'Minda', '2025-09-11 14:30:04', 1, '2025-10-09 05:13:14'),
(60, NULL, NULL, 'student', NULL, 'Odie', '2025-10-13 05:26:19', 1, '2025-09-19 13:57:07'),
(61, NULL, NULL, 'student', NULL, 'Petch', '2025-10-15 02:55:23', 1, '2025-10-15 05:04:06'),
(62, NULL, NULL, 'student', NULL, 'Quin', '2025-10-25 03:40:11', 1, '2025-10-13 05:05:13'),
(63, NULL, NULL, 'student', NULL, 'Rico', '2025-07-30 03:35:33', 1, '2025-10-17 14:39:22'),
(64, NULL, NULL, 'student', NULL, 'Sam', '2025-07-13 03:42:00', 1, '2025-09-27 19:28:46'),
(65, NULL, NULL, 'student', NULL, 'Tetch', '2025-10-22 00:06:13', 1, '2025-09-07 13:05:09'),
(66, NULL, NULL, 'student', NULL, 'Ube', '2025-09-03 18:14:38', 1, '2025-10-17 18:33:55'),
(67, NULL, NULL, 'student', NULL, 'Vina', '2025-08-29 20:59:13', 1, '2025-08-06 08:41:45'),
(68, NULL, NULL, 'student', NULL, 'Weng', '2025-10-21 17:23:11', 1, '2025-10-16 20:50:46'),
(69, NULL, NULL, 'student', NULL, 'Xylo', '2025-10-16 01:28:54', 1, '2025-07-25 18:41:45'),
(70, NULL, NULL, 'student', NULL, 'Ynez', '2025-10-21 05:10:05', 1, '2025-08-30 14:53:42'),
(71, NULL, NULL, 'student', NULL, 'Zara', '2025-07-14 03:59:41', 1, '2025-07-04 21:06:18'),
(72, NULL, NULL, 'student', NULL, 'Jun2', '2025-10-20 12:35:45', 1, '2025-07-13 00:56:46'),
(73, NULL, NULL, 'student', NULL, 'Tin2', '2025-08-21 18:29:07', 1, '2025-10-29 08:10:53'),
(74, NULL, NULL, 'student', NULL, 'Bogs2', '2025-08-18 08:42:24', 1, '2025-10-14 13:28:32'),
(75, NULL, NULL, 'student', NULL, 'Kaye2', '2025-10-25 20:10:18', 1, '2025-08-10 05:27:20'),
(76, NULL, NULL, 'student', NULL, 'Jaypee2', '2025-10-02 02:22:51', 1, '2025-10-20 20:25:58'),
(77, NULL, NULL, 'student', NULL, 'Inday2', '2025-10-24 03:39:23', 0, '2025-10-16 06:07:11'),
(78, NULL, NULL, 'student', NULL, 'Makoy2', '2025-07-27 22:36:47', 1, '2025-08-06 04:57:15'),
(79, NULL, NULL, 'student', NULL, 'Migs2', '2025-10-24 02:07:30', 1, '2025-10-24 02:50:24'),
(80, NULL, NULL, 'student', NULL, 'Cha2', '2025-10-24 19:00:43', 1, '2025-09-01 22:12:22'),
(81, NULL, NULL, 'student', NULL, 'Ysay2', '2025-10-24 15:40:56', 1, '2025-10-26 02:14:04'),
(82, NULL, NULL, 'student', NULL, 'Bong2', '2025-10-25 05:22:02', 0, '2025-10-16 10:48:21'),
(83, NULL, NULL, 'student', NULL, 'Ning2', '2025-10-26 08:14:29', 1, '2025-10-21 10:06:28'),
(84, NULL, NULL, 'student', NULL, 'Deng2', '2025-07-19 09:34:30', 1, '2025-09-26 04:36:36'),
(85, NULL, NULL, 'student', NULL, 'Abe2', '2025-07-17 03:48:44', 0, '2025-10-13 18:43:01'),
(86, NULL, NULL, 'student', NULL, 'Tess2', '2025-09-17 16:28:16', 1, '2025-10-19 12:04:40'),
(87, NULL, NULL, 'student', NULL, 'Pinky2', '2025-09-29 19:02:42', 1, '2025-10-23 21:09:00'),
(88, NULL, NULL, 'student', NULL, 'Gelo2', '2025-10-14 12:15:34', 1, '2025-10-14 07:00:42'),
(89, NULL, NULL, 'student', NULL, 'Toto2', '2025-10-25 18:15:33', 1, '2025-07-12 10:04:14'),
(90, NULL, NULL, 'student', NULL, 'Pao2', '2025-10-19 02:51:08', 1, '2025-08-31 22:42:49'),
(91, NULL, NULL, 'student', NULL, 'Yeng2', '2025-08-09 12:59:28', 1, '2025-10-23 15:44:36'),
(92, NULL, NULL, 'student', NULL, 'Eve2', '2025-09-08 18:42:28', 1, '2025-10-22 00:57:39'),
(93, NULL, NULL, 'student', NULL, 'Aldo2', '2025-07-14 16:11:02', 0, '2025-07-08 18:52:32'),
(94, NULL, NULL, 'student', NULL, 'Faye2', '2025-09-10 17:24:10', 1, '2025-10-03 19:55:21'),
(95, NULL, NULL, 'student', NULL, 'Rex2', '2025-09-19 23:11:26', 1, '2025-09-10 16:55:52'),
(96, NULL, NULL, 'student', NULL, 'Mari2', '2025-10-22 20:09:15', 1, '2025-10-24 04:08:36'),
(97, NULL, NULL, 'student', NULL, 'Lou2', '2025-10-17 04:52:33', 1, '2025-10-07 11:14:50'),
(98, NULL, NULL, 'student', NULL, 'Peter2', '2025-10-09 12:13:52', 1, '2025-10-28 05:32:22'),
(99, NULL, NULL, 'student', NULL, 'Bela2', '2025-09-24 23:01:56', 1, '2025-08-04 20:00:03'),
(100, NULL, NULL, 'student', NULL, 'Nico2', '2025-10-16 02:42:57', 1, '2025-10-14 13:29:50'),
(101, NULL, NULL, 'student', NULL, 'Joanne2', '2025-09-05 23:31:50', 0, '2025-09-10 18:15:30'),
(102, NULL, NULL, 'student', NULL, 'Kiko2', '2025-10-26 16:07:34', 0, '2025-08-26 00:43:50'),
(103, NULL, NULL, 'student', NULL, 'Raissa2', '2025-07-06 11:49:44', 1, '2025-10-26 15:22:21'),
(104, NULL, NULL, 'student', NULL, 'Jolo2', '2025-09-29 05:26:30', 1, '2025-09-02 04:57:31'),
(105, NULL, NULL, 'student', NULL, 'Bea2', '2025-10-04 17:12:14', 1, '2025-09-04 10:29:56'),
(106, NULL, NULL, 'student', NULL, 'Toni2', '2025-08-24 01:01:17', 1, '2025-10-25 15:22:19'),
(107, NULL, NULL, 'student', NULL, 'Rhea2', '2025-08-14 10:51:19', 1, '2025-10-14 13:56:09'),
(108, NULL, NULL, 'student', NULL, 'Miko2', '2025-07-21 20:30:32', 1, '2025-09-11 08:42:46'),
(109, NULL, NULL, 'student', NULL, 'Sora2', '2025-10-26 01:36:21', 1, '2025-07-18 20:22:51'),
(110, NULL, NULL, 'student', NULL, 'Nonoy2', '2025-10-12 02:32:37', 1, '2025-10-19 17:26:19'),
(111, NULL, NULL, 'student', NULL, 'Dutz2', '2025-08-20 17:25:30', 0, '2025-09-28 06:48:20'),
(112, NULL, NULL, 'student', NULL, 'Cai2', '2025-10-15 06:33:20', 1, '2025-10-06 06:11:28'),
(113, NULL, NULL, 'student', NULL, 'Luz2', '2025-09-14 09:33:37', 1, '2025-10-24 20:03:47'),
(114, NULL, NULL, 'student', NULL, 'Boyet2', '2025-10-03 07:27:31', 1, '2025-10-31 02:14:56'),
(115, NULL, NULL, 'student', NULL, 'Ivy2', '2025-10-07 01:41:36', 1, '2025-08-13 12:54:42'),
(116, NULL, NULL, 'student', NULL, 'Didi2', '2025-10-07 11:34:05', 1, '2025-09-17 06:05:05'),
(117, NULL, NULL, 'student', NULL, 'Zaldy2', '2025-09-15 13:56:37', 1, '2025-09-10 22:54:18');

-- INSERT counselor_profile (password placeholders and extended columns)
INSERT INTO counselor_profile (user_id, department, contact_number, availability, year_experience, phone, license_number, specializations, education, bio, languages, created_at) VALUES
(1, 'Wellness Center', '+63-946-859-8054', 'Mon-Fri 08:30-11:30; Wed 14:00-16:00', 19, '0980-588-1505', 'PH-CN-2025-281', 'Relationship counseling', 'MA Psychology, USTP', 'Dedicated counselor helping students navigate stress, relationships, and career decisions.', 'English, Filipino, Bisaya', '2025-09-28 08:20:09'),
(2, 'Guidance and Counseling', '+63-933-718-4590', 'Mon/Wed 09:00-12:00; Tue 14:00-17:00', 6, '0912-128-6006', 'PH-CN-2025-505', 'Relationship counseling', 'MA Psychology, USTP', 'Dedicated counselor helping students navigate stress, relationships, and career decisions.', 'English, Filipino, Cebuano', '2025-10-26 02:39:19'),
(3, 'Student Affairs', '+63-963-773-7004', 'Mon-Fri 08:30-11:30; Wed 14:00-16:00', 7, '0991-626-1925', 'PH-CN-2025-713', 'Relationship counseling', 'MS Clinical Psychology, UP', 'Dedicated counselor helping students navigate stress, relationships, and career decisions.', 'English, Filipino', '2025-10-18 10:34:35'),
(4, 'Student Affairs', '+63-960-324-7310', 'Mon-Fri 08:30-11:30; Wed 14:00-16:00', 9, '0987-774-8004', 'PH-CN-2025-179', 'Adolescent counseling, stress management', 'MS Guidance, Ateneo', 'Dedicated counselor helping students navigate stress, relationships, and career decisions.', 'English, Filipino', '2025-09-04 03:13:11'),
(5, 'Clinical Psychology', '+63-971-770-2710', 'Tue/Thu 10:00-12:00; Fri 13:00-16:00', 19, '0988-499-9350', 'PH-CN-2025-852', 'Depression/anxiety therapy', 'MS Guidance, Ateneo', 'Dedicated counselor helping students navigate stress, relationships, and career decisions.', 'Filipino, English', '2025-10-26 04:26:25'),
(6, 'Student Affairs', '+63-985-868-4500', 'Mon-Fri 08:30-11:30; Wed 14:00-16:00', 14, '0960-531-9087', 'PH-CN-2025-852', 'Relationship counseling', 'PhD Psychology, La Salle', 'Dedicated counselor helping students navigate stress, relationships, and career decisions.', 'English, Filipino, Bisaya', '2025-08-16 13:19:27'),
(7, 'Student Affairs', '+63-912-186-3653', 'Tue/Thu 10:00-12:00; Fri 13:00-16:00', 20, '0964-401-3709', 'PH-CN-2025-178', 'Career counseling, resilience training', 'MA Psychology, USTP', 'Dedicated counselor helping students navigate stress, relationships, and career decisions.', 'English, Filipino, Cebuano', '2025-10-22 14:21:34');

-- INSERT journals and journal_sentiment (>=120)
INSERT INTO journal (user_id, content, deleted_at, created_at) VALUES
(66, 'Nag-aalala ako tungkol sa future at career choices.', NULL, '2025-10-17 09:58:55'),
(33, 'Natatakot ako mag-apply ng trabaho, insecure pa.', NULL, '2025-07-14 15:23:35'),
(74, 'May nag-away sa bahay, hindi kami nagkakaintindihan ng kuya ko.', NULL, '2025-10-22 05:39:10'),
(13, 'Nagpapasalamat ako sa maliit na achievement ko sa project.', NULL, '2025-10-16 02:30:59'),
(25, 'Natatakot ako mag-apply ng trabaho, insecure pa.', NULL, '2025-10-25 05:10:44'),
(25, 'Nag-aalala ako tungkol sa future at career choices.', NULL, '2025-09-19 01:34:33'),
(46, 'Nai-stress ako sa exam schedule, kailangan ng study plan.', NULL, '2025-09-03 19:06:37'),
(69, 'Medyo okay ngayon, naglakad-lakad sa park at nakatulong sa mood.', NULL, '2025-10-26 03:45:12'),
(104, 'May nag-away sa bahay, hindi kami nagkakaintindihan ng kuya ko.', NULL, '2025-10-04 15:21:26'),
(65, 'Natatakot ako mag-apply ng trabaho, insecure pa.', NULL, '2025-10-23 01:43:11'),
(86, 'Natatakot ako mag-apply ng trabaho, insecure pa.', '2025-09-27 02:47:22', '2025-09-26 02:47:22'),
(20, 'Medyo okay ngayon, naglakad-lakad sa park at nakatulong sa mood.', NULL, '2025-09-15 16:13:11'),
(51, 'Nai-stress ako sa exam schedule, kailangan ng study plan.', NULL, '2025-10-24 10:38:59'),
(15, 'Nag-aalala ako tungkol sa future at career choices.', NULL, '2025-10-08 20:11:46'),
(10, 'May nag-away sa bahay, hindi kami nagkakaintindihan ng kuya ko.', NULL, '2025-09-23 01:45:05'),
(10, 'May nag-away sa bahay, hindi kami nagkakaintindihan ng kuya ko.', NULL, '2025-09-08 07:20:51'),
(97, 'Sobrang dami ng tasks, hindi ko alam paano simulan. Procrastinate ako lagi.', NULL, '2025-09-29 08:33:52'),
(115, 'Nagpapasalamat ako sa maliit na achievement ko sa project.', NULL, '2025-07-02 16:06:23'),
(67, 'Nai-stress ako sa exam schedule, kailangan ng study plan.', NULL, '2025-09-12 12:50:46'),
(67, 'Nai-stress ako sa exam schedule, kailangan ng study plan.', '2025-10-16 21:34:04', '2025-10-15 21:34:04'),
(57, 'Natatakot ako mag-apply ng trabaho, insecure pa.', '2025-10-15 07:55:20', '2025-10-14 07:55:20'),
(57, 'May nag-away sa bahay, hindi kami nagkakaintindihan ng kuya ko.', NULL, '2025-10-12 21:54:13'),
(24, 'Nai-stress ako sa exam schedule, kailangan ng study plan.', NULL, '2025-10-17 04:30:04'),
(27, 'May nag-away sa bahay, hindi kami nagkakaintindihan ng kuya ko.', NULL, '2025-08-03 16:21:37'),
(36, 'Natatakot ako mag-apply ng trabaho, insecure pa.', NULL, '2025-07-26 19:44:08'),
(36, 'Nai-stress ako sa exam schedule, kailangan ng study plan.', NULL, '2025-10-21 21:38:48'),
(59, 'Sobrang dami ng tasks, hindi ko alam paano simulan. Procrastinate ako lagi.', NULL, '2025-10-21 05:07:23'),
(117, 'Nag-aalala ako tungkol sa future at career choices.', NULL, '2025-10-15 12:23:07'),
(117, 'Nagpapasalamat ako sa maliit na achievement ko sa project.', NULL, '2025-10-07 10:36:21'),
(56, 'May nag-away sa bahay, hindi kami nagkakaintindihan ng kuya ko.', NULL, '2025-10-05 03:05:07'),
(100, 'May nag-away sa bahay, hindi kami nagkakaintindihan ng kuya ko.', NULL, '2025-09-08 01:30:13'),
(14, 'Medyo okay ngayon, naglakad-lakad sa park at nakatulong sa mood.', NULL, '2025-09-13 08:36:47'),
(50, 'Nai-stress ako sa exam schedule, kailangan ng study plan.', NULL, '2025-08-12 17:31:41'),
(45, 'Nagpapasalamat ako sa maliit na achievement ko sa project.', NULL, '2025-10-15 04:11:48'),
(45, 'Natatakot ako mag-apply ng trabaho, insecure pa.', NULL, '2025-10-12 18:57:03'),
(72, 'Medyo okay ngayon, naglakad-lakad sa park at nakatulong sa mood.', NULL, '2025-10-24 10:12:06'),
(29, 'May nag-away sa bahay, hindi kami nagkakaintindihan ng kuya ko.', NULL, '2025-08-01 00:40:36'),
(26, 'May nag-away sa bahay, hindi kami nagkakaintindihan ng kuya ko.', NULL, '2025-10-15 02:49:04'),
(90, 'Nai-stress ako sa exam schedule, kailangan ng study plan.', NULL, '2025-10-04 20:00:16'),
(87, 'Nag-aalala ako tungkol sa future at career choices.', NULL, '2025-10-13 13:54:45'),
(87, 'Natatakot ako mag-apply ng trabaho, insecure pa.', NULL, '2025-10-16 06:50:18'),
(55, 'May nag-away sa bahay, hindi kami nagkakaintindihan ng kuya ko.', NULL, '2025-10-19 03:31:28'),
(64, 'Sobrang dami ng tasks, hindi ko alam paano simulan. Procrastinate ako lagi.', NULL, '2025-10-19 02:39:01'),
(58, 'Nagpapasalamat ako sa maliit na achievement ko sa project.', NULL, '2025-08-02 20:57:38'),
(58, 'Nai-stress ako sa exam schedule, kailangan ng study plan.', NULL, '2025-10-26 17:16:00'),
(11, 'Nag-aalala ako tungkol sa future at career choices.', NULL, '2025-09-10 03:58:55'),
(101, 'Natatakot ako mag-apply ng trabaho, insecure pa.', NULL, '2025-10-21 17:02:27'),
(109, 'May nag-away sa bahay, hindi kami nagkakaintindihan ng kuya ko.', NULL, '2025-08-07 05:27:24'),
(54, 'May nag-away sa bahay, hindi kami nagkakaintindihan ng kuya ko.', NULL, '2025-10-16 21:27:38'),
(111, 'May nag-away sa bahay, hindi kami nagkakaintindihan ng kuya ko.', NULL, '2025-07-08 06:43:51'),
(85, 'May nag-away sa bahay, hindi kami nagkakaintindihan ng kuya ko.', NULL, '2025-09-11 21:36:16'),
(110, 'Sobrang dami ng tasks, hindi ko alam paano simulan. Procrastinate ako lagi.', NULL, '2025-10-13 07:44:18'),
(112, 'Natatakot ako mag-apply ng trabaho, insecure pa.', NULL, '2025-09-06 03:53:58'),
(112, 'Nai-stress ako sa exam schedule, kailangan ng study plan.', NULL, '2025-08-02 11:39:46'),
(98, 'Medyo okay ngayon, naglakad-lakad sa park at nakatulong sa mood.', NULL, '2025-10-17 05:20:06'),
(98, 'Nagpapasalamat ako sa maliit na achievement ko sa project.', NULL, '2025-08-30 12:11:22'),
(108, 'Sobrang dami ng tasks, hindi ko alam paano simulan. Procrastinate ako lagi.', '2025-10-27 18:13:51', '2025-10-26 18:13:51'),
(94, 'Medyo okay ngayon, naglakad-lakad sa park at nakatulong sa mood.', NULL, '2025-09-05 22:10:31'),
(89, 'Sobrang dami ng tasks, hindi ko alam paano simulan. Procrastinate ako lagi.', NULL, '2025-10-10 02:45:31'),
(83, 'Medyo okay ngayon, naglakad-lakad sa park at nakatulong sa mood.', NULL, '2025-09-12 11:22:44'),
(84, 'Medyo okay ngayon, naglakad-lakad sa park at nakatulong sa mood.', NULL, '2025-10-14 23:27:14'),
(107, 'Nai-stress ako sa exam schedule, kailangan ng study plan.', NULL, '2025-08-12 01:48:48'),
(31, 'Nag-aalala ako tungkol sa future at career choices.', NULL, '2025-09-20 05:59:14'),
(28, 'May nag-away sa bahay, hindi kami nagkakaintindihan ng kuya ko.', NULL, '2025-08-10 18:15:03'),
(79, 'Natatakot ako mag-apply ng trabaho, insecure pa.', NULL, '2025-10-21 09:08:32'),
(18, 'Nai-stress ako sa exam schedule, kailangan ng study plan.', NULL, '2025-07-07 07:59:33'),
(18, 'Nai-stress ako sa exam schedule, kailangan ng study plan.', NULL, '2025-09-07 10:55:32'),
(35, 'Nagpapasalamat ako sa maliit na achievement ko sa project.', NULL, '2025-10-04 08:30:25'),
(12, 'Sobrang dami ng tasks, hindi ko alam paano simulan. Procrastinate ako lagi.', NULL, '2025-10-08 20:27:31'),
(12, 'Nag-aalala ako tungkol sa future at career choices.', NULL, '2025-10-14 20:02:11'),
(80, 'May nag-away sa bahay, hindi kami nagkakaintindihan ng kuya ko.', NULL, '2025-10-24 19:12:02'),
(40, 'Nag-aalala ako tungkol sa future at career choices.', NULL, '2025-10-26 02:09:03'),
(53, 'Nai-stress ako sa exam schedule, kailangan ng study plan.', NULL, '2025-08-19 13:10:15'),
(53, 'May nag-away sa bahay, hindi kami nagkakaintindihan ng kuya ko.', NULL, '2025-10-22 12:09:44'),
(95, 'Natatakot ako mag-apply ng trabaho, insecure pa.', NULL, '2025-08-02 05:14:48'),
(105, 'Sobrang dami ng tasks, hindi ko alam paano simulan. Procrastinate ako lagi.', NULL, '2025-08-30 02:19:26'),
(113, 'Medyo okay ngayon, naglakad-lakad sa park at nakatulong sa mood.', NULL, '2025-10-13 04:18:52'),
(103, 'May nag-away sa bahay, hindi kami nagkakaintindihan ng kuya ko.', NULL, '2025-08-11 13:56:43'),
(103, 'Nag-aalala ako tungkol sa future at career choices.', NULL, '2025-07-22 20:18:49'),
(52, 'Nai-stress ako sa exam schedule, kailangan ng study plan.', NULL, '2025-07-04 13:34:08'),
(116, 'Nag-aalala ako tungkol sa future at career choices.', NULL, '2025-10-04 08:27:17'),
(63, 'Sobrang dami ng tasks, hindi ko alam paano simulan. Procrastinate ako lagi.', NULL, '2025-09-20 05:38:52'),
(63, 'Nagpapasalamat ako sa maliit na achievement ko sa project.', NULL, '2025-07-06 11:50:35'),
(49, 'Nag-aalala ako tungkol sa future at career choices.', NULL, '2025-10-14 17:56:36'),
(32, 'Natatakot ako mag-apply ng trabaho, insecure pa.', NULL, '2025-10-20 10:47:43'),
(32, 'Nagpapasalamat ako sa maliit na achievement ko sa project.', NULL, '2025-10-23 21:42:52'),
(34, 'May nag-away sa bahay, hindi kami nagkakaintindihan ng kuya ko.', NULL, '2025-08-17 01:49:54'),
(44, 'Sobrang dami ng tasks, hindi ko alam paano simulan. Procrastinate ako lagi.', NULL, '2025-10-13 17:44:32'),
(70, 'Sobrang dami ng tasks, hindi ko alam paano simulan. Procrastinate ako lagi.', NULL, '2025-08-30 04:34:24'),
(70, 'Nai-stress ako sa exam schedule, kailangan ng study plan.', NULL, '2025-10-22 23:16:39'),
(22, 'Natatakot ako mag-apply ng trabaho, insecure pa.', NULL, '2025-10-30 15:00:09'),
(99, 'May nag-away sa bahay, hindi kami nagkakaintindihan ng kuya ko.', NULL, '2025-07-20 14:24:28'),
(114, 'Nagpapasalamat ako sa maliit na achievement ko sa project.', NULL, '2025-10-16 19:25:44'),
(93, 'Nagpapasalamat ako sa maliit na achievement ko sa project.', NULL, '2025-10-14 03:23:35'),
(42, 'May nag-away sa bahay, hindi kami nagkakaintindihan ng kuya ko.', NULL, '2025-10-15 14:56:17'),
(42, 'Nai-stress ako sa exam schedule, kailangan ng study plan.', NULL, '2025-10-18 22:19:31'),
(30, 'Nai-stress ako sa exam schedule, kailangan ng study plan.', NULL, '2025-08-14 05:54:20'),
(30, 'Sobrang dami ng tasks, hindi ko alam paano simulan. Procrastinate ako lagi.', NULL, '2025-10-15 08:01:00'),
(21, 'Nagpapasalamat ako sa maliit na achievement ko sa project.', NULL, '2025-07-11 02:24:19'),
(68, 'Nag-aalala ako tungkol sa future at career choices.', NULL, '2025-08-19 20:51:38'),
(41, 'Natatakot ako mag-apply ng trabaho, insecure pa.', NULL, '2025-10-18 21:14:38'),
(19, 'Nag-aalala ako tungkol sa future at career choices.', NULL, '2025-09-15 11:43:05'),
(81, 'Nag-aalala ako tungkol sa future at career choices.', NULL, '2025-10-15 12:26:19'),
(81, 'Natatakot ako mag-apply ng trabaho, insecure pa.', NULL, '2025-09-03 02:48:26'),
(62, 'Natatakot ako mag-apply ng trabaho, insecure pa.', NULL, '2025-08-29 05:23:57'),
(62, 'Nag-aalala ako tungkol sa future at career choices.', NULL, '2025-07-08 16:18:24'),
(78, 'Sobrang dami ng tasks, hindi ko alam paano simulan. Procrastinate ako lagi.', NULL, '2025-10-25 09:41:14'),
(78, 'Sobrang dami ng tasks, hindi ko alam paano simulan. Procrastinate ako lagi.', NULL, '2025-09-19 00:13:56'),
(96, 'Medyo okay ngayon, naglakad-lakad sa park at nakatulong sa mood.', NULL, '2025-09-06 14:42:39'),
(16, 'Natatakot ako mag-apply ng trabaho, insecure pa.', NULL, '2025-07-24 09:08:19'),
(61, 'May nag-away sa bahay, hindi kami nagkakaintindihan ng kuya ko.', NULL, '2025-10-23 05:54:33'),
(47, 'Natatakot ako mag-apply ng trabaho, insecure pa.', NULL, '2025-10-15 13:05:03'),
(77, 'Nag-aalala ako tungkol sa future at career choices.', NULL, '2025-10-25 19:00:28'),
(91, 'Medyo okay ngayon, naglakad-lakad sa park at nakatulong sa mood.', NULL, '2025-09-25 12:25:10'),
(91, 'Nagpapasalamat ako sa maliit na achievement ko sa project.', NULL, '2025-08-05 08:40:46'),
(75, 'Nagpapasalamat ako sa maliit na achievement ko sa project.', NULL, '2025-10-27 12:00:00'),
(102, 'Nagpapasalamat ako sa maliit na achievement ko sa project.', NULL, '2025-08-23 02:58:39'),
(82, 'Nagpapasalamat ako sa maliit na achievement ko sa project.', NULL, '2025-07-01 14:55:44'),
(38, 'Nai-stress ako sa exam schedule, kailangan ng study plan.', NULL, '2025-10-25 09:15:46'),
(71, 'Natatakot ako mag-apply ng trabaho, insecure pa.', NULL, '2025-10-23 12:45:21'),
(60, 'Medyo okay ngayon, naglakad-lakad sa park at nakatulong sa mood.', NULL, '2025-10-13 15:04:01'),
(92, 'Nag-aalala ako tungkol sa future at career choices.', NULL, '2025-09-24 03:39:10'),
(92, 'May nag-away sa bahay, hindi kami nagkakaintindihan ng kuya ko.', NULL, '2025-09-16 22:56:28'),
(73, 'Natatakot ako mag-apply ng trabaho, insecure pa.', NULL, '2025-10-26 19:22:13'),
(73, 'May nag-away sa bahay, hindi kami nagkakaintindihan ng kuya ko.', NULL, '2025-10-22 19:23:28'),
(9, 'Medyo okay ngayon, naglakad-lakad sa park at nakatulong sa mood.', NULL, '2025-10-13 00:35:09'),
(43, 'Natatakot ako mag-apply ng trabaho, insecure pa.', NULL, '2025-10-13 07:17:31'),
(43, 'Sobrang dami ng tasks, hindi ko alam paano simulan. Procrastinate ako lagi.', NULL, '2025-09-11 09:35:12'),
(76, 'Nag-aalala ako tungkol sa future at career choices.', NULL, '2025-10-20 21:16:39'),
(76, 'Medyo okay ngayon, naglakad-lakad sa park at nakatulong sa mood.', NULL, '2025-10-21 03:49:51'),
(39, 'Sobrang dami ng tasks, hindi ko alam paano simulan. Procrastinate ako lagi.', NULL, '2025-09-17 05:48:00'),
(8, 'Medyo okay ngayon, naglakad-lakad sa park at nakatulong sa mood.', NULL, '2025-10-14 11:49:59'),
(8, 'Natatakot ako mag-apply ng trabaho, insecure pa.', NULL, '2025-07-16 10:34:28'),
(48, 'Natatakot ako mag-apply ng trabaho, insecure pa.', NULL, '2025-09-30 04:58:01'),
(88, 'Nagpapasalamat ako sa maliit na achievement ko sa project.', NULL, '2025-08-22 03:30:14'),
(106, 'Sobrang dami ng tasks, hindi ko alam paano simulan. Procrastinate ako lagi.', NULL, '2025-09-18 09:54:07'),
(37, 'May nag-away sa bahay, hindi kami nagkakaintindihan ng kuya ko.', NULL, '2025-10-27 12:00:00'),
(23, 'Sobrang dami ng tasks, hindi ko alam paano simulan. Procrastinate ako lagi.', NULL, '2025-10-09 23:04:45'),
(17, 'Nag-aalala ako tungkol sa future at career choices.', NULL, '2025-08-04 23:24:00'),
(17, 'Medyo okay ngayon, naglakad-lakad sa park at nakatulong sa mood.', NULL, '2025-08-07 02:49:23');

INSERT INTO journal_sentiment (journal_id, sentiment, emotions, confidence, model_version, analyzed_at) VALUES
(1, 'mixed', 'neutral, calm', 0.7, 'v1.2.0', '2025-10-17 11:11:55'),
(2, 'neutral', 'sadness, anxiety', 0.69, 'v1.2.0', '2025-07-14 15:47:35'),
(3, 'positive', 'neutral, calm', 0.92, 'v1.2.0', '2025-10-22 07:47:10'),
(4, 'negative', 'sadness, anxiety', 0.74, 'v1.2.0', '2025-10-16 05:00:59'),
(5, 'neutral', 'joy, relief', 0.73, 'v1.2.0', '2025-10-25 08:03:44'),
(6, 'negative', 'hope, anxiety', 0.93, 'v1.2.0', '2025-09-19 03:30:33'),
(7, 'mixed', 'sadness, anxiety', 0.8, 'v1.2.0', '2025-09-03 21:20:37'),
(8, 'negative', 'hope, anxiety', 0.67, 'v1.2.0', '2025-10-26 06:14:12'),
(9, 'neutral', 'hope, anxiety', 0.85, 'v1.2.0', '2025-10-04 17:10:26'),
(10, 'negative', 'sadness, anxiety', 0.71, 'v1.2.0', '2025-10-23 03:15:11'),
(11, 'positive', 'neutral, calm', 0.69, 'v1.2.0', '2025-09-26 03:09:22'),
(12, 'negative', 'stress, frustration', 0.93, 'v1.2.0', '2025-09-15 19:12:11'),
(13, 'neutral', 'stress, frustration', 0.88, 'v1.2.0', '2025-10-24 12:12:59'),
(14, 'negative', 'hope, anxiety', 0.89, 'v1.2.0', '2025-10-08 22:20:46'),
(15, 'negative', 'hope, anxiety', 0.66, 'v1.2.0', '2025-09-23 02:06:05'),
(16, 'negative', 'hope, anxiety', 0.94, 'v1.2.0', '2025-09-08 08:20:51'),
(17, 'mixed', 'neutral, calm', 0.62, 'v1.2.0', '2025-09-29 10:36:52'),
(18, 'mixed', 'joy, relief', 0.63, 'v1.2.0', '2025-07-02 17:28:23'),
(19, 'neutral', 'hope, anxiety', 0.87, 'v1.2.0', '2025-09-12 13:49:46'),
(20, 'negative', 'hope, anxiety', 0.94, 'v1.2.0', '2025-10-15 22:33:04'),
(21, 'positive', 'sadness, anxiety', 0.61, 'v1.2.0', '2025-10-14 09:35:20'),
(22, 'negative', 'joy, relief', 0.72, 'v1.2.0', '2025-10-13 00:17:13'),
(23, 'positive', 'hope, anxiety', 0.71, 'v1.2.0', '2025-10-17 06:29:04'),
(24, 'positive', 'neutral, calm', 0.61, 'v1.2.0', '2025-08-03 16:42:37'),
(25, 'negative', 'neutral, calm', 0.87, 'v1.2.0', '2025-07-26 22:12:08'),
(26, 'mixed', 'stress, frustration', 0.67, 'v1.2.0', '2025-10-21 23:39:48'),
(27, 'negative', 'hope, anxiety', 0.75, 'v1.2.0', '2025-10-21 07:47:23'),
(28, 'neutral', 'hope, anxiety', 0.97, 'v1.2.0', '2025-10-15 12:52:07'),
(29, 'positive', 'neutral, calm', 0.67, 'v1.2.0', '2025-10-07 11:54:21'),
(30, 'positive', 'stress, frustration', 0.77, 'v1.2.0', '2025-10-05 05:38:07'),
(31, 'negative', 'sadness, anxiety', 0.89, 'v1.2.0', '2025-09-08 02:47:13'),
(32, 'negative', 'joy, relief', 0.68, 'v1.2.0', '2025-09-13 11:17:47'),
(33, 'neutral', 'sadness, anxiety', 0.86, 'v1.2.0', '2025-08-12 20:13:41'),
(34, 'mixed', 'hope, anxiety', 0.91, 'v1.2.0', '2025-10-15 05:53:48'),
(35, 'negative', 'hope, anxiety', 0.87, 'v1.2.0', '2025-10-12 21:30:03'),
(36, 'neutral', 'hope, anxiety', 0.73, 'v1.2.0', '2025-10-24 11:50:06'),
(37, 'negative', 'hope, anxiety', 0.86, 'v1.2.0', '2025-08-01 03:04:36'),
(38, 'negative', 'hope, anxiety', 0.93, 'v1.2.0', '2025-10-15 03:27:04'),
(39, 'negative', 'hope, anxiety', 0.68, 'v1.2.0', '2025-10-04 20:57:16'),
(40, 'negative', 'stress, frustration', 0.79, 'v1.2.0', '2025-10-13 16:50:45'),
(41, 'positive', 'sadness, anxiety', 0.79, 'v1.2.0', '2025-10-16 08:07:18'),
(42, 'negative', 'hope, anxiety', 0.71, 'v1.2.0', '2025-10-19 04:24:28'),
(43, 'mixed', 'sadness, anxiety', 0.93, 'v1.2.0', '2025-10-19 04:13:01'),
(44, 'positive', 'hope, anxiety', 0.71, 'v1.2.0', '2025-08-02 22:43:38'),
(45, 'negative', 'neutral, calm', 0.81, 'v1.2.0', '2025-10-26 19:52:00'),
(46, 'negative', 'hope, anxiety', 0.74, 'v1.2.0', '2025-09-10 05:08:55'),
(47, 'positive', 'neutral, calm', 0.85, 'v1.2.0', '2025-10-21 18:48:27'),
(48, 'negative', 'hope, anxiety', 0.79, 'v1.2.0', '2025-08-07 05:33:24'),
(49, 'neutral', 'stress, frustration', 0.87, 'v1.2.0', '2025-10-16 22:23:38'),
(50, 'positive', 'hope, anxiety', 0.9, 'v1.2.0', '2025-07-08 07:48:51'),
(51, 'negative', 'joy, relief', 0.69, 'v1.2.0', '2025-09-11 22:22:16'),
(52, 'negative', 'hope, anxiety', 0.93, 'v1.2.0', '2025-10-13 08:39:18'),
(53, 'neutral', 'sadness, anxiety', 0.91, 'v1.2.0', '2025-09-06 05:12:58'),
(54, 'neutral', 'stress, frustration', 0.9, 'v1.2.0', '2025-08-02 14:31:46'),
(55, 'negative', 'joy, relief', 0.77, 'v1.2.0', '2025-10-17 05:50:06'),
(56, 'negative', 'sadness, anxiety', 0.84, 'v1.2.0', '2025-08-30 15:01:22'),
(57, 'neutral', 'neutral, calm', 0.84, 'v1.2.0', '2025-10-26 20:16:51'),
(58, 'negative', 'neutral, calm', 0.79, 'v1.2.0', '2025-09-06 00:06:31'),
(59, 'negative', 'stress, frustration', 0.87, 'v1.2.0', '2025-10-10 05:32:31'),
(60, 'negative', 'joy, relief', 0.85, 'v1.2.0', '2025-09-12 12:57:44'),
(61, 'negative', 'sadness, anxiety', 0.96, 'v1.2.0', '2025-10-15 01:53:14'),
(62, 'neutral', 'joy, relief', 0.62, 'v1.2.0', '2025-08-12 03:10:48'),
(63, 'negative', 'stress, frustration', 0.82, 'v1.2.0', '2025-09-20 07:38:14'),
(64, 'negative', 'hope, anxiety', 0.91, 'v1.2.0', '2025-08-10 19:14:03'),
(65, 'negative', 'hope, anxiety', 0.88, 'v1.2.0', '2025-10-21 10:51:32'),
(66, 'positive', 'joy, relief', 0.94, 'v1.2.0', '2025-07-07 09:54:33'),
(67, 'negative', 'hope, anxiety', 0.76, 'v1.2.0', '2025-09-07 13:21:32'),
(68, 'negative', 'neutral, calm', 0.85, 'v1.2.0', '2025-10-04 10:22:25'),
(69, 'neutral', 'hope, anxiety', 0.83, 'v1.2.0', '2025-10-08 23:10:31'),
(70, 'negative', 'stress, frustration', 0.7, 'v1.2.0', '2025-10-14 22:23:11'),
(71, 'negative', 'hope, anxiety', 0.66, 'v1.2.0', '2025-10-24 20:08:02'),
(72, 'neutral', 'neutral, calm', 0.74, 'v1.2.0', '2025-10-26 03:47:03'),
(73, 'positive', 'sadness, anxiety', 0.62, 'v1.2.0', '2025-08-19 14:16:15'),
(74, 'negative', 'stress, frustration', 0.75, 'v1.2.0', '2025-10-22 13:50:44'),
(75, 'mixed', 'neutral, calm', 0.93, 'v1.2.0', '2025-08-02 06:25:48'),
(76, 'negative', 'joy, relief', 0.92, 'v1.2.0', '2025-08-30 04:34:26'),
(77, 'positive', 'neutral, calm', 0.98, 'v1.2.0', '2025-10-13 06:50:52'),
(78, 'negative', 'hope, anxiety', 0.86, 'v1.2.0', '2025-08-11 14:25:43'),
(79, 'negative', 'hope, anxiety', 0.95, 'v1.2.0', '2025-07-22 23:02:49'),
(80, 'negative', 'hope, anxiety', 0.8, 'v1.2.0', '2025-07-04 14:39:08'),
(81, 'negative', 'hope, anxiety', 0.66, 'v1.2.0', '2025-10-04 10:52:17'),
(82, 'positive', 'hope, anxiety', 0.64, 'v1.2.0', '2025-09-20 07:34:52'),
(83, 'positive', 'stress, frustration', 0.91, 'v1.2.0', '2025-07-06 12:53:35'),
(84, 'negative', 'joy, relief', 0.67, 'v1.2.0', '2025-10-14 18:52:36'),
(85, 'mixed', 'stress, frustration', 0.84, 'v1.2.0', '2025-10-20 12:49:43'),
(86, 'negative', 'joy, relief', 0.88, 'v1.2.0', '2025-10-24 00:39:52'),
(87, 'negative', 'neutral, calm', 0.79, 'v1.2.0', '2025-08-17 02:20:54'),
(88, 'positive', 'hope, anxiety', 0.8, 'v1.2.0', '2025-10-13 18:39:32'),
(89, 'mixed', 'joy, relief', 0.71, 'v1.2.0', '2025-08-30 05:05:24'),
(90, 'neutral', 'neutral, calm', 0.71, 'v1.2.0', '2025-10-23 00:29:39'),
(91, 'negative', 'joy, relief', 0.78, 'v1.2.0', '2025-10-30 15:39:09'),
(92, 'neutral', 'sadness, anxiety', 0.97, 'v1.2.0', '2025-07-20 16:13:28'),
(93, 'neutral', 'neutral, calm', 0.66, 'v1.2.0', '2025-10-16 19:30:44'),
(94, 'neutral', 'joy, relief', 0.66, 'v1.2.0', '2025-10-14 03:28:35'),
(95, 'neutral', 'stress, frustration', 0.8, 'v1.2.0', '2025-10-15 17:53:17'),
(96, 'negative', 'sadness, anxiety', 0.94, 'v1.2.0', '2025-10-19 00:38:31'),
(97, 'positive', 'hope, anxiety', 0.67, 'v1.2.0', '2025-08-14 06:49:20'),
(98, 'positive', 'hope, anxiety', 0.61, 'v1.2.0', '2025-10-15 10:34:00'),
(99, 'neutral', 'joy, relief', 0.73, 'v1.2.0', '2025-07-11 02:28:19'),
(100, 'positive', 'stress, frustration', 0.85, 'v1.2.0', '2025-08-19 21:39:38'),
(101, 'negative', 'hope, anxiety', 0.64, 'v1.2.0', '2025-10-18 23:49:38'),
(102, 'positive', 'neutral, calm', 0.94, 'v1.2.0', '2025-09-15 12:18:05'),
(103, 'positive', 'neutral, calm', 0.63, 'v1.2.0', '2025-10-15 13:18:19'),
(104, 'neutral', 'neutral, calm', 0.95, 'v1.2.0', '2025-09-03 04:38:26'),
(105, 'negative', 'joy, relief', 0.66, 'v1.2.0', '2025-08-29 06:39:57'),
(106, 'mixed', 'sadness, anxiety', 0.79, 'v1.2.0', '2025-07-08 18:29:24'),
(107, 'negative', 'hope, anxiety', 0.84, 'v1.2.0', '2025-10-25 12:35:14'),
(108, 'neutral', 'joy, relief', 0.75, 'v1.2.0', '2025-09-19 01:01:56'),
(109, 'mixed', 'joy, relief', 0.78, 'v1.2.0', '2025-09-06 16:20:39'),
(110, 'negative', 'joy, relief', 0.88, 'v1.2.0', '2025-07-24 11:12:19'),
(111, 'positive', 'hope, anxiety', 0.87, 'v1.2.0', '2025-10-23 06:37:33'),
(112, 'negative', 'sadness, anxiety', 0.61, 'v1.2.0', '2025-10-15 13:43:03'),
(113, 'mixed', 'sadness, anxiety', 0.73, 'v1.2.0', '2025-10-25 20:46:28'),
(114, 'neutral', 'joy, relief', 0.88, 'v1.2.0', '2025-09-25 13:13:10'),
(115, 'neutral', 'joy, relief', 0.97, 'v1.2.0', '2025-08-05 09:17:46'),
(116, 'negative', 'stress, frustration', 0.63, 'v1.2.0', '2025-10-27 12:05:00'),
(117, 'negative', 'stress, frustration', 0.95, 'v1.2.0', '2025-08-23 05:26:39'),
(118, 'mixed', 'hope, anxiety', 0.79, 'v1.2.0', '2025-07-01 17:09:44'),
(119, 'neutral', 'hope, anxiety', 0.62, 'v1.2.0', '2025-10-25 09:43:46'),
(120, 'neutral', 'neutral, calm', 0.66, 'v1.2.0', '2025-10-23 13:50:21'),
(121, 'negative', 'hope, anxiety', 0.73, 'v1.2.0', '2025-10-13 17:33:01'),
(122, 'positive', 'stress, frustration', 0.77, 'v1.2.0', '2025-09-24 05:17:10'),
(123, 'neutral', 'hope, anxiety', 0.62, 'v1.2.0', '2025-09-17 00:57:28'),
(124, 'positive', 'sadness, anxiety', 0.73, 'v1.2.0', '2025-10-26 21:26:13'),
(125, 'neutral', 'sadness, anxiety', 0.75, 'v1.2.0', '2025-10-22 21:36:28'),
(126, 'negative', 'hope, anxiety', 0.84, 'v1.2.0', '2025-10-13 01:07:09'),
(127, 'negative', 'neutral, calm', 0.85, 'v1.2.0', '2025-10-13 07:53:31'),
(128, 'mixed', 'sadness, anxiety', 0.76, 'v1.2.0', '2025-09-11 11:26:12'),
(129, 'negative', 'joy, relief', 0.84, 'v1.2.0', '2025-10-20 22:25:39'),
(130, 'neutral', 'hope, anxiety', 0.81, 'v1.2.0', '2025-10-21 05:18:51'),
(131, 'positive', 'stress, frustration', 0.67, 'v1.2.0', '2025-09-17 06:20:00'),
(132, 'negative', 'sadness, anxiety', 0.97, 'v1.2.0', '2025-10-14 13:09:59'),
(133, 'neutral', 'stress, frustration', 0.79, 'v1.2.0', '2025-07-16 13:27:28'),
(134, 'positive', 'hope, anxiety', 0.72, 'v1.2.0', '2025-09-30 07:13:01'),
(135, 'neutral', 'sadness, anxiety', 0.69, 'v1.2.0', '2025-08-22 04:40:14'),
(136, 'mixed', 'stress, frustration', 0.66, 'v1.2.0', '2025-09-18 12:31:07'),
(137, 'negative', 'joy, relief', 0.64, 'v1.2.0', '2025-10-27 12:28:00'),
(138, 'negative', 'hope, anxiety', 0.69, 'v1.2.0', '2025-10-10 00:22:45'),
(139, 'neutral', 'stress, frustration', 0.91, 'v1.2.0', '2025-08-05 02:24:00'),
(140, 'negative', 'hope, anxiety', 0.86, 'v1.2.0', '2025-08-07 02:53:23');

-- INSERT emotional_checkin and checkin_sentiment (>=120)
INSERT INTO emotional_checkin (user_id, mood_level, energy_level, stress_level, feel_better, comment, created_at) VALUES
(8,  'Okay',     'Moderate', 'Moderate', 'Same', 'Feeling okay, a little tired after classes.', '2025-07-01 08:15:00'),
(9,  'Anxious',  'Low',      'High Stress', 'No',  'Worried about the upcoming exams.', '2025-07-03 10:22:00'),
(10, 'Great',    'High',     'Low Stress',  'Yes', 'Productive study session today.', '2025-07-05 14:30:00'),
(11, 'Meh',      'Low',      'Moderate',    'Same', 'Could be better, distracted during lectures.', '2025-07-07 09:05:00'),
(12, 'Loved',    'High',     'No Stress',   'Yes', 'Had a good day with friends.', '2025-07-09 18:40:00'),
(13, 'Awesome',  'High',     'Low Stress',  'Yes', 'Motivated to work on projects.', '2025-07-11 07:12:00'),
(14, 'Bad',      'Low',      'Very High Stress','No', 'Struggling with deadlines.', '2025-07-13 20:00:00'),
(15, 'Okay',     'Moderate', 'Moderate',    'Same', 'Nothing special, steady day.', '2025-07-15 11:05:00'),
(16, 'Anxious',  'Moderate', 'High Stress', 'No',  'Overwhelmed by assignments.', '2025-07-17 22:10:00'),
(17, 'Great',    'High',     'Low Stress',  'Yes', 'Got positive feedback from teacher.', '2025-07-19 08:30:00'),
(18, 'Meh',      'Low',      'Moderate',    'Same', 'Low energy today.', '2025-07-21 13:20:00'),
(19, 'Okay',     'Moderate', 'Low Stress',  'Yes', 'Finished a task that helped.', '2025-07-23 09:45:00'),
(20, 'Anxious',  'Low',      'High Stress', 'No',  'Group project conflicts stressing me out.', '2025-07-25 20:12:00'),
(21, 'Great',    'High',     'Low Stress',  'Yes', 'Had a restful weekend.', '2025-07-27 07:55:00'),
(22, 'Awesome',  'High',     'No Stress',   'Yes', 'Feeling energized and focused.', '2025-07-29 16:40:00'),
(23, 'Meh',      'Low',      'Moderate',    'Same', 'Mixed emotions today.', '2025-07-31 12:00:00'),
(24, 'Upset',    'Low',      'Very High Stress','No', 'Bad news from family.', '2025-08-02 21:30:00'),
(25, 'Okay',     'Moderate', 'Low Stress',  'Yes', 'Managed to complete readings.', '2025-08-04 10:10:00'),
(26, 'Anxious',  'Low',      'High Stress', 'No',  'Exam review is stressful.', '2025-08-06 18:25:00'),
(27, 'Great',    'High',     'Low Stress',  'Yes', 'Good study group session.', '2025-08-08 14:50:00'),
(28, 'Okay',     'Moderate', 'Moderate',    'Same', 'Average day', '2025-08-10 09:40:00'),
(29, 'Meh',      'Low',      'Moderate',    'No',  'Low motivation today.', '2025-08-12 07:30:00'),
(30, 'Awesome',  'High',     'No Stress',   'Yes', 'Completed a milestone.', '2025-08-14 19:15:00'),
(31, 'Anxious',  'Moderate', 'High Stress', 'No',  'Tight deadlines this week.', '2025-08-16 22:05:00'),
(32, 'Great',    'High',     'Low Stress',  'Yes', 'Feeling optimistic about projects.', '2025-08-18 11:11:00'),
(33, 'Okay',     'Moderate', 'Moderate',    'Same', 'Normal day of classes.', '2025-08-20 08:08:00'),
(34, 'Meh',      'Low',      'Moderate',    'No',  'Need better sleep schedule.', '2025-08-22 23:45:00'),
(35, 'Anxious',  'Low',      'High Stress', 'No',  'Worried about internship interviews.', '2025-08-24 15:30:00'),
(36, 'Loved',    'High',     'Low Stress',  'Yes', 'Supportive friend group today.', '2025-08-26 10:00:00'),
(37, 'Okay',     'Moderate', 'Moderate',    'Same', 'Just getting through the day.', '2025-08-28 17:20:00'),
(38, 'Great',    'High',     'Low Stress',  'Yes', 'Productive coding session.', '2025-08-30 13:13:00'),
(39, 'Meh',      'Low',      'Moderate',    'Same', 'Distracted in lectures.', '2025-09-01 09:30:00'),
(40, 'Upset',    'Low',      'Very High Stress','No', 'Argument at home.', '2025-09-03 20:05:00'),
(41, 'Okay',     'Moderate', 'Low Stress',  'Yes', 'Completed a small goal.', '2025-09-05 07:45:00'),
(42, 'Anxious',  'Low',      'High Stress', 'No',  'Tension with group mates.', '2025-09-07 18:00:00'),
(43, 'Bad',      'Low',      'Very High Stress','No', 'Feeling overwhelmed.', '2025-09-09 21:10:00'),
(44, 'Great',    'High',     'Low Stress',  'Yes', 'Attended a helpful workshop.', '2025-09-11 12:30:00'),
(45, 'Okay',     'Moderate', 'Moderate',    'Same', 'Steady progress.', '2025-09-13 08:28:00'),
(46, 'Anxious',  'Low',      'High Stress', 'No',  'Stress about family matters.', '2025-09-15 19:05:00'),
(47, 'Loved',    'High',     'Low Stress',  'Yes', 'Had a meaningful conversation.', '2025-09-17 14:44:00'),
(48, 'Meh',      'Low',      'Moderate',    'Same', 'Low energy, but pushed through.', '2025-09-19 11:55:00'),
(49, 'Okay',     'Moderate', 'Low Stress',  'Yes', 'Minor wins today.', '2025-09-21 16:20:00'),
(50, 'Anxious',  'Low',      'High Stress', 'No',  'Upcoming presentation worries.', '2025-09-23 09:01:00'),
(51, 'Great',    'High',     'No Stress',   'Yes', 'Good mentoring session.', '2025-09-25 18:30:00'),
(52, 'Meh',      'Low',      'Moderate',    'Same', 'Indifferent mood.', '2025-09-27 07:00:00'),
(53, 'Okay',     'Moderate', 'Moderate',    'Same', 'Normal day.', '2025-09-29 13:45:00'),
(54, 'Anxious',  'Low',      'High Stress', 'No',  'Exam season stress.', '2025-10-01 20:10:00'),
(55, 'Great',    'High',     'Low Stress',  'Yes', 'Completed a long task.', '2025-10-03 09:40:00'),
(56, 'Meh',      'Low',      'Moderate',    'Same', 'Could be more productive.', '2025-10-05 12:12:00'),
(57, 'Okay',     'Moderate', 'Low Stress',  'Yes', 'Slept better last night.', '2025-10-07 06:50:00'),
(58, 'Anxious',  'Low',      'High Stress', 'No',  'Financial worries building up.', '2025-10-09 22:15:00'),
(59, 'Loved',    'High',     'No Stress',   'Yes', 'Felt supported by friends.', '2025-10-11 15:00:00'),
(60, 'Meh',      'Low',      'Moderate',    'Same', 'Not much energy today.', '2025-10-13 08:25:00'),
(61, 'Okay',     'Moderate', 'Moderate',    'Same', 'Steady pace.', '2025-10-15 14:05:00'),
(62, 'Anxious',  'Low',      'High Stress', 'No',  'Feeling strained about deadlines.', '2025-10-17 19:40:00'),
(63, 'Great',    'High',     'Low Stress',  'Yes', 'Motivated and inspired.', '2025-10-19 11:11:00'),
(64, 'Meh',      'Low',      'Moderate',    'Same', 'Busy but okay.', '2025-10-21 09:09:00'),
(65, 'Okay',     'Moderate', 'Low Stress',  'Yes', 'Small improvements all week.', '2025-10-23 16:22:00'),
(66, 'Anxious',  'Low',      'High Stress', 'No',  'Conflict with roommate.', '2025-10-25 20:05:00'),
(67, 'Great',    'High',     'Low Stress',  'Yes', 'Feeling accomplished.', '2025-10-27 07:30:00'),
(68, 'Meh',      'Low',      'Moderate',    'Same', 'Blah day.', '2025-10-29 13:13:00'),
(69, 'Okay',     'Moderate', 'Low Stress',  'Yes', 'Finished readings ahead of time.', '2025-10-31 08:00:00'),
(70, 'Anxious',  'Low',      'High Stress', 'No',  'Group workload concerns.', '2025-11-02 21:20:00'),
(71, 'Great',    'High',     'Low Stress',  'Yes', 'Mentor meeting was encouraging.', '2025-11-04 10:10:00'),
(72, 'Meh',      'Low',      'Moderate',    'Same', 'Average mood.', '2025-11-06 12:12:00'),
(73, 'Okay',     'Moderate', 'Moderate',    'Same', 'Got some items done.', '2025-11-08 15:05:00'),
(74, 'Anxious',  'Low',      'High Stress', 'No',  'Workload increased this week.', '2025-11-10 18:55:00'),
(75, 'Great',    'High',     'No Stress',   'Yes', 'Delivered a presentation successfully.', '2025-11-12 09:40:00'),
(76, 'Meh',      'Low',      'Moderate',    'Same', 'Need better routine.', '2025-11-14 07:20:00'),
(77, 'Okay',     'Moderate', 'Low Stress',  'Yes', 'Small improvements in mood.', '2025-11-16 16:30:00'),
(78, 'Anxious',  'Low',      'High Stress', 'No',  'Health concerns bothering me.', '2025-11-18 20:45:00'),
(79, 'Great',    'High',     'Low Stress',  'Yes', 'Good social interactions today.', '2025-11-20 11:11:00'),
(80, 'Meh',      'Low',      'Moderate',    'Same', 'Lazy afternoon.', '2025-11-22 13:33:00'),
(81, 'Okay',     'Moderate', 'Low Stress',  'Yes', 'Managed time well today.', '2025-11-24 09:22:00'),
(82, 'Anxious',  'Low',      'High Stress', 'No',  'Stressed about final submissions.', '2025-11-26 23:05:00'),
(83, 'Great',    'High',     'Low Stress',  'Yes', 'Excited for next steps.', '2025-11-28 08:08:00'),
(84, 'Meh',      'Low',      'Moderate',    'Same', 'Tired and unmotivated.', '2025-11-30 19:00:00');

INSERT INTO checkin_sentiment (checkin_id, sentiment, emotions, confidence, model_version, analyzed_at) VALUES
(1, 'negative', 'neutral, thoughtful', 0.79, 'v1.2.0', '2025-07-06 18:34:07'),
(2, 'neutral', 'sadness, worry', 0.75, 'v1.2.0', '2025-09-18 02:54:22'),
(3, 'positive', 'neutral, thoughtful', 0.78, 'v1.2.0', '2025-10-26 08:22:15'),
(4, 'neutral', 'calm, relief', 0.81, 'v1.2.0', '2025-10-20 13:21:28'),
(5, 'neutral', 'anxiety, stress', 0.79, 'v1.2.0', '2025-09-06 17:12:22'),
(6, 'mixed', 'sadness, worry', 0.6, 'v1.2.0', '2025-09-17 15:35:11'),
(7, 'mixed', 'anxiety, stress', 0.88, 'v1.2.0', '2025-09-12 02:09:56'),
(8, 'negative', 'neutral, thoughtful', 0.98, 'v1.2.0', '2025-10-19 03:32:08'),
(9, 'neutral', 'sadness, worry', 0.78, 'v1.2.0', '2025-09-07 11:25:08'),
(10, 'neutral', 'anxiety, stress', 0.77, 'v1.2.0', '2025-10-16 12:27:00'),
(11, 'negative', 'sadness, worry', 0.96, 'v1.2.0', '2025-08-08 07:34:06'),
(12, 'mixed', 'anxiety, stress', 0.68, 'v1.2.0', '2025-10-23 01:00:15'),
(13, 'positive', 'anxiety, stress', 0.82, 'v1.2.0', '2025-08-23 03:52:49'),
(14, 'positive', 'calm, relief', 0.61, 'v1.2.0', '2025-10-17 01:47:38'),
(15, 'positive', 'sadness, worry', 0.72, 'v1.2.0', '2025-10-24 20:30:53'),
(16, 'positive', 'anxiety, stress', 0.89, 'v1.2.0', '2025-10-06 01:59:07'),
(17, 'negative', 'anxiety, stress', 0.93, 'v1.2.0', '2025-09-09 18:54:20'),
(18, 'neutral', 'anxiety, stress', 0.89, 'v1.2.0', '2025-08-16 02:58:12'),
(19, 'positive', 'anxiety, stress', 0.63, 'v1.2.0', '2025-10-21 10:10:25'),
(20, 'neutral', 'neutral, thoughtful', 0.93, 'v1.2.0', '2025-07-27 09:50:49'),
(21, 'neutral', 'calm, relief', 0.7, 'v1.2.0', '2025-10-23 05:42:03'),
(22, 'positive', 'neutral, thoughtful', 0.86, 'v1.2.0', '2025-10-22 09:46:17'),
(23, 'mixed', 'anxiety, stress', 0.75, 'v1.2.0', '2025-09-12 14:48:37'),
(24, 'positive', 'calm, relief', 0.85, 'v1.2.0', '2025-08-02 12:20:40'),
(25, 'mixed', 'calm, relief', 0.86, 'v1.2.0', '2025-10-01 17:05:02'),
(26, 'negative', 'sadness, worry', 0.88, 'v1.2.0', '2025-08-10 07:03:03'),
(27, 'neutral', 'anxiety, stress', 0.76, 'v1.2.0', '2025-10-15 22:44:38'),
(28, 'positive', 'sadness, worry', 0.97, 'v1.2.0', '2025-10-23 22:35:44'),
(29, 'positive', 'neutral, thoughtful', 0.7, 'v1.2.0', '2025-10-22 03:19:35'),
(30, 'neutral', 'sadness, worry', 0.63, 'v1.2.0', '2025-10-22 08:39:20'),
(31, 'positive', 'calm, relief', 0.89, 'v1.2.0', '2025-10-14 13:34:23'),
(32, 'mixed', 'sadness, worry', 0.87, 'v1.2.0', '2025-10-24 01:01:28'),
(33, 'neutral', 'sadness, worry', 0.79, 'v1.2.0', '2025-10-16 05:53:02'),
(34, 'mixed', 'anxiety, stress', 0.8, 'v1.2.0', '2025-09-17 10:55:46'),
(35, 'negative', 'calm, relief', 0.63, 'v1.2.0', '2025-07-16 08:42:47'),
(36, 'negative', 'sadness, worry', 0.62, 'v1.2.0', '2025-10-23 06:49:21'),
(37, 'negative', 'sadness, worry', 0.81, 'v1.2.0', '2025-07-02 09:12:54'),
(38, 'mixed', 'calm, relief', 0.62, 'v1.2.0', '2025-10-20 22:02:11'),
(39, 'mixed', 'sadness, worry', 0.6, 'v1.2.0', '2025-09-29 00:39:19'),
(40, 'positive', 'anxiety, stress', 0.62, 'v1.2.0', '2025-09-04 04:05:43'),
(41, 'neutral', 'calm, relief', 0.88, 'v1.2.0', '2025-10-27 12:04:00'),
(42, 'positive', 'sadness, worry', 0.65, 'v1.2.0', '2025-10-16 10:41:08'),
(43, 'positive', 'anxiety, stress', 0.88, 'v1.2.0', '2025-09-21 12:57:02'),
(44, 'negative', 'calm, relief', 0.73, 'v1.2.0', '2025-08-13 03:23:28'),
(45, 'negative', 'anxiety, stress', 0.82, 'v1.2.0', '2025-09-12 04:53:34'),
(46, 'negative', 'neutral, thoughtful', 0.61, 'v1.2.0', '2025-10-13 11:55:05'),
(47, 'neutral', 'neutral, thoughtful', 0.88, 'v1.2.0', '2025-10-26 13:02:04'),
(48, 'positive', 'calm, relief', 0.83, 'v1.2.0', '2025-07-08 16:08:27'),
(49, 'positive', 'sadness, worry', 0.92, 'v1.2.0', '2025-07-29 08:12:18'),
(50, 'positive', 'neutral, thoughtful', 0.79, 'v1.2.0', '2025-10-21 01:31:38'),
(51, 'mixed', 'sadness, worry', 0.72, 'v1.2.0', '2025-10-17 21:35:59'),
(52, 'positive', 'neutral, thoughtful', 0.84, 'v1.2.0', '2025-10-16 05:57:44'),
(53, 'neutral', 'calm, relief', 0.8, 'v1.2.0', '2025-10-12 05:27:35'),
(54, 'positive', 'calm, relief', 0.74, 'v1.2.0', '2025-07-02 02:19:40'),
(55, 'positive', 'sadness, worry', 0.71, 'v1.2.0', '2025-10-22 09:46:09'),
(56, 'positive', 'anxiety, stress', 0.6, 'v1.2.0', '2025-10-16 16:05:51'),
(57, 'neutral', 'anxiety, stress', 0.65, 'v1.2.0', '2025-09-30 08:55:35'),
(58, 'mixed', 'calm, relief', 0.91, 'v1.2.0', '2025-10-14 15:47:53'),
(59, 'positive', 'anxiety, stress', 0.91, 'v1.2.0', '2025-07-16 10:53:29'),
(60, 'negative', 'sadness, worry', 0.74, 'v1.2.0', '2025-09-16 09:21:06'),
(61, 'positive', 'sadness, worry', 0.61, 'v1.2.0', '2025-09-23 09:53:37'),
(62, 'negative', 'sadness, worry', 0.76, 'v1.2.0', '2025-07-15 13:59:50'),
(63, 'mixed', 'sadness, worry', 0.63, 'v1.2.0', '2025-10-17 18:53:24'),
(64, 'negative', 'calm, relief', 0.84, 'v1.2.0', '2025-10-31 18:08:39'),
(65, 'neutral', 'anxiety, stress', 0.88, 'v1.2.0', '2025-10-31 17:01:02'),
(66, 'neutral', 'anxiety, stress', 0.65, 'v1.2.0', '2025-08-03 17:49:58'),
(67, 'neutral', 'calm, relief', 0.8, 'v1.2.0', '2025-10-28 13:57:00'),
(68, 'negative', 'calm, relief', 0.77, 'v1.2.0', '2025-09-10 08:17:01'),
(69, 'positive', 'neutral, thoughtful', 0.8, 'v1.2.0', '2025-10-19 00:47:46'),
(70, 'neutral', 'calm, relief', 0.88, 'v1.2.0', '2025-08-18 09:19:08'),
(71, 'neutral', 'neutral, thoughtful', 0.84, 'v1.2.0', '2025-10-30 19:22:16'),
(72, 'neutral', 'anxiety, stress', 0.87, 'v1.2.0', '2025-10-13 02:03:32'),
(73, 'mixed', 'neutral, thoughtful', 0.77, 'v1.2.0', '2025-09-25 13:13:41'),
(74, 'negative', 'anxiety, stress', 0.81, 'v1.2.0', '2025-10-31 13:37:14'),
(75, 'mixed', 'calm, relief', 0.61, 'v1.2.0', '2025-10-25 16:24:10'),
(76, 'neutral', 'anxiety, stress', 0.74, 'v1.2.0', '2025-10-16 00:43:00'),
(77, 'negative', 'sadness, worry', 0.65, 'v1.2.0', '2025-10-13 01:37:51');


-- resource_log (12)
INSERT INTO resource_log (title, content, category, created_at) VALUES
('Time Management Tips', 'Mga practical na tips para hindi ma-procrastinate.', 'article', '2025-10-22 14:46:05'),
('Breathing Exercise Guide', 'Step-by-step breathing exercise para sa anxiety.', 'article', '2025-10-19 23:10:09'),
('Campus Wellness Workshop', 'Workshop schedule for stress management.', 'workshop', '2025-09-24 07:39:38'),
('Financial Aid Form', 'Form para sa emergency financial aid application.', 'form', '2025-09-13 14:47:37'),
('Helpline 24/7', 'Philippine helpline for crisis: 0917-123-4567.', 'article', '2025-10-18 15:59:51'),
('Study Planner Template', 'Downloadable study planner (PDF).', 'form', '2025-09-30 20:41:05'),
('Mindfulness Session', 'Weekly guided mindfulness session.', 'workshop', '2025-10-14 04:41:57'),
('Sleep Hygiene Tips', 'Tips para sa better sleep hygiene.', 'article', '2025-10-29 05:44:47'),
('Counseling Consent Form', 'Form needed before counseling sessions.', 'form', '2025-10-14 14:46:46'),
('Peer Support Group', 'Info about peer support meetings.', 'article', '2025-10-31 09:50:27'),
('Career Counseling Tips', 'Paano ihanda resume at interview.', 'article', '2025-10-18 10:01:59'),
('Exam Prep Workshop', 'Workshop schedule para sa exam prep.', 'workshop', '2025-07-30 10:56:26');

-- user_activities (~220)
INSERT INTO user_activities (user_id, action, target_type, target_id, started_at, ended_at, duration_seconds) VALUES
(55, 'viewed_resource', 'survey', 25, '2025-10-17 23:12:34', '2025-10-18 00:04:01', 3087),
(80, 'completed_survey', 'survey', 40, '2025-10-16 14:47:21', '2025-10-16 14:52:57', 336),
(48, 'completed_survey', 'conversation', 14, '2025-09-29 03:07:46', '2025-09-29 03:08:09', 23),
(101, 'downloaded_form', 'resource', 13, '2025-09-19 07:32:28', '2025-09-19 07:46:12', 824),
(76, 'completed_survey', 'form', 17, '2025-10-04 09:18:13', '2025-10-04 09:43:37', 1524),
(62, 'viewed_resource', 'survey', 54, '2025-10-25 16:29:42', '2025-10-25 16:39:54', 612),
(41, 'completed_survey', 'resource', 40, '2025-10-13 03:51:30', '2025-10-13 04:43:32', 3122),
(101, 'started_chat', 'survey', 9, '2025-08-01 20:50:27', '2025-08-01 21:41:18', 3051),
(110, 'completed_survey', 'resource', 54, '2025-10-13 09:35:34', '2025-10-13 10:21:26', 2752),
(101, 'completed_survey', 'form', 34, '2025-10-18 09:57:29', '2025-10-18 10:44:14', 2805),
(51, 'viewed_resource', 'form', 90, '2025-10-23 21:52:19', '2025-10-23 22:46:21', 3242),
(17, 'completed_survey', 'survey', 13, '2025-10-09 15:28:23', '2025-10-09 16:05:51', 2248),
(83, 'bookmarked_resource', 'form', 87, '2025-09-09 14:06:07', '2025-09-09 14:34:16', 1689),
(67, 'downloaded_form', 'conversation', 11, '2025-10-17 16:03:37', '2025-10-17 16:36:38', 1981),
(84, 'viewed_resource', 'conversation', 51, '2025-10-25 00:24:59', '2025-10-25 01:10:11', 2712),
(96, 'started_chat', 'resource', 28, '2025-09-07 22:54:01', '2025-09-07 23:27:07', 1986),
(60, 'viewed_resource', 'conversation', 2, '2025-10-18 01:29:28', '2025-10-18 01:42:52', 804),
(84, 'bookmarked_resource', 'conversation', 46, '2025-10-03 14:08:30', '2025-10-03 14:50:08', 2498),
(103, 'started_chat', 'conversation', 86, '2025-07-31 22:43:28', '2025-07-31 23:17:15', 2027),
(6, 'downloaded_form', 'survey', 84, '2025-07-13 01:04:48', '2025-07-13 01:32:15', 1647),
(93, 'downloaded_form', 'survey', 85, '2025-10-19 08:11:37', '2025-10-19 08:21:09', 572),
(102, 'downloaded_form', 'form', 80, '2025-10-28 12:00:00', '2025-10-28 12:37:20', 2240),
(91, 'bookmarked_resource', 'survey', 63, '2025-10-05 09:04:53', '2025-10-05 09:17:39', 766),
(85, 'started_chat', 'conversation', 75, '2025-09-14 06:04:06', '2025-09-14 06:12:12', 486),
(7, 'downloaded_form', 'conversation', 60, '2025-10-27 12:00:00', '2025-10-27 12:05:33', 333),
(63, 'completed_survey', 'form', 85, '2025-10-17 14:45:37', '2025-10-17 15:18:15', 1958),
(48, 'started_chat', 'form', 40, '2025-10-07 02:15:44', '2025-10-07 02:41:30', 1546),
(56, 'bookmarked_resource', 'conversation', 71, '2025-10-25 01:06:13', '2025-10-25 01:35:37', 1764),
(22, 'completed_survey', 'form', 48, '2025-10-19 19:08:22', '2025-10-19 19:20:41', 739),
(68, 'completed_survey', 'conversation', 45, '2025-09-01 13:40:16', '2025-09-01 14:14:36', 2060),
(59, 'downloaded_form', 'form', 81, '2025-09-23 06:33:02', '2025-09-23 07:03:53', 1851),
(33, 'bookmarked_resource', 'conversation', 74, '2025-10-24 23:15:03', '2025-10-24 23:30:28', 925),
(45, 'started_chat', 'survey', 35, '2025-10-20 03:27:31', '2025-10-20 04:09:09', 2498),
(29, 'completed_survey', 'conversation', 40, '2025-10-15 02:35:01', '2025-10-15 03:32:50', 3469),
(105, 'downloaded_form', 'survey', 19, '2025-08-11 10:14:52', '2025-08-11 10:43:58', 1746),
(112, 'bookmarked_resource', 'survey', 1, '2025-07-15 06:42:23', '2025-07-15 07:20:30', 2287),
(97, 'downloaded_form', 'survey', 83, '2025-10-13 07:38:11', '2025-10-13 08:05:31', 1640),
(60, 'bookmarked_resource', 'form', 83, '2025-10-20 17:41:19', '2025-10-20 18:37:45', 3386),
(95, 'started_chat', 'resource', 26, '2025-10-27 12:00:00', '2025-10-27 12:38:55', 2335),
(57, 'viewed_resource', 'form', 19, '2025-08-16 20:20:35', '2025-08-16 20:54:35', 2040),
(110, 'started_chat', 'resource', 82, '2025-09-01 13:49:54', '2025-09-01 13:54:16', 262),
(35, 'bookmarked_resource', 'survey', 87, '2025-10-22 04:37:06', '2025-10-22 04:42:39', 333),
(85, 'started_chat', 'conversation', 53, '2025-09-09 19:49:59', '2025-09-09 19:56:13', 374),
(111, 'completed_survey', 'survey', 77, '2025-10-24 00:26:06', '2025-10-24 01:12:33', 2787),
(82, 'bookmarked_resource', 'resource', 36, '2025-10-09 23:45:54', '2025-10-10 00:07:12', 1278),
(100, 'completed_survey', 'form', 73, '2025-07-02 11:44:46', '2025-07-02 11:52:15', 449),
(72, 'bookmarked_resource', 'survey', 71, '2025-10-28 12:00:00', '2025-10-28 12:25:53', 1553),
(25, 'completed_survey', 'survey', 26, '2025-10-20 01:41:26', '2025-10-20 02:11:41', 1815),
(112, 'completed_survey', 'resource', 51, '2025-10-11 12:56:58', '2025-10-11 13:41:15', 2657),
(49, 'bookmarked_resource', 'form', 83, '2025-10-28 12:00:00', '2025-10-28 12:07:23', 443),
(93, 'downloaded_form', 'resource', 65, '2025-08-22 03:52:38', '2025-08-22 04:17:11', 1473),
(74, 'downloaded_form', 'conversation', 59, '2025-09-21 05:55:01', '2025-09-21 06:07:54', 773),
(50, 'downloaded_form', 'form', 4, '2025-07-10 08:15:54', '2025-07-10 09:03:24', 2850),
(63, 'started_chat', 'form', 34, '2025-10-20 12:50:33', '2025-10-20 13:18:37', 1684),
(19, 'viewed_resource', 'form', 3, '2025-10-27 12:00:00', '2025-10-27 12:34:06', 2046),
(59, 'started_chat', 'resource', 34, '2025-10-13 05:10:19', '2025-10-13 05:12:43', 144),
(93, 'started_chat', 'resource', 25, '2025-10-13 22:30:18', '2025-10-13 22:36:46', 388),
(116, 'downloaded_form', 'resource', 67, '2025-07-02 05:20:21', '2025-07-02 06:11:11', 3050),
(65, 'bookmarked_resource', 'conversation', 77, '2025-09-02 11:55:06', '2025-09-02 12:12:03', 1017),
(46, 'completed_survey', 'form', 74, '2025-10-10 17:51:33', '2025-10-10 18:09:02', 1049),
(104, 'downloaded_form', 'survey', 51, '2025-10-26 00:41:42', '2025-10-26 01:15:46', 2044),
(11, 'started_chat', 'survey', 78, '2025-07-13 22:42:49', '2025-07-13 23:10:19', 1650),
(18, 'bookmarked_resource', 'survey', 59, '2025-10-15 21:29:03', '2025-10-15 21:42:38', 815),
(68, 'started_chat', 'conversation', 43, '2025-10-27 12:00:00', '2025-10-27 12:11:56', 716),
(50, 'started_chat', 'form', 37, '2025-10-17 03:44:41', '2025-10-17 04:30:28', 2747),
(50, 'completed_survey', 'resource', 29, '2025-10-11 01:10:12', '2025-10-11 01:38:40', 1708),
(111, 'bookmarked_resource', 'form', 85, '2025-09-20 11:09:04', '2025-09-20 11:28:17', 1153),
(40, 'viewed_resource', 'resource', 75, '2025-10-24 14:39:37', '2025-10-24 14:43:37', 240),
(94, 'downloaded_form', 'survey', 27, '2025-08-25 10:28:31', '2025-08-25 11:25:14', 3403),
(66, 'bookmarked_resource', 'survey', 54, '2025-07-01 20:22:34', '2025-07-01 20:30:12', 458),
(20, 'bookmarked_resource', 'survey', 55, '2025-08-06 02:09:43', '2025-08-06 02:58:14', 2911),
(85, 'bookmarked_resource', 'conversation', 21, '2025-10-25 11:28:26', '2025-10-25 12:11:35', 2589),
(37, 'downloaded_form', 'resource', 57, '2025-10-27 12:00:00', '2025-10-27 12:56:52', 3412),
(7, 'downloaded_form', 'survey', 31, '2025-09-22 01:30:49', '2025-09-22 02:20:22', 2973),
(18, 'started_chat', 'form', 70, '2025-10-29 07:27:14', '2025-10-29 07:51:10', 1436),
(28, 'completed_survey', 'conversation', 18, '2025-10-24 21:47:46', '2025-10-24 21:51:14', 208),
(72, 'started_chat', 'form', 14, '2025-07-10 12:38:26', '2025-07-10 13:35:45', 3439),
(6, 'completed_survey', 'conversation', 46, '2025-10-28 14:03:37', '2025-10-28 14:28:19', 1482),
(3, 'completed_survey', 'conversation', 85, '2025-07-22 09:47:16', '2025-07-22 10:37:31', 3015),
(116, 'bookmarked_resource', 'conversation', 31, '2025-10-13 20:49:47', '2025-10-13 20:56:13', 386),
(70, 'completed_survey', 'survey', 14, '2025-07-31 23:22:04', '2025-07-31 23:58:07', 2163),
(3, 'viewed_resource', 'conversation', 52, '2025-07-22 14:44:12', '2025-07-22 15:02:07', 1075),
(48, 'completed_survey', 'conversation', 2, '2025-10-21 17:09:32', '2025-10-21 17:32:10', 1358),
(17, 'bookmarked_resource', 'conversation', 72, '2025-09-21 17:22:42', '2025-09-21 17:56:26', 2024),
(27, 'started_chat', 'conversation', 18, '2025-10-09 23:03:17', '2025-10-09 23:29:29', 1572),
(28, 'bookmarked_resource', 'survey', 52, '2025-10-13 20:55:02', '2025-10-13 20:56:34', 92),
(96, 'bookmarked_resource', 'resource', 44, '2025-10-07 21:31:03', '2025-10-07 22:00:56', 1793),
(83, 'downloaded_form', 'conversation', 81, '2025-10-26 22:19:11', '2025-10-26 22:56:00', 2209),
(93, 'started_chat', 'conversation', 62, '2025-09-19 02:16:06', '2025-09-19 03:10:54', 3288),
(87, 'started_chat', 'conversation', 77, '2025-10-24 07:00:08', '2025-10-24 07:53:11', 3183),
(74, 'viewed_resource', 'conversation', 82, '2025-07-22 21:59:52', '2025-07-22 22:25:02', 1510),
(22, 'started_chat', 'survey', 78, '2025-09-28 05:15:25', '2025-09-28 05:19:35', 250),
(67, 'completed_survey', 'conversation', 43, '2025-10-01 10:36:34', '2025-10-01 11:09:59', 2005),
(115, 'downloaded_form', 'form', 43, '2025-10-08 02:34:29', '2025-10-08 03:04:35', 1806),
(71, 'completed_survey', 'conversation', 57, '2025-09-29 07:21:42', '2025-09-29 07:56:17', 2075),
(28, 'viewed_resource', 'conversation', 34, '2025-10-11 08:35:01', '2025-10-11 08:45:00', 599),
(43, 'bookmarked_resource', 'conversation', 48, '2025-10-24 08:38:01', '2025-10-24 09:32:47', 3286),
(63, 'downloaded_form', 'form', 67, '2025-09-14 20:43:11', '2025-09-14 20:45:42', 151),
(38, 'bookmarked_resource', 'survey', 77, '2025-09-03 02:00:41', '2025-09-03 02:46:06', 2725),
(43, 'viewed_resource', 'survey', 78, '2025-10-29 10:16:41', '2025-10-29 11:13:24', 3403),
(33, 'started_chat', 'form', 59, '2025-10-23 15:18:48', '2025-10-23 15:19:17', 29),
(55, 'completed_survey', 'conversation', 44, '2025-09-02 17:27:02', '2025-09-02 17:42:05', 903),
(42, 'downloaded_form', 'resource', 3, '2025-10-19 14:00:54', '2025-10-19 14:33:46', 1972),
(8, 'bookmarked_resource', 'resource', 84, '2025-07-15 08:41:09', '2025-07-15 09:18:23', 2234),
(29, 'viewed_resource', 'form', 64, '2025-10-18 15:26:34', '2025-10-18 16:05:21', 2327),
(10, 'viewed_resource', 'form', 29, '2025-10-29 20:03:27', '2025-10-29 20:04:08', 41),
(22, 'viewed_resource', 'survey', 4, '2025-09-22 18:52:28', '2025-09-22 19:41:43', 2955),
(17, 'completed_survey', 'survey', 22, '2025-10-22 00:14:59', '2025-10-22 00:49:16', 2057),
(46, 'downloaded_form', 'form', 8, '2025-07-17 14:47:42', '2025-07-17 15:07:17', 1175),
(45, 'started_chat', 'resource', 51, '2025-10-25 00:59:15', '2025-10-25 01:23:08', 1433),
(101, 'completed_survey', 'conversation', 65, '2025-10-06 16:09:07', '2025-10-06 17:05:33', 3386),
(35, 'downloaded_form', 'conversation', 8, '2025-10-25 17:13:50', '2025-10-25 17:36:55', 1385),
(106, 'downloaded_form', 'form', 44, '2025-10-19 05:17:57', '2025-10-19 05:27:17', 560),
(82, 'started_chat', 'conversation', 81, '2025-10-15 06:58:52', '2025-10-15 07:49:46', 3054),
(93, 'viewed_resource', 'form', 17, '2025-10-21 08:36:05', '2025-10-21 09:00:28', 1463),
(44, 'completed_survey', 'survey', 69, '2025-09-03 06:22:33', '2025-09-03 06:33:56', 683),
(114, 'viewed_resource', 'form', 36, '2025-08-24 10:50:27', '2025-08-24 11:42:47', 3140),
(25, 'started_chat', 'resource', 63, '2025-10-08 00:19:13', '2025-10-08 01:00:08', 2455),
(80, 'completed_survey', 'survey', 38, '2025-10-28 12:00:00', '2025-10-28 12:20:12', 1212),
(26, 'completed_survey', 'form', 47, '2025-10-13 16:28:45', '2025-10-13 16:50:34', 1309),
(2, 'bookmarked_resource', 'form', 29, '2025-07-24 06:47:27', '2025-07-24 07:26:22', 2335),
(31, 'viewed_resource', 'conversation', 63, '2025-09-07 04:11:07', '2025-09-07 04:26:15', 908),
(57, 'viewed_resource', 'survey', 55, '2025-10-17 18:49:35', '2025-10-17 19:00:58', 683),
(111, 'bookmarked_resource', 'resource', 11, '2025-10-25 16:12:06', '2025-10-25 16:53:10', 2464),
(106, 'bookmarked_resource', 'survey', 80, '2025-09-28 19:48:28', '2025-09-28 20:27:41', 2353),
(68, 'completed_survey', 'conversation', 60, '2025-10-22 00:55:30', '2025-10-22 01:07:46', 736),
(95, 'completed_survey', 'conversation', 85, '2025-07-11 22:32:13', '2025-07-11 22:53:42', 1289),
(76, 'bookmarked_resource', 'form', 24, '2025-07-21 22:45:48', '2025-07-21 22:49:35', 227),
(71, 'downloaded_form', 'survey', 80, '2025-09-02 18:14:42', '2025-09-02 18:46:57', 1935),
(6, 'completed_survey', 'resource', 37, '2025-10-17 22:42:30', '2025-10-17 23:36:41', 3251),
(101, 'started_chat', 'resource', 71, '2025-08-14 04:38:48', '2025-08-14 05:14:18', 2130),
(29, 'started_chat', 'survey', 52, '2025-08-15 01:03:23', '2025-08-15 01:13:45', 622),
(95, 'completed_survey', 'resource', 68, '2025-10-18 07:37:10', '2025-10-18 07:55:33', 1103),
(98, 'completed_survey', 'conversation', 3, '2025-10-16 06:28:23', '2025-10-16 07:21:03', 3160),
(41, 'downloaded_form', 'conversation', 60, '2025-07-05 05:36:38', '2025-07-05 05:45:51', 553),
(102, 'started_chat', 'conversation', 23, '2025-10-08 20:31:31', '2025-10-08 21:06:15', 2084),
(86, 'started_chat', 'survey', 65, '2025-10-15 15:20:24', '2025-10-15 16:18:01', 3457),
(28, 'started_chat', 'conversation', 48, '2025-07-27 21:17:37', '2025-07-27 21:21:06', 209),
(88, 'started_chat', 'conversation', 39, '2025-09-03 22:54:12', '2025-09-03 23:13:42', 1170),
(100, 'started_chat', 'form', 76, '2025-09-18 23:55:50', '2025-09-19 00:47:08', 3078),
(61, 'downloaded_form', 'form', 21, '2025-07-26 00:12:32', '2025-07-26 00:34:08', 1296),
(31, 'completed_survey', 'conversation', 79, '2025-08-29 10:21:55', '2025-08-29 11:20:28', 3513),
(106, 'completed_survey', 'conversation', 58, '2025-10-24 16:35:17', '2025-10-24 17:28:01', 3164),
(25, 'downloaded_form', 'resource', 56, '2025-09-04 19:43:22', '2025-09-04 20:18:21', 2099),
(55, 'bookmarked_resource', 'form', 57, '2025-07-25 16:48:42', '2025-07-25 17:16:41', 1679),
(94, 'completed_survey', 'form', 40, '2025-10-14 15:14:10', '2025-10-14 16:14:03', 3593),
(72, 'started_chat', 'form', 5, '2025-08-27 02:19:33', '2025-08-27 02:31:42', 729),
(42, 'bookmarked_resource', 'form', 1, '2025-10-15 23:32:06', '2025-10-15 23:54:06', 1320),
(99, 'started_chat', 'resource', 36, '2025-10-15 19:28:50', '2025-10-15 20:01:00', 1930),
(106, 'downloaded_form', 'conversation', 47, '2025-09-18 11:07:29', '2025-09-18 11:30:48', 1399),
(14, 'downloaded_form', 'conversation', 73, '2025-09-20 22:21:15', '2025-09-20 23:02:25', 2470),
(105, 'bookmarked_resource', 'conversation', 77, '2025-09-25 23:16:44', '2025-09-26 00:01:53', 2709),
(94, 'completed_survey', 'resource', 49, '2025-07-03 06:10:13', '2025-07-03 06:24:32', 859),
(84, 'downloaded_form', 'form', 18, '2025-07-26 07:33:00', '2025-07-26 07:47:02', 842),
(40, 'completed_survey', 'survey', 39, '2025-09-25 19:40:30', '2025-09-25 20:14:38', 2048),
(27, 'downloaded_form', 'survey', 8, '2025-10-07 03:09:30', '2025-10-07 03:30:31', 1261),
(89, 'downloaded_form', 'survey', 89, '2025-10-08 15:21:13', '2025-10-08 15:57:14', 2161),
(104, 'downloaded_form', 'resource', 17, '2025-09-25 06:50:47', '2025-09-25 07:13:02', 1335),
(2, 'started_chat', 'conversation', 15, '2025-07-05 07:49:33', '2025-07-05 08:21:21', 1908),
(76, 'started_chat', 'survey', 70, '2025-10-15 21:03:05', '2025-10-15 21:33:28', 1823),
(80, 'viewed_resource', 'conversation', 63, '2025-10-22 03:02:34', '2025-10-22 03:24:10', 1296),
(25, 'started_chat', 'conversation', 38, '2025-08-25 01:12:35', '2025-08-25 01:26:49', 854),
(26, 'bookmarked_resource', 'form', 71, '2025-07-24 07:12:57', '2025-07-24 07:44:58', 1921),
(26, 'downloaded_form', 'form', 88, '2025-09-11 02:37:49', '2025-09-11 03:37:29', 3580),
(44, 'bookmarked_resource', 'survey', 82, '2025-10-30 03:34:39', '2025-10-30 04:27:50', 3191),
(9, 'viewed_resource', 'form', 10, '2025-07-27 23:59:36', '2025-07-28 00:40:07', 2431),
(96, 'started_chat', 'form', 82, '2025-08-11 14:49:00', '2025-08-11 14:53:52', 292),
(31, 'bookmarked_resource', 'survey', 9, '2025-10-02 18:05:04', '2025-10-02 18:42:42', 2258),
(58, 'bookmarked_resource', 'form', 13, '2025-07-18 09:43:08', '2025-07-18 10:04:25', 1277),
(107, 'started_chat', 'resource', 1, '2025-10-28 12:00:00', '2025-10-28 12:23:26', 1406),
(26, 'started_chat', 'resource', 55, '2025-10-16 04:27:13', '2025-10-16 05:13:02', 2749),
(88, 'completed_survey', 'survey', 71, '2025-08-15 21:23:16', '2025-08-15 22:17:20', 3244),
(92, 'completed_survey', 'resource', 66, '2025-10-19 08:37:55', '2025-10-19 09:25:08', 2833),
(30, 'bookmarked_resource', 'form', 72, '2025-10-25 18:58:04', '2025-10-25 19:57:14', 3550),
(53, 'downloaded_form', 'conversation', 30, '2025-08-22 05:17:06', '2025-08-22 06:00:03', 2577),
(71, 'viewed_resource', 'conversation', 57, '2025-10-16 19:27:22', '2025-10-16 19:59:15', 1913),
(92, 'completed_survey', 'form', 1, '2025-10-23 23:37:30', '2025-10-24 00:29:53', 3143),
(80, 'completed_survey', 'survey', 64, '2025-09-12 21:27:39', '2025-09-12 21:30:10', 151),
(102, 'started_chat', 'form', 23, '2025-10-02 10:07:53', '2025-10-02 11:05:14', 3441),
(65, 'downloaded_form', 'resource', 71, '2025-10-05 10:27:33', '2025-10-05 11:08:05', 2432),
(97, 'bookmarked_resource', 'resource', 14, '2025-09-28 07:33:46', '2025-09-28 08:30:43', 3417),
(96, 'downloaded_form', 'conversation', 27, '2025-10-20 05:43:22', '2025-10-20 06:06:04', 1362),
(98, 'bookmarked_resource', 'resource', 8, '2025-10-21 11:58:50', '2025-10-21 12:14:46', 956),
(46, 'downloaded_form', 'conversation', 25, '2025-10-27 12:00:00', '2025-10-27 12:49:18', 2958),
(96, 'bookmarked_resource', 'conversation', 55, '2025-10-06 21:52:41', '2025-10-06 22:17:19', 1478),
(10, 'completed_survey', 'conversation', 46, '2025-10-27 12:00:00', '2025-10-27 12:47:30', 2850),
(57, 'downloaded_form', 'resource', 30, '2025-08-14 22:12:07', '2025-08-14 22:51:09', 2342),
(57, 'started_chat', 'conversation', 67, '2025-10-03 20:51:20', '2025-10-03 20:55:21', 241),
(15, 'bookmarked_resource', 'survey', 36, '2025-07-22 09:41:16', '2025-07-22 10:41:13', 3597),
(100, 'downloaded_form', 'form', 57, '2025-10-28 12:00:00', '2025-10-28 12:57:37', 3457),
(110, 'viewed_resource', 'conversation', 16, '2025-09-18 23:29:23', '2025-09-19 00:04:02', 2079),
(111, 'downloaded_form', 'form', 60, '2025-08-31 11:53:55', '2025-08-31 12:24:43', 1848),
(73, 'started_chat', 'conversation', 59, '2025-10-24 19:11:53', '2025-10-24 20:00:58', 2945),
(91, 'started_chat', 'resource', 79, '2025-10-05 22:38:49', '2025-10-05 22:41:53', 184),
(10, 'downloaded_form', 'resource', 52, '2025-09-24 13:53:50', '2025-09-24 14:38:09', 2659),
(9, 'started_chat', 'survey', 59, '2025-08-31 18:10:25', '2025-08-31 18:17:46', 441),
(18, 'started_chat', 'survey', 14, '2025-10-24 11:52:22', '2025-10-24 12:36:15', 2633),
(97, 'started_chat', 'conversation', 1, '2025-09-24 15:05:51', '2025-09-24 15:32:21', 1590),
(28, 'bookmarked_resource', 'form', 17, '2025-09-06 08:06:36', '2025-09-06 08:16:05', 569),
(83, 'completed_survey', 'conversation', 72, '2025-10-17 20:04:20', '2025-10-17 20:58:23', 3243),
(112, 'viewed_resource', 'conversation', 74, '2025-08-21 10:35:39', '2025-08-21 11:28:25', 3166),
(7, 'bookmarked_resource', 'conversation', 37, '2025-10-17 02:37:53', '2025-10-17 03:35:37', 3464),
(55, 'completed_survey', 'survey', 49, '2025-07-25 00:51:07', '2025-07-25 01:41:35', 3028),
(62, 'bookmarked_resource', 'form', 15, '2025-07-24 22:07:39', '2025-07-24 22:11:22', 223),
(38, 'viewed_resource', 'survey', 67, '2025-09-03 23:31:54', '2025-09-04 00:06:15', 2061),
(28, 'bookmarked_resource', 'conversation', 25, '2025-10-16 21:18:00', '2025-10-16 21:39:29', 1289),
(14, 'viewed_resource', 'resource', 26, '2025-10-23 05:45:45', '2025-10-23 06:29:27', 2622),
(22, 'started_chat', 'conversation', 37, '2025-10-19 15:01:36', '2025-10-19 15:53:21', 3105),
(113, 'started_chat', 'form', 61, '2025-10-27 12:00:00', '2025-10-27 12:04:16', 256),
(100, 'downloaded_form', 'survey', 58, '2025-07-12 13:21:13', '2025-07-12 14:07:46', 2793),
(39, 'downloaded_form', 'conversation', 57, '2025-10-14 13:11:04', '2025-10-14 13:19:06', 482),
(18, 'bookmarked_resource', 'conversation', 2, '2025-08-26 17:38:39', '2025-08-26 18:09:15', 1836),
(80, 'bookmarked_resource', 'resource', 25, '2025-08-29 19:33:59', '2025-08-29 20:01:21', 1642),
(117, 'bookmarked_resource', 'conversation', 49, '2025-09-02 03:50:35', '2025-09-02 04:34:42', 2647),
(81, 'bookmarked_resource', 'survey', 49, '2025-07-17 19:42:16', '2025-07-17 20:39:02', 3406),
(87, 'bookmarked_resource', 'form', 74, '2025-09-14 15:13:54', '2025-09-14 16:04:57', 3063),
(35, 'completed_survey', 'survey', 33, '2025-07-30 23:23:04', '2025-07-30 23:47:39', 1475),
(20, 'bookmarked_resource', 'form', 64, '2025-09-18 06:25:35', '2025-09-18 06:42:58', 1043),
(77, 'bookmarked_resource', 'survey', 6, '2025-10-23 15:24:14', '2025-10-23 16:16:04', 3110),
(57, 'started_chat', 'survey', 2, '2025-09-18 17:07:21', '2025-09-18 17:39:00', 1899);

-- alerts (8)
INSERT INTO alert (user_id, reason, severity, assigned_to, status, created_at, resolved_at) VALUES
(72, 'High anxiety checkins', 'low', 6, 'open', '2025-09-14 06:19:25', NULL),
(43, 'High anxiety checkins', 'high', 3, 'open', '2025-10-16 13:45:19', NULL),
(17, 'Follow-up needed after appointment', 'medium', 3, 'resolved', '2025-10-17 09:55:35', '2025-09-29 23:10:22'),
(70, 'Frequent low mood reported', 'medium', 1, 'open', '2025-07-17 11:03:55', NULL),
(57, 'Frequent low mood reported', 'low', 6, 'in_progress', '2025-09-18 17:47:39', NULL),
(81, 'Crisis indicator: expressed worry', 'low', 6, 'resolved', '2025-08-13 12:35:28', '2025-08-01 14:46:57'),
(16, 'Crisis indicator: expressed worry', 'high', 3, 'in_progress', '2025-10-23 19:13:04', NULL),
(57, 'Frequent low mood reported', 'high', 4, 'open', '2025-08-17 18:23:59', NULL);

-- appointment_log (25)
INSERT INTO appointment_log (user_id, form_type, downloaded_at, remarks) VALUES
(68, 'Authorization Form', '2025-10-15 12:16:20', 'Requested more info'),
(5, 'Consent Form', '2025-07-26 08:33:21', 'Downloaded template'),
(3, 'Consent Form', '2025-10-13 00:46:08', 'Downloaded template'),
(25, 'Intake Form', '2025-09-12 21:46:13', 'Signed and returned'),
(29, 'Consent Form', '2025-10-26 15:53:57', 'Downloaded for appointment'),
(81, 'Intake Form', '2025-10-01 08:00:17', 'Signed and returned'),
(18, 'Consent Form', '2025-10-13 04:33:06', 'Downloaded for appointment'),
(39, 'Authorization Form', '2025-10-17 12:57:18', 'Requested more info'),
(65, 'Authorization Form', '2025-07-13 17:10:09', 'Requested more info'),
(50, 'Intake Form', '2025-10-31 03:58:32', 'Downloaded for appointment'),
(98, 'Followup Form', '2025-10-21 02:06:45', 'Downloaded template'),
(33, 'Consent Form', '2025-10-10 05:37:48', 'Downloaded template'),
(105, 'Intake Form', '2025-07-20 02:53:50', 'Signed and returned'),
(72, 'Intake Form', '2025-10-30 02:10:28', 'Downloaded template'),
(83, 'Authorization Form', '2025-10-15 17:35:18', 'Downloaded template'),
(92, 'Authorization Form', '2025-07-22 13:54:55', 'Requested more info'),
(4, 'Consent Form', '2025-09-19 08:09:11', 'Downloaded template'),
(60, 'Followup Form', '2025-10-19 23:47:33', 'Requested more info'),
(41, 'Authorization Form', '2025-10-13 10:10:17', 'Downloaded for appointment'),
(25, 'Followup Form', '2025-09-18 02:49:29', 'Requested more info'),
(3, 'Intake Form', '2025-07-05 06:22:50', 'Downloaded template'),
(89, 'Consent Form', '2025-08-19 18:10:02', 'Downloaded for appointment'),
(44, 'Intake Form', '2025-09-01 11:53:30', 'Downloaded template'),
(99, 'Authorization Form', '2025-10-21 05:54:06', 'Signed and returned'),
(93, 'Authorization Form', '2025-07-12 14:11:18', 'Signed and returned');

SET FOREIGN_KEY_CHECKS=1;